delta_wave_intensity,theta_wave_intensity,alpha_wave_intensity,beta_wave_intensity,gamma_wave_intensity,delta_wave_entropy,theta_wave_entropy,alpha_wave_entropy,beta_wave_entropy,gamma_wave_entropy,,emotion
0.5,8,13,13,30,0.5,4,8,13,30,,Anger
0.5,4,8,13,30,0.5,4,8,13,30,,Anger
4,4,8,30,31,0.5,8,8,13,30,,Anger
4,8,8,30,30,4,4,13,13,30,,Happy
4,4,8,30,30,4,8,8,13,30,,Anger
0.5,4,8,13,30,0.5,4,8,13,30,,Anger
0.5,8,13,13,30,0.5,8,13,30,30,,Anger
0.5,4,8,13,30,0.5,4,8,13,30,,Anger
0.5,4,8,13,30,0.5,4,8,30,30,,Anger
0.5,4,8,13,45,4,4,13,13,30,,Happy
4,4,8,30,34,2,4,13,30,45,,Anger
0.5,4,13,13,30,0.5,4,8,30,30,,Sad
0.5,4,8,13,30,0.5,4,8,13,30,,Anger
1,4,8,13,30,0.5,8,8,30,30,,Anger
4,4,8,30,30,0.5,4,13,13,30,,Anger
0.5,8,13,13,30,4,4,8,13,45,,Sad
0.5,8,13,13,30,4,4,13,13,30,,Neutral
0.5,4,8,13,34,0.5,4,13,13,30,,Anger
2,4,8,13,45,4,4,13,30,30,,Anger
4,4,8,30,45,4,4,13,30,30,,Anger
0.5,8,13,13,45,0.5,4,8,13,30,,Sad
0.5,8,13,13,30,4,4,8,30,30,,Happy
4,8,13,13,45,4,4,13,13,30,,Neutral
0.5,8,13,13,45,4,4,13,13,45,,Neutral
4,4,8,30,45,4,8,13,30,30,,Anger
0.5,4,8,13,30,4,7,8,13,36,,Anger
4,8,13,13,30,4,8,13,13,30,,Neutral
0.5,4,8,13,30,0.5,4,8,13,30,,Anger
4,4,8,30,45,0.5,8,13,30,30,,Anger
0.5,4,8,13,30,0.5,8,8,13,30,,Anger
0.5,4,8,13,30,0.5,4,8,13,45,,Happy
4,8,13,13,45,0.5,4,13,13,30,,Neutral
0.5,8,13,13,30,0.5,4,13,13,35,,Neutral
4,8,13,30,44,2,4,8,13,30,,Anger
2,8,13,13,30,4,8,13,13,30,,Neutral
0.5,4,8,13,30,0.5,4,8,30,30,,Anger
0.5,4,8,13,30,4,4,8,13,45,,Happy
4,4,8,30,30,0.5,8,8,30,30,,Anger
4,4,13,13,30,0.5,8,8,13,30,,Anger
0.5,4,8,13,30,0.5,4,8,13,30,,Anger
4,8,8,13,30,0.5,4,8,13,30,,Anger
0.5,4,8,13,30,0.5,4,8,13,30,,Anger
2,8,13,13,45,4,8,13,30,30,,Anger
4,4,8,30,30,0.5,4,8,30,45,,Anger
0.5,4,8,13,30,0.5,8,13,30,30,,Anger
0.5,8,13,13,45,4,8,13,30,45,,Anger
0.5,4,8,13,30,0.5,4,8,13,30,,Anger
0.5,8,13,13,30,0.5,4,13,13,45,,Neutral
0.5,4,8,13,45,0.5,4,13,30,30,,Anger
0.5,4,13,13,30,0.5,4,13,13,30,,Neutral
4,4,8,30,30,0.5,8,8,13,30,,Anger
4,8,13,30,30,4,8,8,13,30,,Sad
0.5,8,13,13,30,0.5,4,13,13,30,,Neutral
0.5,8,13,13,45,0.5,4,13,13,45,,Neutral
0.5,4,8,13,30,0.5,4,8,13,30,,Anger
0.5,4,13,13,36,4,8,13,13,30,,Neutral
0.5,4,8,13,30,4,4,13,13,30,,Anger
0.5,8,13,13,30,0.5,8,13,13,45,,Neutral
0.5,8,13,13,30,4,4,13,13,30,,Neutral
0.5,8,8,13,30,4,4,13,13,30,,Happy
4,4,8,30,45,4,4,13,13,30,,Anger
0.5,4,8,13,45,0.5,4,8,13,30,,Anger
0.5,8,13,13,30,4,8,13,25,30,,Happy
0.5,4,8,13,30,4,4,8,13,30,,Happy
0.5,4,8,13,30,0.5,4,8,13,30,,Anger
0.5,8,13,13,30,0.5,5,13,13,30,,Neutral
0.5,8,13,13,37,4,7,13,13,32,,Neutral
4,8,9,30,30,0.5,8,13,30,30,,Anger
4,4,8,13,30,0.5,4,10,13,30,,Anger
0.5,4,8,13,30,0.5,4,8,13,30,,Anger
0.5,4,8,13,30,0.5,4,8,13,30,,Anger
4,4,8,30,30,0.5,8,13,13,30,,Anger
0.5,4,8,13,30,0.5,4,8,13,30,,Anger
0.5,4,8,13,30,0.5,8,13,30,30,,Anger
0.5,6,13,13,30,0.5,8,13,13,45,,Neutral
0.5,8,9,13,30,0.5,4,13,25,30,,Anger
0.5,4,8,13,30,0.5,8,8,13,30,,Anger
0.5,4,8,13,30,0.5,4,8,13,30,,Anger
0.5,4,8,13,30,4,8,13,13,30,,Anger
4,4,8,13,30,0.5,4,8,30,30,,Anger
0.5,8,13,13,30,0.5,4,13,13,30,,Neutral
0.5,4,8,13,30,0.5,4,8,13,30,,Anger
0.5,6,8,13,30,0.5,4,8,13,30,,Anger
4,4,8,27,30,0.5,8,8,13,45,,Anger
0.5,4,8,13,40,0.5,5,13,13,30,,Anger
4,8,13,13,45,0.5,8,13,13,30,,Neutral
0.5,4,8,13,45,0.5,4,8,13,30,,Anger
4,4,8,30,30,1,4,8,13,30,,Anger
0.5,8,8,13,30,4,4,8,13,30,,Happy
0.5,4,8,13,30,4,4,8,13,30,,Happy
4,8,13,30,45,0.5,8,8,14,45,,Anger
4,8,13,30,41,4,4,8,13,30,,Anger
0.5,4,8,13,30,0.5,4,8,13,30,,Anger
0.5,8,13,13,30,0.5,4,13,13,30,,Neutral
4,4,8,13,30,0.5,8,8,22,30,,Anger
0.5,4,8,13,30,4,8,8,17,30,,Anger
0.5,4,8,13,45,0.5,4,13,13,30,,Happy
0.5,8,13,13,30,0.5,4,13,13,30,,Neutral
0.5,8,13,13,30,0.5,4,13,13,30,,Neutral
0.5,8,13,13,30,0.5,8,13,30,30,,Anger
0.5,4,8,13,45,0.5,4,8,13,30,,Anger
0.5,8,13,13,30,0.5,4,8,13,30,,Anger
4,8,13,28,30,0.5,4,13,30,45,,Happy
0.5,8,13,13,39,0.5,4,13,13,30,,Neutral
4,8,13,13,30,0.5,8,13,13,30,,Neutral
0.5,4,8,13,30,4,4,11,30,30,,Anger
4,8,13,30,45,0.5,4,8,13,45,,Anger
0.5,4,8,13,45,4,8,8,30,45,,Anger
4,4,13,30,45,0.5,7,13,29,30,,Sad
0.5,8,13,14,45,4,8,8,30,45,,Anger
0.5,8,8,13,45,0.5,8,13,30,45,,Anger
0.5,4,8,13,30,0.5,4,8,14,30,,Anger
4,8,13,30,45,4,8,13,29,30,,Anger
4,8,13,30,30,0.5,8,13,13,45,,Happy
4,4,8,15,30,4,8,8,13,30,,Happy
4,8,13,29,45,4,8,13,25,30,,Anger
0.5,8,13,13,30,4,4,13,13,30,,Neutral
0.5,8,13,13,30,4,4,8,13,30,,Happy
4,8,13,30,41,4,8,13,30,30,,Anger
0.5,4,8,13,30,0.5,8,8,26,30,,Anger
0.5,4,8,13,45,0.5,8,13,30,30,,Anger
4,8,13,13,30,0.5,8,13,13,30,,Neutral
0.5,8,13,13,45,0.5,4,13,13,30,,Neutral
4,8,13,13,45,0.5,4,8,30,30,,Anger
0.5,8,13,13,30,0.5,4,8,13,45,,Anger
0.5,4,8,13,30,0.5,8,8,13,30,,Anger
0.5,8,8,13,45,4,8,13,30,45,,Anger
0.5,8,13,13,30,0.5,4,13,13,30,,Neutral
0.5,8,13,13,38,0.5,4,8,13,45,,Happy
0.5,4,8,13,44,4,4,8,13,30,,Happy
4,8,13,30,30,0.5,8,13,30,45,,Happy
4,8,13,30,30,4,4,13,13,30,,Sad
0.5,4,8,13,45,0.5,4,8,30,30,,Anger
0.5,8,13,13,30,4,8,13,13,30,,Neutral
4,8,13,25,30,0.5,8,13,19,30,,Sad
0.5,8,13,13,45,4,4,13,13,30,,Neutral
2,8,13,13,30,0.5,4,8,13,30,,Anger
0.5,8,13,13,43,4,8,13,13,45,,Neutral
0.5,4,8,13,30,0.5,8,8,13,30,,Anger
0.5,8,13,13,30,4,8,13,13,45,,Neutral
0.5,8,13,13,45,0.5,4,13,13,33,,Neutral
0.5,8,13,13,36,4,8,13,13,30,,Neutral
4,4,8,30,30,4,8,13,30,30,,Anger
0.5,8,13,13,30,4,4,13,13,30,,Neutral
0.5,8,8,13,30,0.5,4,8,30,30,,Anger
0.5,8,13,13,30,4,8,8,30,30,,Happy
0.5,4,8,13,30,0.5,8,8,30,30,,Anger
0.5,4,8,13,30,0.5,4,13,13,30,,Anger
0.5,8,13,13,30,4,8,13,13,30,,Neutral
4,8,13,20,30,4,8,13,30,30,,Happy
0.5,4,8,13,30,0.5,4,8,13,30,,Anger
0.5,4,8,13,45,4,4,8,30,30,,Anger
0.5,4,8,13,30,0.5,4,8,13,30,,Anger
4,8,8,30,30,4,8,13,30,30,,Anger
4,4,8,14,30,4,8,8,30,30,,Anger
0.5,4,8,13,30,0.5,4,8,13,30,,Anger
0.5,8,13,13,30,0.5,4,13,13,30,,Neutral
0.5,8,13,13,45,4,4,13,13,45,,Neutral
0.5,4,8,13,30,0.5,4,8,13,30,,Anger
4,8,13,30,30,4,4,8,13,30,,Anger
0.5,8,13,13,30,0.5,4,13,13,30,,Neutral
0.5,8,13,13,30,0.5,4,13,13,35,,Neutral
4,8,8,30,45,4,4,13,30,45,,Anger
0.5,4,8,13,30,4,4,8,13,30,,Happy
0.5,4,8,13,30,0.5,4,8,13,30,,Anger
0.5,8,13,13,45,4,4,8,13,30,,Anger
0.5,8,13,13,30,4,4,13,16,30,,Neutral
3,8,12,13,30,0.5,8,13,30,30,,Anger
0.5,8,13,13,30,4,8,13,13,45,,Neutral
0.5,4,8,13,30,0.5,4,8,13,30,,Anger
0.5,8,13,13,30,0.5,4,13,30,45,,Sad
4,8,13,30,30,4,8,8,13,33,,Sad
4,8,8,13,45,0.5,8,8,30,30,,Anger
0.5,8,13,13,30,0.5,4,13,13,30,,Neutral
0.5,4,8,13,30,0.5,8,8,13,30,,Anger
4,8,13,13,43,0.5,4,13,13,45,,Neutral
0.5,8,13,13,30,0.5,4,13,13,30,,Neutral
4,4,8,30,30,0.5,4,8,13,30,,Anger
3,4,8,30,44,4,8,8,13,30,,Anger
0.5,4,8,13,30,0.5,4,13,13,38,,Anger
0.5,8,13,13,45,4,4,13,13,30,,Neutral
0.5,8,13,13,30,4,4,8,13,37,,Happy
4,4,8,30,30,4,4,8,13,30,,Anger
0.5,8,13,13,45,0.5,4,13,13,30,,Neutral
0.5,4,8,24,30,0.5,8,8,22,45,,Anger
4,4,13,19,30,4,4,8,13,30,,Anger
0.5,4,8,13,30,0.5,4,8,13,30,,Anger
4,4,8,30,30,4,8,13,30,30,,Anger
0.5,8,13,13,30,0.5,4,13,13,30,,Neutral
0.5,4,12,13,30,4,4,8,13,30,,Anger
4,4,8,30,30,4,8,8,30,30,,Anger
4,4,8,13,30,0.5,8,13,30,30,,Anger
0.5,8,13,13,36,4,4,8,13,45,,Sad
0.5,8,13,13,45,4,8,8,30,30,,Happy
4,4,8,30,33,4,4,8,13,30,,Anger
0.5,4,8,13,30,0.5,4,8,13,30,,Anger
4,4,8,30,30,4,8,10,13,30,,Anger
4,8,13,30,30,4,8,13,30,41,,Anger
4,8,13,13,30,4,4,9,13,30,,Anger
0.5,8,13,13,30,0.5,4,13,13,30,,Neutral
0.5,4,8,13,30,0.5,4,8,30,30,,Anger
0.5,8,13,13,30,0.5,4,8,13,30,,Anger
4,4,8,30,30,4,8,13,30,30,,Anger
0.5,4,8,13,30,4,4,13,13,45,,Sad
0.5,4,8,13,30,0.5,8,13,13,45,,Sad
4,6,8,30,30,4,8,13,30,45,,Anger
0.5,4,8,13,30,0.5,8,13,30,30,,Anger
0.5,8,13,13,30,0.5,8,13,13,30,,Neutral
4,8,13,13,30,0.5,4,13,13,45,,Neutral
4,4,8,13,30,0.5,4,8,30,30,,Anger
4,4,8,30,30,4,4,8,13,30,,Anger
0.5,4,8,13,30,3,4,8,13,30,,Happy
0.5,8,13,13,36,4,8,13,13,30,,Neutral
0.5,4,13,13,45,4,4,8,13,30,,Sad
4,8,13,30,30,0.5,8,13,13,30,,Sad
0.5,4,8,13,30,0.5,8,8,13,45,,Anger
0.5,4,8,13,30,0.5,4,8,13,30,,Anger
4,8,8,30,41,4,4,13,26,45,,Happy
0.5,4,8,13,45,0.5,8,8,30,30,,Anger
0.5,4,8,13,30,2,8,8,30,45,,Anger
0.5,4,8,13,30,0.5,4,8,13,30,,Anger
0.5,4,8,13,30,4,4,8,30,45,,Anger
0.5,8,13,13,30,4,4,8,13,45,,Sad
0.5,8,13,13,45,0.5,4,13,13,30,,Neutral
0.5,8,13,13,30,0.5,4,13,13,45,,Neutral
4,4,8,18,30,0.5,4,8,13,30,,Anger
4,8,13,13,41,4,8,13,13,30,,Neutral
0.5,8,13,13,30,4,4,13,13,30,,Neutral
4,4,8,30,30,4,8,13,13,45,,Anger
0.5,4,8,13,45,0.5,8,13,13,30,,Anger
0.5,8,13,13,45,0.5,8,13,30,30,,Anger
0.5,8,13,13,30,4,4,13,13,45,,Neutral
4,8,13,30,30,0.5,8,13,30,30,,Sad
0.5,4,8,13,30,0.5,8,8,18,30,,Anger
4,4,8,30,31,4,8,13,30,30,,Anger
4,8,13,30,30,3,4,11,19,30,,Sad
0.5,4,8,13,30,0.5,4,13,13,30,,Anger
0.5,4,8,13,45,0.5,4,8,13,41,,Anger
0.5,4,8,13,30,0.5,4,8,13,30,,Anger
0.5,4,8,13,30,0.5,4,8,25,30,,Anger
0.5,8,13,13,30,4,4,13,13,30,,Neutral
4,8,13,30,30,4,4,13,13,30,,Sad
0.5,8,13,13,30,4,4,8,13,37,,Happy
0.5,8,13,13,30,0.5,8,13,13,30,,Neutral
0.5,8,8,13,30,4,4,8,13,30,,Happy
4,4,8,30,30,0.5,8,8,21,30,,Anger
4,4,8,30,30,4,8,13,13,45,,Anger
0.5,4,8,13,30,0.5,8,13,13,36,,Anger
0.5,4,13,13,30,0.5,4,13,13,45,,Neutral
0.5,4,8,13,31,4,4,13,13,45,,Sad
4,8,13,30,45,4,8,8,19,45,,Anger
0.5,4,8,13,30,3,4,13,13,30,,Anger
4,8,13,13,45,4,4,13,13,30,,Neutral
0.5,4,8,13,30,4,4,8,13,30,,Happy
4,4,8,26,30,3,4,8,13,30,,Anger
0.5,8,13,13,30,4,4,13,13,30,,Neutral
4,4,8,30,45,4,8,13,30,30,,Anger
0.5,4,8,13,30,0.5,4,8,13,30,,Anger
4,8,13,13,30,0.5,4,13,13,30,,Neutral
0.5,8,13,13,30,0.5,4,13,13,45,,Neutral
0.5,4,8,13,30,0.5,4,8,13,30,,Anger
4,8,13,15,30,4,8,8,30,45,,Happy
0.5,4,8,13,30,0.5,4,8,13,30,,Anger
0.5,4,8,13,30,0.5,4,8,13,30,,Anger
0.5,4,13,13,30,0.5,4,13,13,45,,Neutral
0.5,4,8,13,30,4,8,13,30,30,,Anger
0.5,8,13,13,30,0.5,4,13,13,30,,Neutral
0.5,8,13,13,30,4,4,8,13,45,,Sad
0.5,8,13,13,30,0.5,4,8,13,30,,Anger
4,8,13,13,39,4,4,13,13,30,,Neutral
4,8,13,13,38,4,8,13,13,45,,Neutral
0.5,4,8,13,30,4,8,8,13,45,,Anger
4,4,8,21,30,4,8,13,13,30,,Happy
0.5,8,13,13,30,0.5,4,8,13,30,,Anger
4,4,13,30,45,0.5,8,13,13,34,,Sad
3,4,8,13,36,0.5,4,13,13,30,,Anger
4,8,13,13,30,4,8,8,30,45,,Happy
0.5,4,8,13,30,4,8,13,30,45,,Anger
0.5,8,13,13,30,0.5,4,13,13,30,,Neutral
4,8,13,30,30,4,4,11,30,30,,Sad
0.5,8,13,13,45,0.5,8,13,30,45,,Anger
0.5,4,8,13,30,0.5,5,8,23,30,,Anger
0.5,8,13,13,30,0.5,8,13,13,30,,Neutral
4,8,8,30,30,0.5,4,8,13,30,,Anger
0.5,8,13,13,30,0.5,4,13,13,30,,Neutral
4,4,8,25,30,0.5,4,8,13,30,,Anger
4,4,8,13,41,4,4,8,13,30,,Anger
0.5,8,13,13,45,0.5,4,13,13,33,,Neutral
0.5,4,8,13,30,2,4,8,13,30,,Anger
4,4,8,30,30,4,8,13,13,30,,Anger
0.5,8,13,13,30,0.5,4,13,13,30,,Neutral
4,8,13,30,30,0.5,8,13,30,30,,Sad
4,4,8,20,30,4,4,8,13,30,,Happy
0.5,4,13,13,45,4,8,13,13,30,,Neutral
0.5,8,13,13,30,4,8,13,25,30,,Happy
0.5,8,13,13,45,4,8,13,30,30,,Anger
4,8,8,30,45,4,8,13,30,30,,Anger
0.5,8,13,13,30,0.5,8,13,13,30,,Neutral
4,8,13,30,30,0.5,4,8,16,30,,Anger
0.5,8,8,13,30,4,4,8,19,43,,Happy
4,8,13,30,45,0.5,8,8,30,45,,Happy
0.5,8,8,13,45,0.5,4,8,13,30,,Happy
4,4,8,13,45,0.5,8,10,30,45,,Anger
0.5,4,8,13,30,0.5,4,8,13,30,,Anger
0.5,8,13,13,45,0.5,8,8,30,30,,Anger
4,8,13,13,45,0.5,8,13,13,30,,Neutral
0.5,4,8,13,36,0.5,4,8,27,30,,Anger
0.5,8,13,13,30,0.5,4,13,13,30,,Neutral
4,4,8,30,43,4,8,13,30,45,,Anger
0.5,4,8,13,30,0.5,4,8,13,30,,Anger
4,4,8,30,30,4,4,13,30,30,,Anger
4,4,8,30,34,0.5,8,13,28,45,,Anger
0.5,4,8,13,30,0.5,4,8,13,30,,Anger
0.5,8,13,13,30,4,8,13,13,30,,Neutral
4,8,13,30,45,4,4,8,13,30,,Anger
4,4,8,26,30,0.5,8,8,13,30,,Anger
0.5,4,8,13,30,0.5,8,8,13,45,,Anger
4,6,8,13,30,0.5,6,13,13,30,,Anger
0.5,4,8,13,30,0.5,4,8,13,30,,Anger
0.5,4,8,13,30,4,8,8,30,45,,Anger
4,8,13,13,30,4,8,13,29,30,,Anger
0.5,8,13,13,30,0.5,8,13,30,45,,Anger
0.5,8,13,13,30,0.5,4,13,13,30,,Neutral
0.5,4,8,13,30,0.5,4,13,13,30,,Anger
0.5,8,13,13,30,0.5,8,13,13,30,,Neutral
4,4,8,30,45,0.5,4,8,13,30,,Anger
0.5,8,13,13,30,0.5,5,13,13,30,,Neutral
0.5,8,13,13,30,0.5,4,13,13,30,,Neutral
4,8,13,13,45,4,8,13,13,45,,Neutral
4,8,13,13,30,0.5,4,13,13,30,,Neutral
4,8,13,13,30,0.5,4,13,13,30,,Neutral
4,8,13,30,30,0.5,8,8,30,30,,Sad
0.5,8,13,13,30,4,4,13,13,37,,Neutral
4,8,13,30,45,4,8,13,13,30,,Happy
4,4,8,30,30,4,8,8,30,45,,Anger
0.5,4,8,13,45,4,4,8,30,30,,Anger
4,4,8,13,30,4,4,8,13,30,,Happy
0.5,4,8,13,30,1,4,8,13,30,,Anger
4,4,8,30,30,0.5,8,13,13,30,,Anger
0.5,8,13,13,30,0.5,8,13,13,30,,Neutral
0.5,8,13,13,30,0.5,4,13,13,30,,Neutral
4,4,8,13,30,4,4,13,29,30,,Sad
1,4,8,13,38,0.5,4,13,13,30,,Anger
0.5,8,13,13,30,4,4,10,30,45,,Happy
0.5,8,13,13,30,4,4,13,13,45,,Neutral
0.5,8,13,13,45,4,4,10,30,30,,Happy
0.5,4,8,13,30,4,8,8,30,30,,Anger
0.5,8,13,13,45,0.5,8,13,13,30,,Neutral
0.5,8,13,13,45,4,4,13,13,45,,Neutral
0.5,8,13,13,30,0.5,4,8,13,30,,Anger
4,4,8,30,45,0.5,8,13,23,30,,Anger
0.5,6,8,13,45,4,4,8,13,30,,Happy
0.5,8,13,13,45,4,8,13,13,30,,Neutral
0.5,8,13,13,42,0.5,8,13,30,30,,Anger
0.5,4,8,13,30,4,8,8,13,45,,Anger
0.5,4,8,13,30,4,4,8,13,30,,Happy
0.5,4,8,13,45,0.5,4,8,13,30,,Anger
0.5,8,13,13,30,4,4,13,13,45,,Neutral
0.5,8,13,13,30,4,4,13,13,45,,Neutral
0.5,8,13,13,30,2,4,13,13,30,,Neutral
0.5,4,8,13,34,0.5,4,13,30,30,,Anger
4,4,8,30,30,4,4,13,13,30,,Anger
4,4,8,30,30,0.5,4,8,30,45,,Anger
0.5,8,13,13,45,4,8,13,13,30,,Neutral
0.5,8,13,13,30,4,4,13,30,30,,Happy
0.5,4,8,13,45,4,8,13,30,45,,Anger
0.5,4,8,13,30,4,8,8,30,30,,Anger
4,4,8,30,45,0.5,4,8,13,45,,Anger
4,4,8,30,30,4,8,13,30,30,,Anger
0.5,8,13,13,30,3,8,13,13,30,,Neutral
1,8,13,13,45,4,4,13,30,45,,Sad
4,8,13,30,30,0.5,8,13,29,30,,Sad
0.5,4,8,13,30,0.5,8,13,28,45,,Anger
0.5,8,13,13,30,0.5,4,13,13,30,,Neutral
4,8,13,25,30,0.5,8,8,13,35,,Anger
0.5,8,8,13,30,4,8,13,13,45,,Happy
4,4,8,30,30,0.5,8,8,30,45,,Anger
0.5,8,13,13,45,4,8,13,30,30,,Anger
0.5,4,8,13,30,4,8,8,30,30,,Anger
0.5,8,13,13,30,0.5,8,13,13,45,,Neutral
0.5,4,8,13,30,4,8,8,30,45,,Anger
0.5,4,8,13,45,0.5,8,13,30,45,,Anger
0.5,4,8,13,30,0.5,4,8,14,30,,Anger
4,4,13,30,30,4,8,8,30,30,,Sad
0.5,8,13,13,45,0.5,4,13,13,45,,Neutral
0.5,8,13,13,30,0.5,4,13,13,30,,Neutral
0.5,8,13,13,30,0.5,4,13,13,30,,Neutral
0.5,4,8,13,45,4,4,8,13,30,,Happy
0.5,8,13,13,45,4,4,8,13,30,,Anger
0.5,4,8,13,30,4,4,8,13,30,,Happy
2,8,13,13,32,4,8,13,13,36,,Neutral
0.5,4,8,13,30,4,8,13,13,30,,Anger
0.5,4,8,13,30,4,8,8,23,30,,Anger
4,4,8,17,30,0.5,4,8,13,30,,Anger
4,8,13,30,45,4,8,13,24,45,,Anger
0.5,4,13,13,30,4,4,13,13,30,,Neutral
0.5,8,13,13,45,0.5,8,8,13,30,,Sad
0.5,8,13,13,30,4,4,13,13,30,,Neutral
0.5,8,13,13,30,4,4,13,13,30,,Neutral
0.5,4,8,13,45,0.5,4,13,13,30,,Happy
4,4,8,13,30,0.5,8,13,13,30,,Anger
4,8,13,30,30,4,8,8,30,30,,Sad
4,4,8,18,30,4,4,8,13,30,,Happy
0.5,8,13,13,30,0.5,4,13,13,30,,Neutral
0.5,4,8,13,30,0.5,4,8,13,30,,Anger
0.5,4,8,13,30,4,4,8,13,45,,Happy
0.5,4,13,13,30,0.5,8,13,13,45,,Neutral
4,4,8,24,30,0.5,8,8,30,44,,Anger
0.5,8,13,13,30,0.5,4,13,13,30,,Neutral
0.5,4,8,13,30,0.5,4,13,13,30,,Anger
0.5,4,8,13,30,0.5,4,8,30,45,,Happy
4,8,8,30,45,4,8,13,30,30,,Anger
0.5,8,13,13,30,0.5,7,13,13,30,,Neutral
0.5,8,13,13,30,0.5,8,13,13,45,,Neutral
4,8,13,13,30,4,8,8,13,45,,Anger
0.5,8,13,13,45,0.5,4,13,13,33,,Neutral
4,4,8,13,30,4,4,8,13,30,,Happy
4,8,13,13,30,0.5,8,13,13,30,,Neutral
2,4,8,13,30,0.5,4,13,30,30,,Anger
0.5,8,13,13,30,4,8,13,13,30,,Neutral
0.5,4,8,13,45,4,4,8,13,45,,Anger
4,4,8,30,45,0.5,8,13,30,30,,Anger
0.5,4,8,13,36,0.5,4,13,26,30,,Anger
4,4,8,30,30,0.5,6,13,29,30,,Anger
4,8,13,13,30,4,8,13,13,30,,Neutral
0.5,5,8,13,30,4,4,8,13,30,,Happy
0.5,4,8,13,30,0.5,4,8,13,30,,Anger
0.5,8,13,13,30,4,4,13,13,30,,Neutral
0.5,4,8,13,30,0.5,4,8,13,30,,Anger
0.5,8,13,13,30,0.5,4,13,13,30,,Neutral
4,4,8,30,30,4,4,8,13,30,,Anger
0.5,8,13,13,30,4,4,13,30,30,,Happy
4,8,13,30,31,4,8,13,13,45,,Happy
0.5,4,8,13,40,0.5,8,8,30,30,,Anger
4,8,13,30,30,4,8,8,30,30,,Sad
0.5,8,13,13,45,4,4,13,13,30,,Neutral
0.5,8,13,13,30,0.5,4,13,13,30,,Neutral
0.5,8,13,13,30,0.5,8,13,13,30,,Neutral
0.5,8,13,13,45,4,4,13,13,30,,Neutral
0.5,4,8,13,30,3,8,8,13,30,,Anger
0.5,4,8,13,30,0.5,4,8,13,30,,Anger
0.5,4,13,13,45,0.5,4,13,13,30,,Neutral
0.5,8,13,13,45,4,4,13,13,45,,Neutral
0.5,4,13,13,30,0.5,4,13,13,45,,Neutral
0.5,8,13,13,43,0.5,4,8,13,30,,Sad
4,8,13,30,30,0.5,8,13,30,33,,Sad
4,8,13,25,30,0.5,8,13,30,30,,Sad
0.5,8,13,13,45,4,4,8,13,30,,Anger
0.5,8,13,13,45,4,4,13,13,30,,Neutral
0.5,4,13,13,36,4,8,13,13,30,,Neutral
0.5,8,13,13,30,0.5,4,13,13,30,,Neutral
4,8,13,30,30,0.5,8,13,13,45,,Happy
0.5,4,8,13,30,0.5,4,8,13,30,,Anger
4,4,8,13,30,0.5,8,8,30,30,,Anger
4,4,8,13,30,4,4,8,13,30,,Happy
0.5,8,13,13,30,4,8,13,13,45,,Neutral
0.5,8,13,13,45,0.5,8,13,13,30,,Neutral
4,8,13,13,45,0.5,4,13,13,30,,Neutral
4,4,8,30,45,4,8,13,30,30,,Anger
4,4,9,13,44,0.5,8,8,13,30,,Anger
0.5,4,8,13,30,0.5,4,8,13,30,,Anger
0.5,8,13,13,30,0.5,4,13,13,45,,Neutral
0.5,4,8,13,30,4,4,8,13,30,,Happy
0.5,4,8,13,30,4,4,8,13,30,,Happy
0.5,8,13,13,30,0.5,8,13,30,30,,Anger
0.5,4,8,13,45,0.5,4,13,13,30,,Happy
0.5,8,13,13,45,4,8,13,13,30,,Neutral
4,8,13,13,30,0.5,8,13,13,30,,Neutral
4,4,8,30,45,0.5,4,8,13,30,,Anger
0.5,8,13,13,30,4,8,13,13,30,,Neutral
4,8,13,30,39,0.5,4,8,13,30,,Anger
4,4,10,30,45,4,4,13,13,30,,Happy
4,8,13,30,44,4,8,8,30,45,,Anger
4,4,8,20,30,0.5,8,13,30,30,,Anger
0.5,4,8,13,30,4,8,8,13,45,,Anger
4,4,8,30,30,4,8,8,30,30,,Anger
4,4,13,30,30,4,4,8,13,45,,Anger
0.5,8,13,13,30,4,8,8,13,38,,Happy
4,8,13,30,45,0.5,8,13,30,43,,Happy
0.5,4,8,13,30,0.5,4,8,13,30,,Anger
0.5,4,8,13,30,4,4,8,13,30,,Happy
4,8,13,30,30,4,8,13,30,44,,Anger
0.5,4,8,13,30,4,8,8,13,30,,Anger
0.5,8,13,13,30,0.5,4,13,13,34,,Neutral
0.5,4,13,13,30,0.5,8,13,13,30,,Neutral
0.5,8,10,13,30,0.5,4,8,13,30,,Anger
0.5,8,13,13,45,4,4,13,13,45,,Neutral
0.5,8,13,13,30,0.5,4,13,13,30,,Neutral
4,8,13,30,30,4,4,8,13,30,,Anger
0.5,4,8,13,30,0.5,7,8,30,30,,Anger
0.5,4,8,13,30,0.5,4,8,13,30,,Anger
4,4,8,30,45,0.5,8,13,30,45,,Anger
4,4,8,14,30,0.5,8,13,30,45,,Anger
4,8,13,13,45,4,4,13,13,30,,Neutral
0.5,4,8,13,30,0.5,4,13,13,30,,Anger
4,4,8,30,36,0.5,8,8,13,30,,Anger
0.5,4,8,13,30,0.5,4,8,13,30,,Anger
0.5,4,8,13,30,0.5,4,8,30,30,,Anger
4,4,8,30,30,4,4,8,30,30,,Anger
0.5,4,8,13,30,0.5,4,8,13,36,,Anger
4,8,13,30,45,0.5,4,13,13,45,,Sad
4,4,8,30,45,4,8,8,13,45,,Anger
4,4,8,30,30,4,8,8,13,32,,Anger
0.5,4,8,13,30,0.5,4,8,13,30,,Anger
3,8,13,13,45,0.5,8,13,30,30,,Happy
0.5,4,8,13,30,0.5,4,8,13,30,,Anger
0.5,8,13,13,45,4,8,13,13,30,,Neutral
0.5,4,8,13,30,0.5,8,8,30,30,,Anger
4,4,8,30,36,4,4,13,13,30,,Anger
4,4,8,24,30,0.5,4,13,13,45,,Anger
4,8,13,30,30,0.5,4,8,13,30,,Anger
4,8,13,30,30,0.5,4,8,13,30,,Anger
0.5,8,13,13,45,4,4,10,30,30,,Happy
4,4,8,13,30,0.5,4,8,13,30,,Anger
0.5,4,8,13,45,0.5,4,8,13,36,,Anger
4,4,8,13,30,4,8,13,13,45,,Happy
0.5,8,13,13,30,0.5,4,8,13,37,,Anger
0.5,4,8,13,30,0.5,4,8,13,30,,Anger
4,8,13,30,30,4,8,13,27,45,,Anger
1,4,8,13,45,4,4,8,13,32,,Anger
0.5,4,8,13,30,0.5,4,13,22,30,,Anger
0.5,8,13,13,45,0.5,4,8,13,30,,Sad
4,4,8,30,30,4,6,13,13,30,,Anger
0.5,4,8,13,30,4,4,8,13,41,,Happy
4,4,8,13,30,4,4,8,30,30,,Happy
0.5,8,13,13,30,4,4,8,13,30,,Happy
4,4,8,30,45,0.5,8,13,30,30,,Anger
4,8,13,13,30,0.5,8,13,13,45,,Neutral
4,8,13,13,30,0.5,4,13,13,45,,Neutral
4,4,8,30,30,4,4,13,30,30,,Anger
0.5,8,13,13,30,4,8,13,13,30,,Neutral
4,8,13,13,45,4,4,13,13,30,,Neutral
4,8,13,30,45,4,8,13,13,45,,Happy
4,8,13,30,43,4,8,13,30,30,,Anger
0.5,8,13,13,45,4,4,13,13,30,,Neutral
4,4,8,30,30,0.5,8,8,13,30,,Anger
4,4,8,30,30,3,8,10,29,30,,Anger
0.5,4,8,13,30,0.5,4,13,13,30,,Anger
0.5,8,13,13,45,0.5,4,13,13,45,,Neutral
0.5,8,8,13,30,0.5,4,8,13,45,,Happy
0.5,4,8,13,30,4,8,8,13,30,,Anger
0.5,8,13,13,30,4,8,13,13,45,,Neutral
0.5,4,8,13,30,0.5,4,8,13,30,,Anger
0.5,8,13,13,45,4,8,13,13,30,,Neutral
0.5,8,13,13,30,4,8,13,13,45,,Neutral
0.5,4,8,13,45,4,8,8,13,30,,Anger
0.5,8,13,13,45,4,8,13,30,45,,Anger
0.5,7,8,13,30,4,6,8,30,30,,Happy
0.5,8,13,13,45,4,8,13,30,45,,Anger
4,4,8,30,30,4,8,13,13,45,,Anger
4,8,13,13,30,0.5,8,13,13,30,,Neutral
4,4,8,30,30,4,8,10,13,30,,Anger
0.5,4,13,13,30,4,4,13,13,30,,Neutral
0.5,4,8,13,30,4,8,13,13,45,,Sad
4,8,13,30,45,0.5,8,13,30,30,,Sad
0.5,8,13,13,30,0.5,4,13,13,45,,Neutral
0.5,4,8,13,45,0.5,4,8,30,30,,Anger
0.5,4,8,13,45,4,4,13,13,30,,Happy
0.5,8,13,13,30,4,8,9,13,30,,Happy
4,8,13,30,45,4,8,13,13,45,,Happy
0.5,8,13,13,30,0.5,8,13,13,30,,Neutral
0.5,8,13,13,30,0.5,8,8,30,30,,Sad
1,8,13,13,30,4,4,13,17,45,,Neutral
4,8,13,13,42,4,4,13,13,30,,Neutral
0.5,8,13,13,30,4,4,13,13,30,,Neutral
0.5,8,13,13,45,4,4,13,13,30,,Neutral
4,8,11,30,45,4,8,13,30,45,,Anger
4,8,13,30,30,0.5,8,13,30,45,,Happy
4,8,13,24,30,4,4,13,13,45,,Sad
4,4,8,30,30,0.5,8,13,30,44,,Anger
0.5,6,8,13,30,2,4,8,13,30,,Happy
4,8,13,30,45,0.5,8,13,13,30,,Sad
4,4,8,30,45,4,8,8,30,30,,Anger
0.5,4,8,13,30,0.5,4,8,13,30,,Anger
0.5,8,13,13,30,4,4,13,13,30,,Neutral
0.5,8,13,13,30,0.5,4,8,13,30,,Anger
0.5,4,8,13,30,0.5,8,8,13,30,,Anger
0.5,4,8,13,30,0.5,4,8,13,30,,Anger
0.5,4,8,13,30,0.5,8,8,30,30,,Anger
4,8,13,13,30,4,4,13,30,30,,Anger
4,8,13,30,45,4,8,8,30,45,,Anger
0.5,8,8,13,30,0.5,4,8,13,32,,Happy
0.5,5,8,13,45,0.5,4,8,13,30,,Anger
4,8,13,13,30,0.5,4,11,13,30,,Anger
4,8,13,26,30,4,8,13,13,30,,Sad
0.5,8,13,13,30,0.5,4,13,13,30,,Neutral
4,8,13,30,30,4,4,8,13,30,,Anger
0.5,8,13,13,30,0.5,4,13,13,45,,Neutral
4,8,13,13,30,4,4,8,30,30,,Happy
0.5,4,8,13,30,4,4,13,13,45,,Sad
0.5,4,8,13,30,0.5,4,8,13,30,,Anger
0.5,4,8,13,30,4,4,13,30,30,,Anger
4,8,13,30,30,4,8,13,30,45,,Anger
0.5,8,13,13,30,0.5,4,8,13,30,,Anger
4,8,13,30,30,3,8,13,30,45,,Anger
0.5,4,8,13,30,4,8,13,13,45,,Sad
0.5,8,13,13,30,4,4,13,13,30,,Neutral
0.5,8,13,13,30,0.5,4,13,13,30,,Neutral
0.5,8,13,13,30,0.5,4,8,13,45,,Anger
0.5,8,13,13,30,0.5,4,13,13,30,,Neutral
0.5,4,8,13,30,0.5,4,8,13,30,,Anger
4,8,13,30,30,4,4,8,13,30,,Anger
4,8,13,30,45,0.5,4,13,13,30,,Sad
4,8,13,30,45,0.5,8,13,13,45,,Sad
0.5,8,13,13,30,4,8,13,13,45,,Neutral
4,4,8,30,30,0.5,8,13,30,45,,Anger
4,8,11,30,30,2,8,8,27,30,,Sad
0.5,4,8,13,30,4,4,13,13,30,,Anger
4,4,8,13,30,0.5,4,8,13,45,,Anger
0.5,8,13,13,30,4,8,13,13,30,,Neutral
0.5,8,13,13,30,0.5,4,13,13,30,,Neutral
0.5,8,13,13,30,0.5,8,13,13,44,,Neutral
4,8,13,30,30,0.5,4,8,13,30,,Anger
0.5,4,8,13,30,0.5,4,8,13,30,,Anger
4,8,13,30,30,0.5,8,13,30,30,,Sad
0.5,8,13,13,36,4,8,13,13,30,,Neutral
0.5,4,8,13,45,4,8,8,30,45,,Anger
2,8,13,13,30,4,8,13,13,42,,Neutral
1,4,8,13,45,4,4,8,13,32,,Anger
0.5,4,8,13,30,0.5,8,8,13,30,,Anger
0.5,8,13,13,30,0.5,4,8,13,40,,Anger
0.5,8,13,13,30,4,4,13,13,45,,Neutral
4,8,13,30,30,4,4,8,13,30,,Anger
0.5,8,13,13,30,4,8,13,13,30,,Neutral
0.5,8,13,13,45,4,4,8,13,35,,Anger
0.5,4,8,13,45,0.5,4,8,13,43,,Anger
4,4,8,30,30,4,4,13,13,30,,Anger
4,8,13,13,30,0.5,4,13,13,30,,Neutral
4,8,13,30,30,4,4,13,13,45,,Sad
0.5,4,8,13,30,4,4,13,13,30,,Anger
0.5,8,13,13,30,4,8,13,13,30,,Neutral
0.5,4,8,13,30,0.5,4,8,13,30,,Anger
4,4,8,30,45,0.5,4,13,13,30,,Anger
0.5,8,13,13,30,4,4,13,13,30,,Neutral
0.5,8,13,13,45,0.5,8,13,30,30,,Anger
0.5,4,8,13,30,0.5,4,8,13,30,,Anger
0.5,4,13,13,30,4,4,13,13,30,,Neutral
4,4,8,13,30,4,8,8,30,30,,Anger
4,8,13,30,30,0.5,4,8,13,30,,Anger
4,4,13,30,30,4,4,13,13,30,,Anger
4,4,8,30,39,0.5,8,13,30,30,,Anger
4,8,13,30,30,0.5,8,8,13,30,,Anger
4,8,13,30,30,0.5,8,8,30,45,,Sad
0.5,8,13,13,45,4,4,13,13,30,,Neutral
0.5,8,13,13,45,0.5,4,13,13,30,,Neutral
0.5,8,13,13,30,0.5,4,13,13,35,,Neutral
4,4,8,25,30,0.5,8,11,18,30,,Anger
0.5,4,8,13,30,0.5,4,8,13,36,,Anger
4,8,13,30,30,4,8,13,30,30,,Sad
4,8,13,30,45,4,8,13,30,45,,Anger
0.5,8,13,13,40,4,8,13,13,33,,Neutral
0.5,4,8,13,30,0.5,4,8,13,30,,Anger
0.5,8,13,13,39,0.5,4,13,13,30,,Neutral
4,8,13,30,30,0.5,8,8,13,30,,Anger
0.5,4,8,13,30,4,8,13,13,45,,Sad
0.5,4,8,13,30,4,4,13,13,30,,Anger
0.5,8,13,13,30,4,4,8,13,45,,Sad
0.5,4,8,13,30,0.5,8,8,30,30,,Anger
4,4,8,30,30,0.5,8,11,13,30,,Anger
1,8,8,21,30,4,4,8,13,30,,Happy
0.5,8,13,13,30,4,4,8,13,30,,Happy
4,4,8,30,30,0.5,4,8,13,45,,Anger
4,8,8,30,45,0.5,8,13,13,33,,Happy
0.5,8,13,13,30,0.5,8,8,13,45,,Anger
4,8,13,13,30,4,8,8,13,45,,Anger
0.5,8,13,13,45,4,8,8,30,30,,Happy
0.5,8,13,13,30,4,4,13,13,30,,Neutral
0.5,4,8,13,30,0.5,4,8,30,30,,Anger
4,4,8,28,30,0.5,4,8,13,30,,Anger
4,4,8,30,45,0.5,8,13,29,45,,Anger
0.5,8,13,13,45,4,8,13,13,30,,Neutral
0.5,8,13,13,34,4,8,8,30,30,,Happy
0.5,4,8,13,45,4,4,8,13,45,,Anger
0.5,4,8,13,30,0.5,4,8,13,45,,Happy
0.5,4,8,13,30,4,8,13,30,30,,Anger
4,4,8,22,30,4,4,8,13,30,,Anger
4,4,8,30,30,4,4,11,13,30,,Anger
0.5,4,8,13,30,4,8,13,13,30,,Anger
4,8,13,30,45,4,8,13,30,30,,Anger
0.5,4,8,13,45,4,4,8,13,30,,Happy
0.5,8,13,13,30,2,4,13,13,30,,Neutral
4,8,13,13,30,4,8,13,13,44,,Neutral
0.5,8,13,13,45,4,4,13,13,30,,Neutral
4,8,13,30,30,0.5,4,8,13,32,,Anger
4,8,13,30,30,0.5,8,13,30,30,,Sad
0.5,8,13,13,30,0.5,4,13,13,30,,Neutral
0.5,8,13,13,30,4,4,13,13,30,,Neutral
0.5,8,8,13,30,0.5,4,8,13,45,,Happy
4,4,8,25,45,4,4,8,30,45,,Anger
0.5,4,13,13,30,4,8,8,13,45,,Sad
4,8,13,29,30,0.5,8,8,30,30,,Sad
0.5,8,13,13,30,0.5,8,13,13,30,,Neutral
0.5,8,13,13,43,4,8,13,13,45,,Neutral
4,4,8,23,30,4,4,8,13,30,,Anger
0.5,8,13,13,30,3,8,13,13,30,,Neutral
0.5,8,13,13,30,4,4,13,13,37,,Neutral
4,8,13,13,33,4,8,13,30,30,,Anger
0.5,8,13,13,45,4,4,13,13,30,,Neutral
4,8,13,30,30,0.5,4,13,13,30,,Anger
0.5,8,13,13,30,0.5,8,13,13,30,,Neutral
3,8,13,18,30,1,4,8,13,45,,Anger
0.5,4,8,13,30,2,4,8,13,30,,Anger
0.5,8,13,13,30,4,4,13,13,30,,Neutral
4,8,13,13,30,0.5,4,13,13,45,,Neutral
0.5,8,13,13,38,0.5,4,8,13,45,,Happy
0.5,8,13,13,30,4,4,13,13,37,,Neutral
4,6,8,13,30,0.5,8,8,13,30,,Anger
4,8,13,30,45,0.5,8,8,13,30,,Sad
0.5,8,13,13,45,0.5,4,13,13,45,,Neutral
4,4,8,18,45,4,8,13,30,30,,Anger
4,8,13,30,45,4,8,13,30,45,,Anger
0.5,8,13,13,30,0.5,4,13,13,30,,Neutral
4,4,8,30,30,0.5,4,8,13,30,,Anger
0.5,8,13,13,30,0.5,4,13,13,45,,Neutral
0.5,4,8,13,30,4,4,8,13,30,,Happy
4,8,13,13,30,4,4,13,30,32,,Anger
0.5,6,8,13,30,4,4,8,30,30,,Happy
4,4,8,13,30,4,8,13,23,30,,Sad
4,8,13,20,30,4,8,13,30,30,,Happy
0.5,4,8,13,30,0.5,4,8,13,30,,Anger
0.5,8,13,13,30,0.5,8,13,30,45,,Anger
4,4,8,30,45,0.5,8,13,13,45,,Anger
0.5,8,13,13,30,0.5,4,13,13,30,,Neutral
0.5,8,13,13,30,4,4,13,13,30,,Neutral
0.5,4,8,13,30,0.5,4,8,13,30,,Anger
0.5,4,8,13,30,0.5,4,9,13,30,,Anger
0.5,4,8,13,30,4,4,8,13,30,,Happy
0.5,4,8,13,30,4,8,8,30,45,,Anger
0.5,4,8,13,30,4,4,13,13,30,,Anger
4,4,8,29,30,4,4,13,13,30,,Anger
0.5,4,13,13,45,4,4,8,30,45,,Anger
4,8,8,19,30,0.5,8,8,13,30,,Anger
0.5,4,8,13,30,0.5,4,13,13,30,,Anger
0.5,8,13,13,31,0.5,4,13,13,30,,Neutral
4,8,13,30,30,4,4,13,13,45,,Sad
0.5,4,8,13,30,0.5,8,8,30,30,,Anger
0.5,8,13,13,30,0.5,8,8,30,45,,Sad
0.5,4,8,13,37,0.5,4,8,22,30,,Anger
0.5,8,13,13,45,0.5,4,13,13,45,,Neutral
0.5,8,13,13,45,0.5,4,13,30,30,,Sad
0.5,8,13,13,45,4,4,13,13,30,,Neutral
0.5,8,13,13,30,4,4,8,13,30,,Happy
0.5,8,13,13,45,4,4,13,13,30,,Neutral
0.5,4,8,13,30,0.5,8,8,30,30,,Anger
4,4,8,30,30,4,8,13,15,30,,Anger
0.5,4,8,13,30,4,4,8,13,30,,Happy
0.5,8,13,13,37,4,4,8,13,45,,Happy
0.5,4,8,13,30,4,4,13,30,30,,Anger
4,4,8,23,30,0.5,4,8,13,38,,Anger
4,8,13,30,30,4,8,13,13,45,,Happy
4,8,13,30,30,0.5,8,13,30,30,,Sad
0.5,4,8,13,45,4,4,8,30,30,,Anger
4,4,8,30,30,4,4,13,13,45,,Anger
4,4,8,30,30,0.5,4,8,13,45,,Anger
4,8,13,30,45,4,8,8,13,44,,Anger
4,8,13,13,30,0.5,8,13,13,30,,Neutral
0.5,8,13,13,45,4,4,13,13,30,,Neutral
4,8,13,30,34,4,6,8,17,35,,Sad
4,4,8,13,30,4,4,13,13,30,,Happy
0.5,4,8,13,45,0.5,8,13,30,30,,Anger
4,4,8,30,45,0.5,8,13,25,30,,Anger
0.5,4,8,13,30,4,8,13,13,45,,Sad
0.5,8,13,13,30,4,4,13,13,30,,Neutral
0.5,8,13,13,30,0.5,8,13,13,30,,Neutral
0.5,8,13,13,45,4,8,13,30,45,,Anger
0.5,8,13,13,45,0.5,4,13,13,30,,Neutral
0.5,4,8,13,30,4,4,13,13,30,,Anger
4,8,13,30,32,0.5,8,13,13,30,,Anger
0.5,4,8,13,30,4,4,8,13,30,,Happy
0.5,4,8,13,30,2,8,8,13,30,,Anger
0.5,8,13,13,45,4,4,13,13,30,,Neutral
3,8,13,13,30,4,4,13,13,30,,Neutral
0.5,8,13,13,30,0.5,4,8,13,30,,Anger
4,8,13,16,30,0.5,8,13,13,30,,Sad
0.5,8,13,13,45,4,8,13,13,45,,Neutral
0.5,8,13,13,45,4,4,8,13,30,,Anger
4,4,11,13,30,2,8,8,30,30,,Sad
4,4,8,30,30,4,8,13,13,30,,Anger
0.5,4,13,13,30,0.5,8,13,13,45,,Neutral
0.5,8,13,13,30,4,8,13,13,45,,Neutral
0.5,8,13,13,30,0.5,4,13,13,30,,Neutral
4,4,8,30,30,1,8,8,13,30,,Anger
0.5,8,13,13,30,0.5,4,13,13,30,,Neutral
0.5,8,13,13,30,0.5,4,13,13,30,,Neutral
0.5,8,13,13,30,4,8,13,13,30,,Neutral
4,8,8,30,30,4,4,13,13,30,,Happy
4,8,13,30,30,0.5,8,8,13,45,,Anger
4,4,8,30,30,4,8,8,22,30,,Anger
0.5,4,8,13,30,0.5,4,8,13,30,,Anger
1,6,8,13,30,0.5,4,8,13,30,,Anger
0.5,4,8,13,30,4,8,8,30,30,,Anger
0.5,4,8,13,30,0.5,4,8,13,30,,Anger
0.5,8,13,13,45,4,4,13,13,34,,Neutral
0.5,4,8,13,30,0.5,8,8,25,30,,Anger
0.5,4,8,13,31,0.5,8,13,13,30,,Anger
4,8,13,30,30,0.5,8,8,30,30,,Sad
0.5,8,13,13,30,4,4,8,13,33,,Happy
4,8,13,13,30,0.5,8,13,13,30,,Neutral
0.5,8,13,13,30,4,8,13,13,30,,Neutral
4,8,13,30,35,4,4,13,30,30,,Sad
4,8,13,13,30,0.5,8,13,13,30,,Neutral
1,4,8,13,30,4,4,10,13,30,,Happy
4,4,8,30,45,4,5,13,18,30,,Happy
0.5,4,8,13,30,4,8,13,30,30,,Anger
4,8,13,23,30,0.5,8,13,26,45,,Sad
4,4,8,13,45,4,4,8,13,30,,Anger
4,8,13,13,30,0.5,4,8,13,30,,Anger
1,8,13,13,30,0.5,4,8,13,30,,Anger
0.5,4,8,13,30,0.5,4,8,13,30,,Anger
4,8,13,30,45,0.5,4,13,13,30,,Sad
4,8,13,15,30,0.5,4,13,13,30,,Sad
0.5,4,8,13,30,0.5,4,8,13,30,,Anger
4,8,13,30,45,4,4,8,30,45,,Happy
0.5,4,8,13,30,0.5,4,13,13,30,,Anger
4,8,13,13,45,0.5,8,13,13,30,,Neutral
4,4,8,19,30,0.5,8,13,13,30,,Anger
0.5,8,13,13,30,2,4,13,13,30,,Neutral
0.5,4,13,13,30,4,4,13,13,30,,Neutral
0.5,8,13,13,45,4,8,13,13,30,,Neutral
0.5,8,13,13,30,2,4,13,13,30,,Neutral
0.5,4,8,13,30,0.5,8,13,30,30,,Anger
4,4,8,30,45,0.5,4,8,13,30,,Anger
0.5,4,8,13,45,0.5,4,8,13,30,,Anger
4,4,8,14,30,0.5,4,8,13,30,,Anger
0.5,4,8,13,30,4,4,8,30,45,,Anger
3,4,8,30,44,4,8,8,13,30,,Anger
4,8,13,30,30,4,4,12,13,30,,Sad
0.5,8,13,13,30,4,4,13,13,30,,Neutral
0.5,8,13,13,30,4,8,13,13,45,,Neutral
4,4,8,30,30,4,8,8,30,30,,Anger
4,8,13,30,45,4,8,13,13,45,,Happy
0.5,6,8,13,30,0.5,4,8,13,30,,Anger
0.5,8,13,13,45,4,4,13,13,30,,Neutral
0.5,4,8,13,30,4,4,8,13,30,,Happy
0.5,4,8,13,30,0.5,4,8,15,30,,Anger
4,8,13,30,30,4,8,13,26,30,,Sad
0.5,4,8,13,30,4,4,8,13,30,,Happy
4,8,13,30,30,0.5,4,8,13,30,,Anger
0.5,4,8,13,30,0.5,4,8,13,30,,Anger
0.5,8,13,13,30,4,4,8,16,45,,Sad
0.5,4,8,13,30,0.5,4,13,13,30,,Anger
0.5,4,8,13,30,3,4,8,30,30,,Anger
0.5,8,13,13,30,0.5,8,13,13,30,,Neutral
4,8,13,30,45,0.5,4,13,13,45,,Sad
0.5,8,13,13,45,0.5,8,13,13,45,,Neutral
0.5,4,8,13,30,0.5,4,8,30,30,,Anger
0.5,4,8,13,30,0.5,4,8,13,40,,Happy
4,4,8,22,30,0.5,4,8,13,30,,Anger
4,4,8,30,30,4,4,13,13,30,,Anger
0.5,8,13,13,30,0.5,8,8,30,45,,Sad
0.5,4,8,13,30,0.5,4,8,13,30,,Anger
4,4,8,30,30,0.5,8,13,13,45,,Anger
0.5,8,13,13,30,0.5,8,8,13,45,,Anger
4,4,8,30,30,0.5,4,8,13,30,,Anger
0.5,4,8,13,30,0.5,4,8,13,30,,Anger
0.5,8,13,13,30,4,4,8,30,30,,Happy
4,4,8,30,45,0.5,4,8,30,40,,Anger
0.5,4,8,13,43,4,4,13,13,30,,Happy
4,8,13,30,30,4,8,8,30,30,,Sad
4,8,13,29,41,4,8,8,30,30,,Happy
4,8,8,30,30,0.5,4,8,13,30,,Anger
0.5,8,13,13,45,4,8,13,13,30,,Neutral
4,4,8,30,45,4,8,13,30,45,,Anger
4,8,13,13,45,4,4,13,13,30,,Neutral
0.5,4,8,13,30,3,4,8,13,30,,Happy
4,8,13,30,30,0.5,8,13,13,30,,Sad
0.5,4,8,13,30,0.5,4,13,13,30,,Anger
4,4,8,13,30,1,4,8,13,30,,Anger
0.5,8,13,13,30,0.5,4,13,13,30,,Neutral
4,4,8,13,30,4,4,13,29,30,,Sad
0.5,8,13,13,30,0.5,4,13,30,45,,Sad
0.5,4,13,13,30,0.5,8,13,13,30,,Neutral
0.5,7,13,13,30,4,8,13,30,45,,Anger
4,4,8,21,30,0.5,4,8,13,30,,Anger
0.5,8,13,13,45,4,8,13,13,30,,Neutral
4,8,13,30,45,4,8,13,28,39,,Anger
0.5,8,13,13,45,0.5,4,13,13,30,,Neutral
0.5,4,8,13,30,4,4,8,13,30,,Happy
0.5,4,8,13,30,0.5,4,8,13,30,,Anger
0.5,8,13,13,30,0.5,4,8,13,35,,Anger
0.5,8,13,13,30,0.5,4,8,13,30,,Anger
4,8,13,13,30,0.5,4,8,13,30,,Anger
0.5,8,13,13,30,0.5,4,13,13,30,,Neutral
0.5,8,13,13,30,0.5,8,13,13,30,,Neutral
0.5,4,8,13,30,4,8,8,13,30,,Anger
0.5,4,8,13,30,0.5,4,8,13,30,,Anger
0.5,4,8,13,45,4,4,8,13,30,,Happy
4,4,8,30,43,4,8,13,13,30,,Happy
4,8,13,30,45,0.5,4,8,13,30,,Anger
4,8,8,30,45,4,4,8,30,40,,Anger
0.5,4,8,13,30,4,4,8,13,30,,Happy
0.5,8,13,13,30,1,8,8,13,30,,Anger
0.5,4,8,13,30,0.5,8,13,15,40,,Anger
4,4,8,29,30,4,4,8,13,30,,Anger
4,8,13,30,45,0.5,8,13,13,45,,Sad
0.5,4,8,13,30,0.5,8,13,26,45,,Anger
4,4,13,13,30,4,4,13,13,40,,Neutral
0.5,4,8,13,30,0.5,4,13,13,45,,Happy
0.5,4,8,13,45,0.5,4,8,30,30,,Anger
4,8,13,30,30,4,4,12,13,30,,Sad
0.5,4,8,13,30,0.5,4,8,13,30,,Anger
0.5,8,13,13,30,4,4,8,13,45,,Sad
4,8,13,30,30,4,4,8,30,30,,Sad
0.5,4,13,13,30,4,4,13,13,45,,Neutral
4,8,13,30,30,0.5,4,8,13,32,,Anger
4,4,8,28,30,4,4,8,13,30,,Anger
0.5,4,8,13,45,0.5,8,13,30,45,,Anger
4,7,8,30,30,0.5,4,8,13,30,,Anger
0.5,4,8,13,30,4,8,8,13,30,,Anger
0.5,4,8,13,30,0.5,8,13,22,30,,Anger
4,4,8,30,45,0.5,8,13,18,30,,Anger
4,8,13,30,30,0.5,4,8,13,30,,Anger
4,4,8,27,30,4,8,13,28,30,,Anger
0.5,8,13,13,30,0.5,8,13,13,30,,Neutral
4,6,13,30,30,0.5,4,8,30,30,,Sad
4,8,13,16,30,0.5,4,13,13,30,,Sad
4,8,13,30,30,4,8,13,30,45,,Anger
0.5,8,13,13,30,0.5,4,13,13,30,,Neutral
0.5,4,8,13,30,4,8,13,30,37,,Anger
2,8,13,13,41,0.5,8,13,30,45,,Happy
4,8,13,30,30,0.5,8,13,30,45,,Happy
0.5,4,8,13,30,0.5,4,8,13,30,,Anger
0.5,4,8,13,30,0.5,8,8,13,30,,Anger
0.5,4,8,13,30,0.5,4,8,23,30,,Anger
0.5,8,8,30,40,0.5,8,13,30,30,,Anger
0.5,4,8,13,45,4,4,8,13,31,,Happy
4,4,8,13,45,4,8,13,30,45,,Anger
0.5,4,8,13,45,0.5,4,8,13,30,,Anger
4,4,8,30,30,4,4,8,13,30,,Anger
0.5,4,8,13,30,0.5,4,8,13,30,,Anger
4,8,13,13,45,0.5,4,13,13,30,,Neutral
4,8,13,30,30,0.5,4,10,13,45,,Anger
0.5,8,13,13,37,4,8,13,13,45,,Neutral
0.5,4,8,13,30,4,4,8,30,30,,Happy
0.5,8,13,13,30,0.5,4,13,13,30,,Neutral
0.5,4,8,13,30,0.5,8,8,30,30,,Anger
0.5,4,8,13,45,4,8,8,13,30,,Anger
0.5,8,13,13,45,4,8,13,13,30,,Neutral
0.5,4,8,13,30,0.5,6,8,13,30,,Anger
0.5,8,13,13,30,0.5,4,13,13,30,,Neutral
0.5,8,13,13,30,0.5,4,13,13,30,,Neutral
4,8,13,30,30,0.5,8,13,30,43,,Happy
0.5,8,13,13,45,4,8,13,23,36,,Anger
0.5,4,8,13,30,4,4,10,13,30,,Happy
0.5,8,13,13,30,4,8,13,13,30,,Neutral
0.5,8,13,13,45,4,4,13,13,45,,Neutral
4,8,13,29,41,4,8,8,30,30,,Happy
4,4,8,13,45,0.5,4,8,13,30,,Anger
0.5,4,8,13,30,0.5,4,8,13,30,,Anger
4,4,8,30,45,4,4,8,13,30,,Anger
4,4,13,20,30,0.5,8,8,13,30,,Anger
0.5,8,13,13,30,0.5,8,8,18,45,,Sad
4,8,13,30,45,4,4,8,13,30,,Anger
4,8,13,30,30,0.5,4,8,13,30,,Anger
0.5,4,8,13,30,0.5,4,8,13,30,,Anger
4,8,13,30,34,0.5,4,13,13,30,,Anger
4,8,8,30,45,4,8,13,30,45,,Anger
4,8,13,13,45,0.5,8,13,13,45,,Neutral
0.5,8,13,13,45,0.5,8,13,13,30,,Neutral
0.5,4,13,13,36,4,8,13,13,30,,Neutral
4,8,13,30,45,0.5,4,13,13,30,,Sad
0.5,4,8,13,30,3,4,8,13,30,,Happy
0.5,7,13,13,30,0.5,4,13,13,31,,Neutral
0.5,8,13,13,36,4,8,13,13,30,,Neutral
4,8,13,30,30,0.5,4,13,13,30,,Anger
4,8,13,30,30,0.5,8,13,13,30,,Sad
0.5,8,13,13,30,0.5,6,13,13,45,,Neutral
4,8,13,30,30,0.5,8,13,26,30,,Sad
4,8,13,13,30,4,8,13,13,30,,Neutral
0.5,8,13,13,45,0.5,8,13,13,45,,Neutral
4,4,8,30,30,0.5,8,13,13,30,,Anger
0.5,8,13,13,30,0.5,4,13,13,30,,Neutral
0.5,4,8,13,45,4,8,13,13,30,,Anger
0.5,4,8,13,30,0.5,4,8,25,30,,Anger
0.5,8,13,13,45,0.5,8,8,13,30,,Sad
4,8,13,30,45,4,8,13,13,30,,Happy
4,6,8,13,30,0.5,6,13,13,30,,Anger
0.5,4,8,13,30,4,4,8,13,44,,Happy
4,8,13,30,30,0.5,8,13,13,34,,Sad
0.5,4,8,13,30,0.5,4,8,13,30,,Anger
0.5,8,13,13,45,4,4,8,13,35,,Anger
0.5,8,13,15,36,4,8,13,13,45,,Neutral
0.5,8,13,13,45,0.5,4,13,13,45,,Neutral
0.5,4,8,13,30,0.5,4,8,13,30,,Anger
4,4,8,26,30,0.5,4,8,21,45,,Anger
4,4,8,30,45,0.5,4,8,13,30,,Anger
4,8,13,30,45,4,4,13,13,45,,Happy
4,8,13,13,30,4,8,8,13,30,,Anger
4,8,13,30,30,0.5,4,8,30,45,,Happy
0.5,8,13,13,30,0.5,4,13,13,30,,Neutral
0.5,8,13,13,45,0.5,8,13,13,30,,Neutral
4,8,13,13,30,0.5,4,13,13,45,,Neutral
0.5,4,8,13,30,0.5,8,8,30,38,,Anger
0.5,8,13,13,30,0.5,7,8,13,30,,Anger
1,8,13,13,30,4,4,13,13,39,,Neutral
0.5,4,8,13,45,0.5,8,8,30,30,,Anger
0.5,8,13,13,30,4,8,13,30,30,,Happy
0.5,8,13,13,30,4,4,13,13,40,,Neutral
4,4,8,30,45,4,8,8,30,45,,Anger
4,8,13,13,30,0.5,8,13,13,30,,Neutral
4,4,8,13,30,4,4,13,13,31,,Happy
0.5,8,13,13,30,0.5,4,13,13,30,,Neutral
0.5,8,13,13,30,4,8,11,30,30,,Happy
0.5,8,13,13,30,4,4,13,13,30,,Neutral
4,8,13,28,30,0.5,4,8,16,30,,Anger
0.5,8,13,13,45,4,8,13,30,45,,Anger
0.5,8,13,13,45,4,4,13,13,30,,Neutral
0.5,8,13,13,30,4,4,13,13,30,,Neutral
4,4,8,30,30,0.5,4,8,30,36,,Anger
4,8,13,30,30,0.5,8,13,30,33,,Sad
0.5,4,8,13,45,0.5,8,13,30,30,,Anger
0.5,4,8,13,30,0.5,4,8,13,30,,Anger
0.5,8,13,13,30,3,8,13,13,30,,Neutral
4,8,13,30,30,0.5,8,13,30,33,,Sad
0.5,4,8,13,30,0.5,4,8,13,30,,Anger
0.5,8,13,13,30,4,8,13,13,30,,Neutral
0.5,8,13,13,45,0.5,4,13,13,30,,Neutral
4,8,13,13,30,0.5,8,13,13,30,,Neutral
0.5,4,8,13,30,0.5,4,8,13,30,,Anger
4,8,13,25,35,0.5,4,9,14,30,,Anger
4,8,13,24,45,4,8,13,30,30,,Anger
0.5,8,13,13,30,0.5,4,8,13,30,,Anger
0.5,4,8,13,30,4,4,9,13,30,,Happy
4,4,8,25,30,0.5,4,13,16,30,,Anger
4,8,13,13,30,4,4,13,13,45,,Neutral
0.5,4,8,13,30,4,4,13,30,30,,Anger
0.5,4,8,13,45,0.5,4,8,13,36,,Anger
0.5,8,13,13,30,0.5,4,13,13,45,,Neutral
0.5,4,8,13,30,4,4,8,13,30,,Happy
0.5,4,8,13,30,0.5,4,8,13,30,,Anger
0.5,4,8,13,30,4,4,13,30,30,,Anger
4,8,13,27,32,0.5,4,8,13,45,,Anger
4,8,13,30,41,0.5,8,13,30,45,,Happy
2,4,8,13,45,4,4,8,13,30,,Anger
4,4,8,30,30,4,4,13,13,30,,Anger
4,4,8,30,30,4,8,13,30,30,,Anger
0.5,4,8,13,30,0.5,4,8,13,30,,Anger
0.5,4,8,13,30,4,4,8,30,45,,Anger
4,8,13,13,30,0.5,8,13,13,30,,Neutral
0.5,8,13,13,45,4,4,8,13,35,,Anger
4,8,13,13,38,4,8,13,13,45,,Neutral
4,8,13,13,45,0.5,8,13,13,30,,Neutral
4,4,13,30,30,4,4,13,30,30,,Anger
0.5,8,13,13,30,4,4,13,13,30,,Neutral
0.5,4,8,13,30,3,4,8,18,30,,Anger
0.5,4,8,13,45,4,8,8,13,30,,Anger
0.5,8,13,13,30,2,4,13,13,30,,Neutral
0.5,4,8,13,30,4,4,8,13,30,,Happy
0.5,8,13,13,30,0.5,8,13,30,30,,Anger
4,8,13,16,30,0.5,4,13,13,30,,Sad
4,8,13,23,30,4,4,8,13,45,,Anger
4,4,8,13,30,0.5,8,8,13,30,,Anger
4,8,13,30,30,4,8,8,30,45,,Happy
0.5,4,8,13,32,4,4,8,13,30,,Happy
4,8,13,30,30,0.5,4,8,30,30,,Sad
4,8,13,13,30,0.5,4,13,13,45,,Neutral
4,8,13,13,45,0.5,4,13,13,45,,Neutral
4,4,8,23,45,0.5,8,13,30,30,,Anger
0.5,4,8,13,45,0.5,4,13,13,30,,Happy
4,4,11,30,30,0.5,8,8,13,45,,Anger
0.5,8,9,13,30,0.5,4,8,13,30,,Anger
4,8,13,14,30,0.5,4,8,27,30,,Anger
0.5,8,13,13,45,4,8,13,13,45,,Neutral
4,8,13,30,45,4,4,8,13,45,,Anger
0.5,8,13,30,30,4,8,8,13,45,,Sad
4,4,8,30,30,4,8,13,19,30,,Anger
4,8,13,30,30,0.5,4,13,13,30,,Anger
0.5,8,13,13,45,0.5,4,13,13,45,,Neutral
0.5,8,8,13,30,0.5,8,13,30,30,,Anger
0.5,4,8,13,30,0.5,8,8,13,30,,Anger
0.5,4,13,13,30,0.5,4,13,13,30,,Neutral
4,8,13,13,33,4,8,13,13,30,,Neutral
0.5,8,13,13,30,0.5,8,8,13,30,,Anger
0.5,8,13,13,43,4,8,13,13,45,,Neutral
0.5,4,8,13,45,0.5,8,13,30,30,,Anger
0.5,4,8,13,30,0.5,4,8,13,30,,Anger
4,4,8,23,30,0.5,7,13,13,30,,Anger
0.5,8,13,13,45,4,4,8,13,30,,Anger
0.5,8,13,13,30,4,8,13,13,45,,Neutral
4,4,8,21,30,4,8,13,13,30,,Happy
0.5,8,13,13,45,0.5,8,13,13,45,,Neutral
4,8,13,30,30,4,4,13,13,30,,Sad
0.5,4,8,13,30,0.5,4,8,13,30,,Anger
0.5,4,8,13,45,4,8,8,13,45,,Anger
4,4,8,13,30,4,4,8,13,30,,Happy
0.5,4,8,13,30,4,8,8,30,44,,Anger
0.5,8,13,13,30,0.5,4,13,13,30,,Neutral
0.5,8,13,13,30,0.5,4,8,13,42,,Anger
0.5,4,8,13,41,0.5,4,8,13,30,,Anger
4,8,13,30,30,4,4,8,30,30,,Sad
0.5,4,13,13,30,0.5,4,13,13,45,,Neutral
4,8,13,30,31,4,8,13,13,45,,Happy
4,6,8,30,30,4,8,13,30,30,,Anger
0.5,8,13,13,45,4,8,8,30,30,,Happy
4,4,8,30,30,0.5,4,13,13,45,,Anger
0.5,4,8,13,30,4,4,10,13,30,,Happy
0.5,8,13,13,30,0.5,4,13,13,30,,Neutral
0.5,8,13,13,30,4,8,13,13,30,,Neutral
0.5,8,13,13,45,4,4,13,13,45,,Neutral
0.5,8,13,13,45,4,4,8,13,45,,Happy
0.5,8,13,13,30,0.5,8,13,13,45,,Neutral
4,4,8,16,30,0.5,8,13,17,45,,Happy
4,4,8,13,45,0.5,4,8,13,30,,Anger
0.5,4,8,13,30,4,8,8,30,30,,Anger
4,8,13,30,30,4,8,13,19,30,,Sad
0.5,4,8,13,30,0.5,4,13,13,30,,Anger
0.5,8,13,13,30,0.5,4,13,13,45,,Neutral
0.5,4,8,13,30,0.5,8,8,15,30,,Anger
4,4,8,30,30,0.5,8,13,13,30,,Anger
0.5,8,13,13,45,4,4,13,13,45,,Neutral
0.5,8,13,13,30,4,4,13,13,30,,Neutral
0.5,8,13,13,45,0.5,4,13,13,30,,Neutral
0.5,4,8,13,30,4,8,9,30,30,,Anger
3,8,11,13,45,0.5,4,8,13,45,,Happy
4,4,8,30,45,0.5,4,13,13,45,,Anger
0.5,4,8,13,30,4,4,13,30,30,,Anger
4,4,8,13,30,4,4,13,13,30,,Happy
4,4,8,30,45,4,8,13,30,30,,Anger
4,4,8,17,30,4,8,8,30,30,,Anger
2,4,8,13,30,0.5,8,8,30,45,,Anger
0.5,8,13,13,45,4,4,8,13,35,,Anger
0.5,8,13,13,32,0.5,8,13,13,45,,Neutral
0.5,4,8,13,30,0.5,4,8,13,30,,Anger
0.5,4,8,13,45,0.5,4,8,13,45,,Anger
0.5,8,13,13,45,4,8,13,13,30,,Neutral
0.5,8,13,13,30,0.5,4,13,13,30,,Neutral
0.5,4,8,13,45,4,4,8,13,30,,Happy
4,8,13,13,45,4,4,13,13,30,,Neutral
4,8,13,30,30,0.5,4,8,13,30,,Anger
0.5,4,8,13,30,4,4,8,13,30,,Happy
0.5,4,8,13,30,4,8,8,13,30,,Anger
4,8,13,13,30,0.5,4,13,13,30,,Neutral
4,4,8,30,30,0.5,4,13,13,30,,Anger
4,8,13,18,45,0.5,8,13,30,40,,Happy
0.5,4,8,13,30,0.5,4,13,13,30,,Anger
0.5,4,8,13,45,0.5,4,8,13,30,,Anger
0.5,8,11,13,45,0.5,4,8,27,30,,Happy
0.5,4,8,13,31,4,4,8,13,30,,Happy
4,4,8,30,30,4,4,8,13,30,,Anger
0.5,8,13,13,30,4,4,13,13,37,,Neutral
0.5,4,8,13,30,4,8,8,13,30,,Anger
4,8,13,13,39,4,8,13,30,30,,Anger
4,8,13,13,30,0.5,8,13,13,30,,Neutral
0.5,8,13,13,30,0.5,8,8,30,30,,Sad
0.5,8,13,13,30,3,8,8,28,30,,Happy
0.5,8,13,13,30,4,4,13,13,30,,Neutral
0.5,4,8,13,30,0.5,8,8,13,32,,Anger
4,4,8,30,30,0.5,4,8,13,30,,Anger
2,4,8,13,30,0.5,8,11,13,30,,Anger
0.5,4,8,13,30,0.5,4,8,13,42,,Happy
0.5,4,8,13,30,4,8,8,30,45,,Anger
0.5,4,8,13,45,0.5,8,8,30,30,,Anger
4,4,8,30,30,0.5,4,13,13,30,,Anger
0.5,4,8,13,30,0.5,4,13,30,30,,Anger
4,8,13,30,30,4,8,13,30,39,,Anger
0.5,4,8,13,30,0.5,8,13,30,30,,Anger
0.5,8,13,13,30,0.5,4,13,13,45,,Neutral
0.5,8,13,13,30,0.5,8,13,30,30,,Anger
0.5,4,8,13,30,0.5,4,8,13,30,,Anger
0.5,4,8,13,30,0.5,4,8,13,30,,Anger
4,4,8,30,31,4,8,13,30,30,,Anger
0.5,8,13,13,30,0.5,4,8,13,45,,Anger
4,8,13,30,45,4,8,13,30,30,,Anger
0.5,8,13,13,30,0.5,8,13,13,30,,Neutral
0.5,8,13,13,45,0.5,4,13,13,30,,Neutral
0.5,8,13,13,30,4,4,13,13,30,,Neutral
0.5,8,13,13,45,4,8,8,30,33,,Happy
4,4,8,14,30,0.5,8,13,30,45,,Anger
4,4,8,30,30,4,8,8,30,30,,Anger
0.5,4,8,13,30,4,4,8,30,45,,Anger
0.5,4,8,13,30,4,4,8,30,30,,Happy
4,4,8,30,30,0.5,4,8,13,30,,Anger
4,4,8,30,30,4,8,8,14,30,,Anger
0.5,8,8,13,45,0.5,4,13,30,45,,Anger
4,4,8,30,30,0.5,8,8,13,44,,Anger
4,4,8,30,30,4,8,8,30,45,,Anger
0.5,4,8,13,30,4,4,13,13,30,,Anger
0.5,4,8,13,30,0.5,4,13,13,30,,Anger
4,8,13,30,30,4,8,13,30,45,,Anger
0.5,4,8,13,30,4,4,13,13,45,,Sad
0.5,4,8,13,45,4,4,8,13,30,,Happy
0.5,8,13,13,30,0.5,4,13,13,30,,Neutral
0.5,4,8,13,38,4,4,8,13,45,,Anger
0.5,8,13,13,30,4,4,13,13,30,,Neutral
0.5,4,8,13,30,1,4,8,13,30,,Anger
0.5,8,13,13,30,0.5,4,8,14,30,,Anger
4,4,8,30,45,0.5,8,13,30,30,,Anger
0.5,4,8,13,30,4,6,8,13,45,,Anger
4,4,8,13,30,0.5,4,8,30,30,,Anger
0.5,8,13,13,30,4,8,8,30,30,,Happy
4,8,13,30,30,4,4,13,13,30,,Sad
0.5,4,8,13,30,4,4,8,13,30,,Happy
4,4,8,17,30,0.5,4,8,13,45,,Anger
3,8,13,13,30,4,4,13,13,30,,Neutral
0.5,4,8,26,30,4,4,8,13,30,,Anger
4,8,8,30,45,4,8,13,13,45,,Happy
0.5,4,8,13,41,0.5,4,8,13,30,,Anger
0.5,8,13,13,30,0.5,8,13,13,30,,Neutral
0.5,8,13,13,32,0.5,8,13,13,45,,Neutral
4,4,13,13,30,0.5,4,13,13,30,,Neutral
0.5,8,13,13,30,4,8,13,13,30,,Neutral
4,8,13,25,30,0.5,8,13,30,30,,Sad
0.5,4,8,13,30,0.5,4,8,13,30,,Anger
0.5,8,8,13,30,0.5,4,13,13,30,,Anger
0.5,8,13,13,30,0.5,8,13,13,30,,Neutral
0.5,8,13,13,30,0.5,4,8,13,30,,Anger
0.5,4,8,13,30,4,4,13,30,30,,Anger
0.5,8,13,13,42,4,8,8,13,30,,Anger
4,4,8,24,30,0.5,8,13,30,30,,Anger
4,8,13,13,30,4,4,13,13,45,,Neutral
0.5,4,8,13,45,0.5,4,8,13,30,,Anger
0.5,4,8,13,30,0.5,4,8,13,30,,Anger
4,4,8,30,30,0.5,4,13,13,30,,Anger
4,8,13,20,43,4,4,8,13,45,,Anger
0.5,4,8,13,43,4,4,8,13,30,,Happy
0.5,4,8,13,45,4,8,8,16,30,,Anger
4,4,8,30,45,4,8,13,14,30,,Happy
0.5,8,13,13,30,4,4,13,13,30,,Neutral
0.5,8,13,13,45,0.5,4,13,13,45,,Neutral
0.5,8,13,13,30,0.5,4,8,13,30,,Anger
4,4,8,17,30,0.5,4,8,13,30,,Anger
0.5,8,8,13,30,0.5,4,8,13,30,,Happy
0.5,8,13,13,30,0.5,4,13,30,30,,Anger
0.5,4,8,13,30,4,4,8,13,30,,Happy
0.5,8,8,13,45,4,8,12,13,30,,Anger
0.5,4,8,13,30,0.5,4,8,13,30,,Anger
0.5,4,8,13,45,0.5,8,8,30,30,,Anger
0.5,4,8,13,30,0.5,8,8,13,30,,Anger
0.5,8,13,13,30,4,4,13,13,30,,Neutral
4,8,13,30,45,0.5,4,8,13,30,,Anger
0.5,8,13,13,30,4,4,13,13,39,,Neutral
0.5,4,8,13,30,0.5,4,8,13,30,,Anger
4,4,8,30,30,0.5,4,8,13,45,,Anger
0.5,8,13,13,30,0.5,4,8,13,30,,Anger
4,4,8,13,30,0.5,4,8,13,45,,Anger
0.5,8,13,13,30,4,4,13,13,30,,Neutral
0.5,8,13,13,30,0.5,8,9,13,30,,Anger
0.5,8,13,13,30,4,8,13,13,45,,Neutral
4,4,8,13,30,0.5,8,13,30,30,,Anger
0.5,8,13,13,30,4,4,13,13,30,,Neutral
0.5,8,8,13,30,4,4,13,13,30,,Happy
0.5,4,8,13,33,1,4,8,13,30,,Anger
4,8,13,30,30,4,4,13,13,45,,Sad
4,8,13,30,30,4,4,8,13,33,,Anger
0.5,8,13,13,45,0.5,4,8,13,30,,Sad
0.5,4,8,13,45,4,4,13,13,45,,Sad
0.5,8,13,13,30,0.5,8,13,13,45,,Neutral
0.5,4,8,13,30,4,8,8,18,30,,Anger
4,8,13,13,45,0.5,4,13,13,30,,Neutral
4,8,13,30,38,0.5,4,8,13,30,,Anger
4,8,8,30,30,0.5,4,8,13,30,,Anger
4,4,8,30,38,0.5,8,8,13,45,,Anger
4,4,8,30,30,0.5,8,13,30,30,,Anger
4,4,8,30,30,4,8,8,13,30,,Anger
4,4,8,30,45,0.5,8,13,30,30,,Anger
4,4,8,30,30,4,8,8,13,30,,Anger
4,8,13,30,30,0.5,8,13,30,45,,Happy
0.5,8,8,13,30,0.5,4,12,13,30,,Anger
0.5,8,13,13,30,0.5,4,13,13,30,,Neutral
0.5,4,8,30,45,0.5,8,8,30,30,,Sad
0.5,4,11,13,30,0.5,4,8,13,30,,Anger
0.5,8,13,13,30,0.5,8,13,13,30,,Neutral
0.5,8,13,13,30,0.5,4,13,13,30,,Neutral
0.5,4,8,13,30,0.5,4,8,13,30,,Anger
0.5,4,8,13,30,4,4,13,13,30,,Anger
0.5,4,8,13,30,4,4,8,13,30,,Happy
4,8,13,22,43,4,8,13,30,30,,Anger
4,4,8,30,30,3,4,8,30,45,,Anger
0.5,8,13,13,30,4,4,13,13,45,,Neutral
4,8,8,30,45,4,8,13,30,45,,Anger
0.5,4,8,13,30,4,4,13,13,45,,Sad
4,8,13,30,30,4,4,8,13,33,,Anger
0.5,8,13,13,45,4,8,13,13,45,,Neutral
0.5,8,13,13,30,4,4,13,13,45,,Neutral
0.5,4,13,13,45,4,4,8,30,45,,Anger
4,8,13,30,34,0.5,8,13,24,32,,Sad
4,4,8,21,30,4,8,13,15,30,,Happy
4,8,13,30,45,0.5,8,8,14,45,,Anger
0.5,8,13,13,45,4,4,13,13,30,,Neutral
0.5,8,13,13,30,0.5,4,13,13,30,,Neutral
0.5,4,8,13,30,4,4,8,13,41,,Happy
0.5,4,8,13,30,4,4,8,13,42,,Happy
0.5,8,12,13,30,0.5,8,8,13,30,,Anger
4,8,13,30,30,4,8,13,30,45,,Anger
0.5,4,8,13,30,0.5,4,13,13,30,,Anger
0.5,8,13,13,30,4,4,8,13,45,,Sad
0.5,8,13,13,45,4,8,13,13,30,,Neutral
0.5,8,8,13,45,4,4,8,13,34,,Happy
4,4,8,19,30,4,8,13,30,30,,Anger
4,7,13,30,30,4,4,8,13,30,,Anger
4,4,8,30,45,4,4,8,13,45,,Anger
4,8,13,30,30,0.5,8,13,26,30,,Sad
4,8,13,30,45,4,8,13,20,30,,Anger
4,8,13,30,45,0.5,8,8,30,30,,Sad
0.5,8,13,13,30,0.5,4,13,13,30,,Neutral
0.5,8,13,13,30,4,8,13,30,30,,Happy
4,4,8,30,45,4,8,13,23,30,,Anger
0.5,4,8,13,30,0.5,4,8,13,30,,Anger
0.5,8,13,13,45,4,8,8,30,30,,Happy
4,4,8,19,30,4,4,8,13,30,,Happy
0.5,8,13,13,45,4,8,8,30,30,,Happy
0.5,4,8,13,45,0.5,8,8,13,42,,Anger
4,8,13,14,30,4,8,13,13,30,,Neutral
4,4,8,30,45,4,8,13,30,30,,Anger
4,4,13,30,45,0.5,4,8,13,30,,Sad
0.5,4,8,13,30,0.5,4,8,13,30,,Anger
0.5,4,8,13,30,4,4,8,13,30,,Happy
4,4,8,30,43,4,4,13,13,45,,Anger
0.5,8,13,13,45,0.5,4,13,13,45,,Neutral
0.5,4,8,13,30,0.5,4,8,13,30,,Anger
0.5,4,8,13,30,0.5,4,8,13,30,,Anger
4,4,8,30,30,4,8,13,13,30,,Anger
0.5,4,8,13,30,0.5,6,8,13,30,,Anger
0.5,4,8,13,45,0.5,4,8,13,30,,Anger
4,8,8,28,30,4,4,8,13,45,,Happy
0.5,4,8,13,30,0.5,4,8,30,30,,Anger
0.5,8,13,13,30,0.5,4,13,13,30,,Neutral
4,8,12,13,34,4,8,13,13,36,,Sad
0.5,4,8,16,45,4,4,8,13,30,,Anger
4,4,8,13,45,0.5,8,13,24,30,,Anger
0.5,4,8,13,30,0.5,8,13,13,30,,Anger
4,8,13,30,30,4,8,13,30,45,,Anger
0.5,8,13,13,30,0.5,8,13,13,45,,Neutral
2,8,13,13,32,4,8,13,13,36,,Neutral
0.5,8,13,13,30,4,4,13,13,30,,Neutral
0.5,8,13,13,30,4,4,13,13,30,,Neutral
0.5,8,13,13,30,0.5,4,8,13,45,,Anger
0.5,8,13,13,30,4,8,13,13,30,,Neutral
0.5,4,13,13,30,0.5,8,13,13,30,,Neutral
4,4,8,18,34,2,8,13,13,31,,Happy
0.5,4,8,13,30,0.5,4,8,13,30,,Anger
4,4,8,13,30,0.5,4,8,13,30,,Anger
4,8,13,30,30,4,8,13,30,30,,Sad
0.5,4,8,13,30,4,8,8,13,30,,Anger
4,8,13,30,30,0.5,8,8,30,45,,Sad
4,8,13,30,45,0.5,8,8,30,38,,Sad
0.5,4,8,13,30,0.5,4,8,13,30,,Anger
4,4,8,13,30,4,8,13,30,30,,Anger
0.5,4,8,13,30,0.5,4,8,13,30,,Anger
0.5,8,13,13,30,4,4,13,13,45,,Neutral
4,4,8,30,45,4,8,8,13,45,,Anger
4,4,8,30,45,4,8,13,30,45,,Anger
0.5,8,13,13,30,4,8,13,13,30,,Neutral
0.5,8,13,13,45,4,8,13,13,30,,Neutral
0.5,8,13,13,30,4,8,13,30,45,,Anger
4,4,8,30,30,0.5,4,8,14,31,,Anger
0.5,4,8,13,30,4,4,8,13,30,,Happy
0.5,8,13,13,30,4,4,13,13,30,,Neutral
0.5,4,8,13,30,0.5,4,8,13,30,,Anger
0.5,8,13,13,30,0.5,8,8,30,45,,Sad
0.5,8,13,13,30,4,8,13,13,30,,Neutral
0.5,4,8,13,30,4,4,8,13,30,,Happy
0.5,8,13,13,30,4,4,13,13,30,,Neutral
0.5,4,8,13,30,0.5,4,8,13,30,,Anger
4,4,8,30,30,0.5,8,8,30,30,,Anger
4,8,13,30,30,4,8,13,30,45,,Anger
4,4,8,27,30,0.5,8,13,30,30,,Anger
0.5,4,13,13,30,4,8,13,30,30,,Anger
0.5,4,8,13,45,0.5,4,13,13,30,,Happy
4,4,8,30,30,4,8,8,30,30,,Anger
4,4,8,30,30,4,6,13,13,30,,Anger
0.5,8,13,13,30,0.5,8,13,30,30,,Anger
0.5,8,13,13,30,4,8,8,13,45,,Sad
4,8,8,30,41,4,4,13,26,45,,Happy
4,4,8,30,30,0.5,4,8,30,30,,Anger
4,8,8,30,30,4,8,13,30,30,,Anger
4,8,13,13,30,4,8,13,13,30,,Neutral
0.5,8,13,13,30,0.5,8,13,13,30,,Neutral
4,4,8,13,33,4,4,13,30,30,,Happy
0.5,4,8,13,30,0.5,4,13,13,30,,Anger
0.5,8,13,13,30,4,4,13,13,45,,Neutral
4,8,13,13,43,0.5,4,13,13,45,,Neutral
0.5,8,13,13,45,4,8,13,13,30,,Neutral
4,4,8,30,30,0.5,8,8,13,30,,Anger
4,4,8,18,30,0.5,4,8,13,30,,Anger
0.5,8,13,13,30,0.5,4,8,13,38,,Anger
0.5,4,13,13,30,0.5,4,13,13,45,,Neutral
4,8,13,30,45,0.5,8,13,30,30,,Sad
0.5,8,13,13,45,4,8,8,30,30,,Happy
0.5,8,13,13,30,4,4,8,13,30,,Happy
4,8,13,15,30,4,4,13,13,30,,Happy
0.5,8,13,13,30,4,8,13,13,30,,Neutral
0.5,8,13,13,45,4,4,13,13,30,,Neutral
0.5,4,8,13,30,4,8,13,13,45,,Sad
1,8,13,13,45,4,8,13,13,30,,Neutral
0.5,8,13,13,45,0.5,4,13,13,30,,Neutral
0.5,4,8,13,30,0.5,4,8,13,30,,Anger
0.5,8,13,13,30,0.5,4,8,13,30,,Anger
0.5,8,13,13,45,4,8,13,30,30,,Anger
0.5,8,13,13,37,4,7,13,13,32,,Neutral
0.5,4,8,13,30,0.5,4,8,13,30,,Anger
0.5,8,13,13,30,0.5,8,8,13,30,,Anger
4,8,13,30,30,4,4,13,13,30,,Sad
0.5,4,8,13,30,0.5,4,8,13,30,,Anger
0.5,8,13,13,30,4,4,8,13,45,,Sad
4,8,13,30,30,0.5,8,13,30,30,,Sad
0.5,4,8,13,30,0.5,4,8,13,30,,Anger
4,8,13,30,30,0.5,8,10,30,45,,Happy
0.5,4,8,13,45,0.5,8,8,13,45,,Anger
4,4,8,30,30,0.5,4,13,13,30,,Anger
0.5,4,8,13,30,4,8,8,13,45,,Anger
4,8,13,13,41,4,8,13,13,30,,Neutral
0.5,8,13,13,30,0.5,8,8,13,30,,Anger
0.5,4,8,13,30,4,4,8,13,45,,Happy
0.5,8,13,13,45,0.5,4,13,13,30,,Neutral
4,8,13,30,30,4,8,13,30,30,,Sad
4,4,8,30,30,0.5,8,11,30,30,,Anger
4,4,8,13,45,0.5,4,13,30,45,,Happy
0.5,4,8,13,45,4,4,13,13,45,,Sad
4,8,13,30,45,4,8,8,30,45,,Anger
0.5,4,8,30,30,0.5,8,8,30,45,,Anger
4,4,13,13,30,0.5,8,8,30,30,,Sad
4,7,8,30,30,0.5,8,13,30,30,,Anger
0.5,4,8,13,45,0.5,4,8,13,30,,Anger
4,8,8,30,45,0.5,8,13,30,45,,Anger
4,4,8,18,45,4,8,13,30,30,,Anger
4,8,13,30,30,0.5,8,8,30,30,,Sad
0.5,4,8,13,30,0.5,8,8,30,30,,Anger
0.5,4,8,13,30,0.5,4,8,13,30,,Anger
0.5,8,13,13,30,4,8,13,13,45,,Neutral
0.5,8,13,13,45,0.5,8,13,13,30,,Neutral
0.5,4,13,13,30,0.5,8,8,19,34,,Sad
0.5,4,8,18,45,4,8,8,13,30,,Anger
4,4,8,26,45,0.5,8,8,13,30,,Anger
0.5,4,8,13,30,0.5,8,8,30,30,,Anger
4,4,8,30,30,0.5,4,8,30,45,,Anger
0.5,8,13,13,45,0.5,4,13,13,45,,Neutral
4,8,13,18,30,4,4,8,13,30,,Anger
0.5,8,13,13,30,4,4,13,13,45,,Neutral
0.5,6,8,13,30,2,4,8,13,30,,Happy
4,8,13,13,30,4,8,13,13,30,,Neutral
4,8,13,30,45,4,8,8,30,45,,Anger
0.5,4,8,13,30,4,4,8,13,30,,Happy
4,4,8,30,30,0.5,8,8,13,30,,Anger
0.5,8,13,13,45,0.5,4,13,13,30,,Neutral
1,8,13,13,30,0.5,4,13,13,45,,Neutral
4,4,12,30,30,0.5,8,13,19,30,,Sad
4,8,13,13,30,0.5,8,8,21,34,,Anger
4,8,13,30,30,4,4,8,13,30,,Anger
1,4,8,13,30,4,8,8,13,30,,Happy
4,8,13,30,45,0.5,4,13,30,30,,Sad
4,8,13,30,30,4,8,8,13,30,,Sad
4,4,8,13,30,0.5,8,8,16,45,,Anger
0.5,6,8,13,30,0.5,8,8,17,30,,Anger
4,8,8,30,45,4,4,12,19,30,,Happy
4,4,8,26,45,0.5,8,8,13,30,,Anger
0.5,4,13,13,45,4,8,13,13,30,,Neutral
0.5,8,13,13,45,0.5,4,8,13,30,,Sad
0.5,8,13,13,30,0.5,4,13,13,30,,Neutral
4,4,8,30,33,0.5,8,13,30,30,,Anger
0.5,8,13,13,30,0.5,4,8,13,30,,Anger
4,4,8,13,30,4,8,9,30,30,,Anger
4,8,13,30,45,0.5,8,13,30,45,,Happy
0.5,4,8,13,30,3,8,13,20,45,,Anger
4,4,8,29,30,0.5,4,13,30,45,,Anger
0.5,8,13,13,45,4,8,13,13,30,,Neutral
0.5,4,8,13,45,0.5,4,8,13,30,,Anger
4,4,8,30,30,4,8,12,30,45,,Anger
0.5,4,8,13,30,0.5,4,8,13,30,,Anger
0.5,4,8,13,30,0.5,4,8,13,30,,Anger
4,4,8,30,30,0.5,4,13,13,30,,Anger
0.5,4,8,13,30,0.5,4,8,13,30,,Anger
4,4,8,30,30,0.5,4,8,13,30,,Anger
0.5,8,13,13,30,4,4,8,13,30,,Happy
0.5,8,13,13,45,4,8,13,13,30,,Neutral
0.5,8,13,13,30,4,4,8,13,30,,Happy
0.5,8,13,13,30,4,4,13,13,30,,Neutral
4,4,8,30,45,4,4,13,13,45,,Anger
4,6,13,30,45,4,4,13,30,45,,Anger
4,4,8,13,30,4,4,13,13,31,,Happy
4,6,13,30,30,0.5,4,8,30,30,,Sad
4,8,13,30,30,4,8,13,30,45,,Anger
1,4,8,13,30,0.5,8,8,30,30,,Anger
4,8,13,20,30,0.5,4,8,13,30,,Anger
4,4,8,26,30,4,4,8,30,30,,Anger
4,4,8,30,30,0.5,8,13,13,30,,Anger
0.5,4,8,13,30,0.5,4,13,13,30,,Anger
0.5,4,8,13,30,4,8,8,13,30,,Anger
0.5,8,13,13,30,0.5,8,13,13,30,,Neutral
0.5,8,13,13,30,0.5,4,8,13,45,,Anger
0.5,8,13,13,30,4,8,13,13,45,,Neutral
0.5,4,8,13,45,4,4,8,30,30,,Anger
0.5,4,8,13,30,4,8,8,30,30,,Anger
0.5,8,13,13,30,0.5,4,13,13,30,,Neutral
4,8,13,16,30,4,4,8,13,30,,Anger
0.5,4,13,13,45,4,4,13,13,30,,Neutral
0.5,8,8,13,30,0.5,4,8,13,30,,Happy
0.5,8,13,13,30,4,4,13,13,30,,Neutral
0.5,8,13,13,30,4,8,13,13,45,,Neutral
0.5,8,13,13,30,4,4,13,13,30,,Neutral
4,4,8,26,30,0.5,8,8,30,30,,Anger
4,4,8,28,30,4,8,8,13,30,,Anger
0.5,8,13,13,45,0.5,4,13,13,30,,Neutral
4,4,8,30,45,4,4,8,30,45,,Anger
0.5,8,13,13,45,0.5,8,13,13,45,,Neutral
0.5,4,8,13,30,0.5,4,8,13,30,,Anger
4,8,13,13,45,4,8,13,13,30,,Neutral
4,8,13,30,30,4,4,13,13,30,,Sad
0.5,4,8,13,30,4,4,8,13,30,,Happy
0.5,8,13,13,30,0.5,8,13,13,30,,Neutral
4,4,8,30,45,0.5,8,8,13,30,,Anger
4,8,13,30,45,4,8,13,30,30,,Anger
0.5,8,13,13,30,4,4,13,13,30,,Neutral
0.5,8,13,13,30,4,4,13,30,30,,Happy
0.5,4,8,13,30,0.5,4,8,13,30,,Anger
0.5,4,8,13,30,4,4,13,30,30,,Anger
0.5,4,8,13,45,4,4,13,13,45,,Sad
0.5,8,13,13,45,4,4,13,13,45,,Neutral
0.5,8,13,13,31,4,4,8,13,30,,Happy
0.5,4,8,13,30,4,8,8,30,30,,Anger
0.5,4,8,13,30,4,4,13,13,30,,Anger
0.5,8,13,13,30,2,8,8,30,30,,Happy
4,8,8,13,30,0.5,8,8,13,41,,Anger
0.5,8,10,13,30,0.5,4,13,13,30,,Anger
4,8,13,13,30,0.5,8,13,13,30,,Neutral
4,4,8,30,36,4,4,13,13,30,,Anger
0.5,4,8,13,30,0.5,4,8,13,30,,Anger
4,8,13,30,30,0.5,8,13,30,30,,Sad
4,4,8,30,30,0.5,8,13,25,30,,Anger
0.5,8,13,13,45,4,4,13,13,30,,Neutral
4,8,13,30,30,4,4,8,13,34,,Anger
0.5,8,13,13,45,4,8,13,13,30,,Neutral
4,8,13,30,45,4,8,13,30,30,,Anger
4,4,8,13,30,0.5,4,8,13,30,,Anger
0.5,4,8,13,30,0.5,4,8,13,30,,Anger
4,4,13,13,30,4,4,13,13,40,,Neutral
0.5,8,13,13,45,0.5,8,13,13,30,,Neutral
0.5,8,9,13,30,0.5,4,13,13,45,,Sad
0.5,7,13,13,30,0.5,4,13,13,31,,Neutral
0.5,8,13,13,34,4,4,13,30,45,,Anger
4,8,13,13,30,0.5,4,8,30,30,,Anger
0.5,4,8,13,30,0.5,4,13,13,30,,Anger
0.5,8,13,13,30,4,8,13,13,45,,Neutral
2,4,8,13,45,0.5,8,8,26,30,,Anger
0.5,8,13,13,30,4,8,13,13,45,,Neutral
0.5,8,13,13,30,0.5,4,13,13,30,,Neutral
4,4,8,30,30,0.5,8,13,30,45,,Anger
4,8,13,30,30,0.5,8,13,13,30,,Sad
0.5,8,13,13,45,4,8,8,30,30,,Happy
4,8,13,30,45,4,8,13,30,45,,Anger
0.5,8,13,13,30,0.5,8,8,13,30,,Anger
0.5,4,8,13,30,4,4,8,13,30,,Happy
0.5,4,13,13,30,4,4,8,13,30,,Anger
0.5,8,13,13,30,0.5,4,13,13,45,,Neutral
0.5,8,13,13,30,4,8,13,13,30,,Neutral
0.5,4,8,13,30,0.5,4,8,13,30,,Anger
0.5,4,13,13,30,0.5,4,13,13,45,,Neutral
0.5,4,8,13,30,0.5,4,8,13,30,,Anger
0.5,8,13,13,45,0.5,8,13,13,45,,Neutral
0.5,4,8,13,30,0.5,4,8,13,30,,Anger
4,4,8,27,30,4,8,8,13,30,,Anger
4,8,13,13,45,4,4,13,13,30,,Neutral
0.5,8,13,13,30,0.5,4,8,13,30,,Anger
0.5,4,8,13,45,0.5,8,13,30,30,,Anger
0.5,8,13,13,45,4,8,13,13,30,,Neutral
4,8,13,30,45,4,8,13,13,30,,Happy
4,8,13,30,30,4,4,8,30,30,,Sad
4,8,13,30,45,4,4,8,30,45,,Happy
4,8,13,30,30,4,8,13,30,30,,Sad
0.5,8,13,13,30,0.5,4,8,21,30,,Anger
0.5,4,8,13,30,0.5,4,8,13,30,,Anger
4,4,13,30,30,4,4,8,13,45,,Anger
4,8,13,30,45,0.5,8,8,30,30,,Sad
0.5,4,8,13,45,0.5,4,8,13,30,,Anger
0.5,4,8,13,30,0.5,4,8,13,30,,Anger
4,8,13,24,45,4,8,13,30,30,,Anger
0.5,4,8,13,30,4,4,13,13,45,,Sad
4,4,8,30,45,0.5,8,8,30,45,,Anger
4,8,13,30,45,0.5,4,8,13,45,,Anger
4,8,13,30,30,4,8,13,30,30,,Sad
0.5,8,13,13,45,4,8,13,13,45,,Neutral
4,4,8,30,30,0.5,8,13,13,30,,Anger
0.5,8,10,13,45,4,4,8,30,30,,Happy
4,8,13,30,45,4,4,13,13,45,,Happy
0.5,8,13,13,45,4,8,13,13,30,,Neutral
0.5,8,13,13,32,0.5,8,13,13,45,,Neutral
4,8,8,26,30,4,4,13,13,34,,Happy
0.5,8,13,13,45,0.5,8,8,30,45,,Anger
0.5,4,8,13,30,0.5,4,8,15,30,,Anger
0.5,8,8,13,30,4,4,13,13,30,,Happy
0.5,8,13,13,33,0.5,4,13,13,35,,Neutral
1,4,8,13,30,0.5,4,8,13,30,,Anger
0.5,8,13,13,30,0.5,4,8,13,30,,Anger
2,8,13,13,30,4,8,13,13,42,,Neutral
0.5,8,13,13,30,0.5,4,13,13,30,,Neutral
0.5,6,13,13,45,4,8,13,13,30,,Neutral
4,8,13,30,45,0.5,4,13,13,45,,Sad
4,8,13,30,45,4,8,8,25,45,,Anger
0.5,8,13,13,45,4,8,13,13,30,,Neutral
0.5,8,13,13,30,0.5,4,13,13,30,,Neutral
0.5,4,8,13,30,4,4,8,13,30,,Happy
0.5,4,8,13,30,0.5,4,8,13,30,,Anger
4,8,13,30,30,0.5,8,13,13,30,,Sad
0.5,8,13,13,30,4,4,13,13,30,,Neutral
4,8,13,13,39,4,4,13,13,30,,Neutral
1,8,13,13,30,4,8,13,27,30,,Anger
0.5,8,13,13,30,0.5,8,13,13,37,,Neutral
0.5,4,8,13,30,0.5,4,8,13,30,,Anger
0.5,8,13,13,30,4,4,13,13,30,,Neutral
0.5,4,13,13,30,0.5,4,13,13,30,,Neutral
4,8,13,30,30,4,8,8,30,45,,Happy
4,4,8,30,45,4,4,8,13,45,,Anger
4,8,13,30,30,4,8,13,30,30,,Sad
4,4,8,28,30,4,8,13,23,30,,Anger
0.5,8,13,13,45,0.5,8,13,13,45,,Neutral
0.5,8,13,13,30,4,4,13,13,30,,Neutral
0.5,4,8,13,30,0.5,8,13,26,45,,Anger
0.5,8,13,13,30,4,4,13,13,45,,Neutral
0.5,8,13,13,45,0.5,4,8,13,45,,Happy
0.5,4,8,13,30,4,8,8,30,30,,Anger
4,4,8,30,30,0.5,8,13,13,30,,Anger
4,8,13,30,30,0.5,4,8,13,32,,Anger
0.5,8,13,13,30,0.5,8,8,30,45,,Sad
4,8,13,13,39,4,5,13,13,37,,Neutral
0.5,8,13,13,30,4,4,13,13,30,,Neutral
4,4,13,13,30,0.5,4,13,13,30,,Neutral
0.5,8,13,13,30,4,8,8,30,45,,Happy
0.5,4,8,13,30,4,4,8,13,30,,Happy
4,8,13,13,30,4,8,13,13,30,,Neutral
0.5,6,8,13,30,4,4,8,13,30,,Happy
4,8,13,30,30,4,8,13,27,45,,Anger
0.5,4,13,13,30,0.5,4,13,13,30,,Neutral
4,8,13,30,30,4,8,8,30,30,,Sad
0.5,4,13,13,45,4,4,13,13,30,,Neutral
0.5,4,8,13,30,4,4,13,30,30,,Anger
0.5,4,8,13,30,0.5,8,13,13,45,,Sad
4,4,8,30,30,2,8,8,13,31,,Anger
4,4,8,30,30,0.5,4,8,13,30,,Anger
0.5,4,8,13,30,0.5,4,8,13,30,,Anger
4,8,13,30,30,0.5,8,13,23,45,,Sad
0.5,8,12,14,45,4,8,13,30,45,,Anger
0.5,8,13,13,30,0.5,8,13,13,30,,Neutral
4,4,8,21,30,0.5,4,8,13,30,,Anger
0.5,4,8,13,30,4,4,8,13,30,,Happy
0.5,8,8,13,30,4,4,8,13,30,,Happy
0.5,4,8,13,30,0.5,4,8,13,30,,Anger
4,8,13,13,45,0.5,4,13,13,30,,Neutral
0.5,8,13,13,30,0.5,8,13,13,30,,Neutral
0.5,4,8,13,30,0.5,4,8,13,30,,Anger
0.5,8,13,13,45,0.5,8,13,13,45,,Neutral
0.5,8,13,13,45,4,8,13,13,30,,Neutral
4,4,8,30,45,4,4,8,30,30,,Anger
0.5,8,13,13,45,0.5,4,8,13,30,,Sad
4,8,13,30,44,4,4,13,13,30,,Sad
4,8,13,13,38,4,8,13,13,45,,Neutral
0.5,8,13,13,30,3,8,8,30,45,,Happy
0.5,8,13,13,45,0.5,8,13,13,30,,Neutral
4,4,8,13,30,2,4,8,30,45,,Happy
4,4,8,30,45,4,8,13,13,30,,Happy
4,8,13,30,30,4,4,13,13,38,,Happy
4,8,13,30,45,0.5,4,13,13,45,,Sad
4,8,13,13,45,4,4,13,13,30,,Neutral
0.5,4,8,13,30,0.5,4,13,15,30,,Anger
4,8,13,13,45,4,8,13,13,45,,Neutral
0.5,8,13,13,30,0.5,8,8,13,30,,Anger
0.5,8,13,13,30,0.5,8,13,13,45,,Neutral
0.5,8,8,13,35,0.5,4,13,13,45,,Happy
4,8,8,13,45,4,8,13,30,30,,Anger
4,4,8,13,30,4,4,8,13,30,,Happy
0.5,8,13,13,45,0.5,4,13,13,45,,Neutral
4,8,13,13,30,4,8,13,13,30,,Neutral
0.5,4,8,13,30,0.5,4,8,13,30,,Anger
4,4,8,17,30,4,8,8,30,30,,Anger
4,4,8,13,30,0.5,8,8,30,30,,Anger
0.5,4,8,13,45,0.5,4,8,13,30,,Anger
4,8,13,13,30,4,8,8,13,30,,Anger
4,4,8,30,30,0.5,4,8,13,30,,Anger
0.5,4,8,13,30,0.5,4,8,13,30,,Anger
4,4,8,19,30,0.5,8,13,30,30,,Anger
0.5,4,8,13,30,0.5,4,8,13,30,,Anger
4,8,13,13,43,0.5,4,13,13,45,,Neutral
0.5,8,13,13,30,0.5,4,13,13,30,,Neutral
0.5,8,13,13,30,4,4,13,13,30,,Neutral
2,8,13,13,34,0.5,4,13,13,30,,Neutral
1,8,13,13,30,0.5,4,13,13,45,,Neutral
4,8,13,30,30,0.5,4,13,13,30,,Anger
4,8,13,30,43,4,4,8,13,45,,Anger
0.5,8,13,13,30,0.5,4,13,13,30,,Neutral
4,8,13,30,45,4,4,13,13,30,,Sad
4,8,13,30,30,0.5,4,8,13,30,,Anger
0.5,4,8,13,30,0.5,8,8,30,45,,Anger
0.5,8,13,13,30,4,8,13,13,30,,Neutral
4,4,8,30,30,0.5,4,8,13,30,,Anger
2,4,8,15,30,4,4,8,13,30,,Happy
0.5,8,13,13,30,0.5,4,13,13,30,,Neutral
4,4,8,30,45,0.5,8,8,30,45,,Anger
4,4,8,30,30,3,8,10,29,30,,Anger
0.5,8,13,13,45,0.5,8,13,13,45,,Neutral
4,8,12,30,30,4,8,8,13,45,,Happy
0.5,8,13,13,30,0.5,4,8,13,38,,Anger
0.5,8,13,13,30,0.5,4,8,13,30,,Anger
4,8,8,30,30,4,4,8,13,30,,Anger
0.5,4,8,13,41,0.5,4,8,13,30,,Anger
0.5,8,13,13,30,0.5,4,13,13,39,,Neutral
4,8,13,30,30,0.5,8,8,13,45,,Anger
4,8,13,13,30,4,8,13,13,42,,Neutral
0.5,8,13,13,30,4,4,13,13,30,,Neutral
4,4,8,30,30,0.5,4,8,13,30,,Anger
0.5,4,8,13,30,0.5,4,13,13,30,,Anger
0.5,8,13,13,30,2,4,13,13,30,,Neutral
4,8,13,30,45,0.5,8,8,30,38,,Sad
4,4,8,30,30,0.5,8,13,25,30,,Anger
4,8,13,30,30,4,8,8,13,30,,Sad
0.5,8,13,13,30,4,4,8,13,39,,Happy
4,8,13,30,45,4,8,13,13,45,,Happy
0.5,8,13,13,30,0.5,8,8,30,30,,Sad
0.5,6,13,13,39,4,4,8,13,30,,Anger
0.5,8,13,13,30,0.5,4,13,13,45,,Neutral
4,4,13,30,30,4,8,8,13,30,,Anger
0.5,4,8,13,45,0.5,4,8,13,43,,Anger
0.5,4,8,13,30,0.5,4,8,15,30,,Anger
0.5,8,13,13,39,4,8,13,13,45,,Neutral
4,4,8,30,30,4,8,13,13,30,,Anger
4,4,8,13,30,0.5,4,13,13,30,,Anger
0.5,4,8,13,30,4,8,13,13,45,,Sad
0.5,4,8,13,45,2,4,8,13,30,,Anger
0.5,8,13,13,30,4,8,13,19,30,,Anger
0.5,8,13,13,30,2,4,13,13,30,,Neutral
4,4,8,30,30,4,4,13,13,45,,Anger
0.5,4,13,13,33,0.5,4,13,13,30,,Neutral
0.5,8,13,13,45,4,8,13,13,30,,Neutral
4,6,13,30,45,4,4,13,30,45,,Anger
0.5,8,13,13,30,0.5,4,13,13,30,,Neutral
0.5,4,8,13,30,0.5,4,8,13,30,,Anger
4,8,8,13,30,4,8,9,16,30,,Happy
0.5,4,8,13,30,4,8,8,13,45,,Anger
0.5,4,8,13,30,0.5,4,8,13,30,,Anger
0.5,4,9,13,30,4,4,8,13,40,,Happy
0.5,8,11,18,30,4,4,13,18,45,,Sad
0.5,8,13,13,45,4,8,13,13,30,,Neutral
0.5,4,8,13,34,0.5,4,13,13,30,,Anger
4,8,13,30,30,0.5,8,8,30,30,,Sad
0.5,4,8,13,30,0.5,8,8,13,30,,Anger
0.5,8,13,13,30,4,4,13,13,30,,Neutral
4,8,13,30,45,4,8,13,28,45,,Anger
0.5,4,8,13,30,4,8,8,30,45,,Anger
0.5,8,13,13,30,4,4,13,13,30,,Neutral
0.5,8,13,13,45,0.5,4,8,30,30,,Sad
0.5,4,13,13,45,4,4,8,13,30,,Sad
0.5,8,13,13,30,4,4,8,13,30,,Happy
4,4,8,13,30,0.5,8,8,30,30,,Anger
0.5,8,13,13,30,0.5,4,13,13,45,,Neutral
0.5,4,8,13,30,0.5,4,8,13,30,,Anger
0.5,8,13,13,30,4,4,8,13,45,,Sad
0.5,8,13,13,45,0.5,8,13,13,30,,Neutral
0.5,8,13,13,30,4,8,13,30,30,,Happy
0.5,8,13,13,30,0.5,6,8,20,45,,Sad
0.5,4,8,13,30,0.5,8,8,13,45,,Anger
0.5,8,13,13,30,0.5,4,13,13,30,,Neutral
0.5,8,13,13,30,0.5,8,8,30,30,,Sad
4,8,13,30,30,4,4,8,13,30,,Anger
0.5,4,8,13,30,0.5,4,8,13,30,,Anger
4,8,13,30,45,4,8,13,24,45,,Anger
4,4,8,30,30,0.5,4,13,13,30,,Anger
4,4,8,30,45,4,4,13,30,30,,Anger
0.5,8,13,13,30,4,4,13,13,30,,Neutral
1,4,8,13,30,4,4,13,13,30,,Happy
4,8,9,30,30,4,8,13,30,30,,Anger
0.5,8,13,13,42,0.5,8,13,13,30,,Neutral
3,8,12,13,30,0.5,8,13,30,30,,Anger
4,8,13,13,45,4,8,13,30,45,,Happy
0.5,4,8,13,30,0.5,4,8,13,30,,Anger
0.5,4,8,13,30,0.5,8,8,30,45,,Anger
4,4,8,26,30,0.5,4,13,13,30,,Anger
0.5,4,8,13,30,0.5,4,13,13,30,,Anger
0.5,4,8,13,45,0.5,4,8,13,30,,Anger
4,8,13,19,30,4,8,8,13,30,,Happy
4,4,8,30,39,4,8,8,30,30,,Anger
1,8,13,13,30,0.5,4,13,13,45,,Neutral
4,4,8,13,30,4,4,8,13,30,,Happy
4,4,8,30,39,4,8,8,30,30,,Anger
4,8,13,30,30,4,4,13,13,30,,Sad
4,4,8,30,30,0.5,8,13,30,30,,Anger
0.5,4,8,13,30,0.5,4,8,13,30,,Anger
0.5,8,13,13,30,0.5,8,13,13,30,,Neutral
4,8,13,30,30,4,8,13,30,30,,Sad
0.5,4,8,13,45,4,4,8,13,30,,Happy
0.5,8,13,13,45,4,8,13,30,30,,Anger
0.5,8,13,13,30,4,4,13,13,30,,Neutral
0.5,4,8,13,30,0.5,4,8,13,30,,Anger
4,4,8,30,30,4,8,13,13,30,,Anger
0.5,4,8,13,30,0.5,4,8,13,30,,Anger
0.5,8,13,13,30,0.5,8,13,13,30,,Neutral
4,8,8,30,45,4,4,8,13,30,,Anger
4,8,13,30,30,0.5,8,8,30,30,,Sad
0.5,8,13,13,45,0.5,4,13,13,33,,Neutral
4,8,13,24,30,0.5,8,13,23,30,,Sad
4,4,8,13,30,0.5,4,13,13,30,,Anger
0.5,4,8,13,45,0.5,8,8,30,45,,Anger
4,8,13,30,30,0.5,4,8,13,30,,Anger
4,8,13,13,30,4,8,13,13,30,,Neutral
4,8,13,30,45,4,8,13,13,33,,Happy
4,4,12,30,45,4,8,13,30,30,,Anger
4,8,13,30,30,0.5,8,8,13,30,,Anger
0.5,8,13,13,45,0.5,8,8,30,30,,Anger
0.5,8,13,13,30,0.5,4,8,13,45,,Anger
0.5,4,8,13,45,0.5,4,8,13,30,,Anger
0.5,4,8,13,45,0.5,8,8,13,30,,Anger
0.5,4,8,13,30,4,4,8,13,30,,Happy
0.5,8,13,13,45,4,4,8,30,30,,Happy
0.5,8,13,13,45,4,8,13,13,30,,Neutral
0.5,8,13,13,30,4,4,13,13,30,,Neutral
4,8,13,30,30,0.5,4,13,13,30,,Anger
0.5,8,13,13,45,4,4,13,13,45,,Neutral
4,4,8,29,45,4,4,8,13,45,,Anger
0.5,4,8,13,30,0.5,4,8,13,30,,Anger
0.5,8,13,13,30,0.5,4,13,30,45,,Sad
4,8,13,30,42,0.5,8,13,30,31,,Sad
0.5,4,8,13,45,0.5,4,8,30,30,,Anger
0.5,8,9,13,30,0.5,4,8,13,30,,Anger
4,4,8,30,30,0.5,8,13,30,45,,Anger
0.5,4,8,13,30,0.5,8,13,19,30,,Anger
0.5,4,8,13,30,0.5,4,8,17,30,,Anger
0.5,4,13,13,30,0.5,4,13,13,45,,Neutral
4,8,13,13,39,4,5,13,13,37,,Neutral
4,4,8,30,30,0.5,8,8,14,30,,Anger
0.5,8,13,13,30,4,8,13,13,30,,Neutral
0.5,8,13,13,30,0.5,8,13,13,45,,Neutral
0.5,8,13,13,30,4,4,13,13,30,,Neutral
0.5,4,8,13,30,4,4,8,13,30,,Happy
4,4,8,30,30,4,4,8,13,30,,Anger
1,8,13,13,30,4,4,13,13,39,,Neutral
0.5,8,13,13,30,0.5,4,13,13,45,,Neutral
2,8,13,13,30,0.5,4,13,13,33,,Neutral
4,8,13,13,30,0.5,8,13,13,30,,Neutral
0.5,8,8,13,45,4,4,13,13,45,,Sad
0.5,8,13,13,30,4,4,13,13,40,,Neutral
3,8,13,13,30,0.5,8,13,13,30,,Neutral
0.5,8,13,13,30,4,4,13,13,30,,Neutral
0.5,8,13,13,30,0.5,8,13,13,45,,Neutral
4,4,8,30,30,0.5,8,13,13,30,,Anger
0.5,4,8,13,30,4,8,13,30,45,,Anger
0.5,4,8,13,30,0.5,8,8,27,45,,Anger
0.5,4,8,13,45,4,8,13,13,30,,Anger
4,8,13,13,30,4,8,8,30,38,,Happy
4,4,8,30,30,4,8,13,20,30,,Anger
0.5,4,8,13,30,0.5,8,8,13,30,,Anger
0.5,8,13,13,30,4,4,13,13,45,,Neutral
0.5,7,13,13,30,4,8,13,30,45,,Anger
0.5,8,13,13,30,0.5,4,8,13,30,,Anger
4,4,8,13,45,0.5,8,13,30,30,,Anger
4,4,8,30,30,0.5,8,13,30,30,,Anger
0.5,4,8,13,30,0.5,4,8,13,30,,Anger
4,8,13,13,30,4,4,13,13,30,,Neutral
0.5,8,13,13,30,4,8,13,13,30,,Neutral
0.5,8,8,13,30,0.5,4,8,13,30,,Happy
0.5,8,13,13,45,0.5,4,13,13,45,,Neutral
0.5,8,13,13,30,4,8,13,13,30,,Neutral
0.5,4,8,13,30,4,4,8,13,30,,Happy
4,4,8,30,34,4,4,13,13,30,,Anger
4,8,13,13,45,4,7,13,30,45,,Happy
0.5,4,8,13,45,0.5,8,13,30,30,,Anger
0.5,4,8,13,30,0.5,4,8,13,30,,Anger
4,8,13,13,45,0.5,4,13,13,45,,Neutral
4,4,8,30,30,0.5,8,13,13,30,,Anger
0.5,7,8,13,45,0.5,4,8,13,30,,Happy
4,4,8,30,30,0.5,4,8,13,30,,Anger
4,8,13,13,30,0.5,4,13,13,45,,Neutral
0.5,8,13,13,30,0.5,4,13,13,34,,Neutral
4,4,8,30,30,0.5,4,13,13,30,,Anger
4,4,13,30,45,0.5,8,13,30,30,,Sad
0.5,8,13,13,30,0.5,4,13,13,30,,Neutral
0.5,8,13,13,30,0.5,4,13,13,30,,Neutral
4,8,13,30,45,0.5,8,13,13,30,,Sad
0.5,8,13,13,45,0.5,8,13,13,39,,Neutral
4,8,13,13,30,4,4,13,13,30,,Neutral
0.5,8,13,13,45,4,4,13,13,32,,Neutral
0.5,4,13,13,30,4,8,13,13,30,,Neutral
0.5,4,8,13,30,0.5,4,8,13,30,,Anger
4,4,9,13,44,0.5,8,8,13,30,,Anger
0.5,6,13,13,45,0.5,4,8,13,45,,Anger
0.5,8,8,13,31,4,8,8,30,45,,Anger
0.5,8,13,13,31,0.5,4,13,13,30,,Neutral
4,4,8,14,30,0.5,4,8,13,30,,Anger
4,4,8,30,30,4,8,13,13,30,,Anger
0.5,4,8,13,30,4,8,8,30,30,,Anger
0.5,8,13,13,45,4,4,13,13,45,,Neutral
4,8,13,30,30,4,8,8,13,31,,Sad
0.5,8,13,13,30,4,8,13,13,30,,Neutral
4,4,8,30,30,0.5,8,13,30,30,,Anger
4,4,8,30,45,4,4,13,30,30,,Anger
0.5,4,8,13,30,0.5,4,8,13,30,,Anger
0.5,8,13,13,45,4,4,13,13,30,,Neutral
4,8,13,13,30,0.5,8,13,13,30,,Neutral
0.5,8,13,13,30,4,4,8,13,30,,Happy
0.5,8,13,13,30,0.5,8,13,30,45,,Anger
0.5,4,13,13,30,4,4,13,13,45,,Neutral
0.5,8,13,13,30,4,4,13,30,45,,Sad
4,8,13,16,30,0.5,8,13,13,30,,Sad
0.5,8,13,13,45,4,8,13,13,30,,Neutral
0.5,8,13,13,30,4,4,13,30,30,,Happy
4,4,8,30,30,0.5,4,13,30,30,,Anger
0.5,7,8,13,30,0.5,4,8,13,30,,Anger
4,4,8,30,45,4,4,8,13,30,,Anger
4,8,13,23,45,0.5,4,13,30,45,,Happy
4,8,10,30,30,0.5,4,11,13,30,,Anger
0.5,8,13,13,30,0.5,8,8,30,30,,Sad
0.5,4,8,13,30,4,8,8,13,30,,Anger
0.5,4,8,13,30,0.5,4,8,13,30,,Anger
4,4,8,30,30,0.5,4,8,30,30,,Anger
0.5,4,8,13,30,4,8,8,30,30,,Anger
0.5,4,8,13,30,0.5,4,8,13,30,,Anger
0.5,4,8,13,30,0.5,4,8,13,30,,Anger
0.5,4,8,13,45,0.5,4,8,13,45,,Anger
4,4,8,13,45,4,8,13,30,40,,Anger
4,4,8,26,30,0.5,8,8,13,30,,Anger
0.5,4,8,13,30,0.5,4,8,13,45,,Happy
0.5,8,13,13,45,0.5,4,13,13,30,,Neutral
4,8,13,20,31,4,4,13,13,45,,Sad
4,8,13,30,45,4,8,13,13,45,,Happy
4,4,8,30,30,4,8,8,13,30,,Anger
0.5,8,13,13,45,0.5,4,13,13,30,,Neutral
0.5,8,13,13,45,0.5,8,13,13,30,,Neutral
0.5,4,8,13,30,0.5,4,8,13,30,,Anger
4,4,8,30,30,4,8,13,30,45,,Anger
0.5,4,8,13,30,4,4,8,13,30,,Happy
4,8,13,13,30,0.5,4,13,13,45,,Neutral
4,4,8,30,30,4,8,8,30,45,,Anger
4,4,8,13,30,4,8,13,21,30,,Sad
0.5,8,13,13,45,4,4,13,13,45,,Neutral
1,8,13,26,45,0.5,8,8,30,30,,Sad
4,4,8,30,45,0.5,4,8,13,30,,Anger
4,4,8,14,30,4,8,8,30,30,,Anger
4,4,8,28,45,4,8,8,13,30,,Anger
0.5,6,8,13,30,0.5,8,8,13,30,,Anger
0.5,4,8,13,30,4,4,8,13,30,,Happy
0.5,8,13,13,40,4,8,8,18,30,,Happy
4,4,8,30,45,0.5,8,8,30,33,,Anger
0.5,8,13,13,30,4,8,8,30,30,,Happy
0.5,8,13,13,45,0.5,4,13,13,30,,Neutral
0.5,4,8,13,30,0.5,4,8,13,30,,Anger
0.5,4,8,13,30,0.5,8,8,13,32,,Anger
0.5,4,8,13,30,4,8,8,30,45,,Anger
4,8,13,13,30,4,8,8,13,42,,Anger
0.5,8,13,13,30,0.5,4,13,13,30,,Neutral
4,8,13,30,30,4,8,8,13,30,,Sad
4,8,13,30,30,4,8,13,30,30,,Sad
0.5,8,13,13,45,4,8,8,13,45,,Happy
4,8,13,30,45,4,8,13,30,30,,Anger
0.5,8,13,13,30,4,4,8,13,30,,Happy
4,6,13,30,30,4,8,13,30,45,,Anger
0.5,8,13,13,45,0.5,4,8,13,45,,Happy
0.5,4,8,13,45,0.5,8,13,13,30,,Anger
0.5,8,13,13,30,4,8,13,13,30,,Neutral
0.5,8,13,13,30,4,4,13,13,39,,Neutral
4,8,13,30,30,0.5,8,13,30,30,,Sad
0.5,8,13,13,30,0.5,4,8,13,45,,Anger
0.5,4,8,13,39,0.5,4,8,13,30,,Anger
0.5,8,13,13,44,4,4,8,13,30,,Anger
4,4,8,30,30,4,8,13,30,30,,Anger
0.5,8,13,13,35,4,4,8,13,45,,Sad
0.5,8,13,13,30,4,4,8,13,30,,Happy
0.5,4,8,13,30,4,8,13,14,30,,Anger
4,8,13,13,33,4,8,13,13,30,,Neutral
4,7,8,30,45,4,8,8,13,30,,Happy
0.5,8,13,13,30,0.5,4,13,13,30,,Neutral
0.5,4,8,13,30,0.5,4,13,13,30,,Anger
4,8,13,30,30,4,4,8,30,30,,Sad
4,8,13,13,30,4,8,13,30,30,,Anger
0.5,4,8,13,45,0.5,8,8,30,30,,Anger
4,8,13,30,30,4,8,13,30,30,,Sad
4,8,13,13,30,0.5,8,13,13,30,,Neutral
4,4,8,30,30,4,4,13,30,45,,Anger
0.5,4,8,13,30,0.5,8,8,13,30,,Anger
0.5,4,8,13,30,0.5,4,8,13,30,,Anger
3,8,13,18,30,1,4,8,13,45,,Anger
4,8,13,30,45,0.5,4,13,30,30,,Sad
4,8,13,23,30,0.5,8,13,23,30,,Sad
4,8,13,30,30,4,4,12,13,30,,Sad
0.5,8,13,13,45,4,4,13,13,45,,Neutral
4,8,8,30,30,0.5,4,8,13,30,,Anger
4,8,13,30,30,4,4,8,15,30,,Sad
0.5,8,13,13,30,4,4,13,13,30,,Neutral
4,8,13,24,30,4,4,13,13,45,,Sad
0.5,8,13,13,30,4,4,8,30,30,,Happy
0.5,4,8,13,30,4,4,8,13,45,,Happy
4,8,13,30,45,4,8,13,30,31,,Anger
0.5,8,13,13,30,0.5,4,13,30,45,,Sad
0.5,8,8,13,30,0.5,8,13,13,30,,Anger
0.5,4,8,13,30,0.5,4,8,13,45,,Happy
0.5,8,13,13,45,0.5,8,13,13,45,,Neutral
0.5,8,13,13,30,0.5,4,13,13,30,,Neutral
4,8,13,13,30,4,4,13,13,30,,Neutral
0.5,8,13,13,45,4,4,13,13,32,,Neutral
4,8,13,30,30,0.5,8,13,13,30,,Sad
4,4,8,13,30,4,8,13,13,45,,Happy
4,4,8,30,30,0.5,8,13,13,30,,Anger
4,4,8,20,30,0.5,8,13,13,30,,Anger
4,8,13,30,30,4,8,13,13,45,,Happy
0.5,4,8,13,30,4,4,8,13,30,,Happy
4,8,13,19,30,0.5,8,8,13,30,,Anger
4,4,13,16,43,4,4,8,13,30,,Anger
4,8,13,18,30,0.5,4,8,13,45,,Anger
4,8,13,30,30,0.5,4,13,13,45,,Anger
2,4,8,30,30,0.5,4,8,13,45,,Anger
0.5,4,13,13,45,4,8,8,30,44,,Anger
0.5,4,8,13,30,0.5,4,8,13,30,,Anger
4,4,8,30,45,3,4,8,13,45,,Anger
0.5,8,13,13,45,0.5,4,13,13,30,,Neutral
0.5,4,8,13,30,0.5,8,13,16,30,,Anger
4,4,8,30,30,0.5,8,13,13,30,,Anger
0.5,8,13,13,45,4,4,13,13,30,,Neutral
4,4,8,27,30,0.5,8,8,13,45,,Anger
4,8,13,30,30,4,8,13,17,30,,Sad
2,8,13,13,30,4,8,13,13,30,,Neutral
0.5,8,13,13,30,0.5,8,13,13,45,,Neutral
4,4,8,16,30,0.5,8,13,17,45,,Happy
0.5,4,13,13,30,4,8,13,13,45,,Neutral
4,4,8,30,45,4,4,8,13,30,,Anger
4,4,10,30,30,0.5,8,13,18,30,,Anger
0.5,8,13,13,30,4,8,13,13,30,,Neutral
4,4,8,30,30,0.5,8,13,30,30,,Anger
0.5,8,13,13,30,4,4,13,13,30,,Neutral
0.5,4,8,13,45,0.5,8,8,30,30,,Anger
0.5,8,13,13,30,4,8,13,13,30,,Neutral
0.5,4,8,13,30,0.5,4,8,13,42,,Happy
0.5,8,8,13,30,4,4,8,13,30,,Happy
0.5,4,8,13,30,4,8,13,13,31,,Anger
0.5,8,13,13,30,0.5,4,8,13,33,,Anger
0.5,8,13,13,45,4,8,13,13,30,,Neutral
4,4,8,30,30,4,4,8,13,30,,Anger
0.5,4,8,13,30,0.5,4,13,13,30,,Anger
4,8,13,30,45,4,4,8,30,45,,Happy
4,4,8,13,30,0.5,4,8,13,30,,Anger
0.5,8,13,13,30,0.5,6,8,20,45,,Sad
0.5,4,8,13,30,0.5,4,8,13,30,,Anger
0.5,4,10,13,30,0.5,4,8,14,30,,Anger
4,8,13,13,45,4,8,13,13,30,,Neutral
0.5,8,13,13,30,4,4,13,13,45,,Neutral
0.5,4,8,13,30,0.5,4,13,30,30,,Anger
0.5,4,8,13,30,0.5,4,8,13,30,,Anger
0.5,4,8,13,45,0.5,8,13,13,30,,Anger
0.5,8,13,13,45,0.5,4,8,13,45,,Happy
0.5,8,13,13,30,0.5,4,8,13,45,,Anger
4,4,8,13,30,4,4,13,13,30,,Happy
4,8,13,13,43,0.5,4,13,13,45,,Neutral
4,8,13,13,30,0.5,4,13,13,30,,Neutral
4,8,13,13,30,0.5,4,13,13,45,,Neutral
0.5,4,8,13,30,4,4,10,13,30,,Happy
0.5,8,13,13,30,0.5,4,8,13,30,,Anger
0.5,8,13,13,30,0.5,4,13,13,30,,Neutral
0.5,4,13,13,30,0.5,8,13,30,45,,Sad
4,4,8,30,30,4,8,8,30,30,,Anger
0.5,8,13,13,45,0.5,8,13,30,30,,Anger
0.5,4,8,13,30,4,4,10,13,30,,Happy
0.5,4,13,13,30,0.5,8,13,13,30,,Neutral
0.5,4,13,13,30,0.5,4,13,13,30,,Neutral
0.5,8,13,13,30,0.5,8,13,13,30,,Neutral
4,8,8,30,45,4,8,13,30,30,,Anger
0.5,4,8,13,45,4,8,8,13,45,,Anger
0.5,8,13,13,30,4,8,13,13,30,,Neutral
0.5,8,13,13,45,0.5,4,13,13,30,,Neutral
4,8,13,30,30,0.5,8,13,30,30,,Sad
0.5,8,13,13,45,0.5,4,13,13,30,,Neutral
0.5,8,13,13,30,4,4,8,13,30,,Happy
0.5,4,8,13,30,0.5,4,8,13,30,,Anger
0.5,8,13,13,45,0.5,8,8,30,30,,Anger
0.5,8,13,13,45,4,4,13,13,45,,Neutral
0.5,8,13,13,45,0.5,4,13,13,30,,Neutral
4,4,8,30,30,4,8,13,30,45,,Anger
4,8,13,13,30,4,8,13,13,44,,Neutral
0.5,8,13,13,45,0.5,4,13,13,30,,Neutral
0.5,8,8,15,30,0.5,4,13,13,30,,Anger
0.5,8,13,13,45,4,4,8,13,45,,Happy
4,4,8,13,30,0.5,8,8,13,45,,Anger
4,4,8,30,30,0.5,8,8,13,30,,Anger
0.5,8,13,13,45,0.5,8,13,13,30,,Neutral
4,4,8,30,30,4,4,8,13,30,,Anger
4,4,8,30,45,0.5,8,8,30,45,,Anger
4,8,13,13,30,0.5,8,13,25,30,,Anger
4,7,13,30,45,4,8,13,30,45,,Anger
0.5,4,8,13,30,4,4,8,13,30,,Happy
0.5,4,8,13,30,0.5,8,8,13,30,,Anger
4,8,13,13,30,4,4,13,13,37,,Neutral
0.5,4,8,13,30,0.5,4,8,13,45,,Happy
0.5,4,8,13,30,0.5,4,8,13,30,,Anger
4,8,13,30,31,0.5,4,13,13,30,,Anger
0.5,8,8,13,30,0.5,4,8,30,30,,Anger
0.5,4,8,13,30,0.5,4,8,13,30,,Anger
0.5,4,8,13,30,0.5,4,8,13,30,,Anger
0.5,4,8,13,30,0.5,4,13,13,30,,Anger
4,4,8,30,30,4,8,13,30,30,,Anger
4,8,12,13,34,4,8,13,13,36,,Sad
0.5,8,13,13,45,4,4,13,13,30,,Neutral
0.5,6,13,13,30,4,4,8,30,45,,Happy
4,4,8,13,30,4,4,8,13,30,,Happy
4,4,8,14,30,0.5,8,13,30,45,,Anger
4,4,8,30,45,0.5,4,8,13,30,,Anger
0.5,4,8,13,30,0.5,4,8,13,30,,Anger
4,8,13,30,30,4,4,8,30,30,,Sad
0.5,4,8,13,30,4,8,8,13,30,,Anger
4,8,13,16,45,0.5,8,8,30,30,,Anger
4,8,13,30,45,3,8,13,13,43,,Happy
0.5,4,8,13,30,4,8,8,13,30,,Anger
4,8,13,13,30,4,4,13,13,30,,Neutral
0.5,8,13,13,30,0.5,8,8,13,30,,Anger
0.5,8,8,13,30,0.5,4,8,13,30,,Happy
0.5,4,8,13,30,0.5,4,8,18,30,,Anger
4,8,13,30,39,4,4,8,13,30,,Anger
0.5,8,13,13,30,4,8,13,13,30,,Neutral
0.5,8,13,13,30,0.5,4,8,13,30,,Anger
0.5,8,12,14,45,4,8,13,30,45,,Anger
4,8,8,14,30,0.5,8,8,30,30,,Anger
4,4,8,30,45,4,4,13,30,30,,Anger
0.5,8,13,13,45,4,4,8,13,45,,Happy
4,8,13,30,45,4,8,13,30,45,,Anger
4,4,8,13,30,0.5,8,13,21,30,,Sad
4,8,13,30,41,0.5,8,13,30,45,,Happy
2,8,13,13,30,0.5,4,13,13,33,,Neutral
4,4,8,13,30,4,8,13,21,30,,Sad
0.5,8,13,13,45,0.5,4,13,13,30,,Neutral
0.5,8,13,13,30,4,4,13,13,30,,Neutral
4,8,13,30,45,4,8,13,30,45,,Anger
0.5,8,13,13,30,0.5,8,13,13,45,,Neutral
0.5,8,13,13,30,2,4,13,13,30,,Neutral
0.5,4,8,13,30,4,7,8,13,36,,Anger
0.5,8,13,13,45,4,4,13,13,34,,Neutral
0.5,7,8,13,30,0.5,4,8,13,30,,Anger
4,8,13,24,45,4,4,13,13,42,,Happy
0.5,4,8,13,30,0.5,8,13,30,30,,Anger
0.5,4,8,13,30,0.5,4,8,13,30,,Anger
0.5,8,8,13,30,0.5,4,13,13,30,,Anger
0.5,4,8,13,45,0.5,4,8,13,30,,Anger
0.5,8,13,13,30,4,4,13,13,30,,Neutral
0.5,8,13,13,45,0.5,4,13,13,30,,Neutral
0.5,8,13,13,45,0.5,4,13,13,30,,Neutral
4,8,8,13,30,0.5,4,8,13,30,,Anger
4,8,13,13,45,0.5,4,13,13,30,,Neutral
4,8,13,13,30,0.5,8,8,13,35,,Anger
0.5,4,8,13,32,4,8,8,13,30,,Anger
4,8,13,30,30,4,4,13,13,30,,Sad
0.5,4,8,13,30,0.5,4,8,13,30,,Anger
0.5,8,13,13,30,4,8,13,30,30,,Happy
0.5,4,8,13,45,4,8,8,13,30,,Anger
4,4,8,13,30,0.5,8,13,18,30,,Anger
4,4,8,27,30,4,8,13,30,45,,Anger
4,8,13,22,30,0.5,8,13,16,37,,Sad
4,8,13,13,30,4,4,9,13,30,,Anger
0.5,8,13,13,45,4,4,8,13,30,,Anger
0.5,4,12,13,30,4,4,8,13,30,,Anger
0.5,8,13,13,30,4,4,13,13,30,,Neutral
0.5,8,8,13,30,0.5,4,13,13,30,,Anger
0.5,8,13,13,30,4,4,13,13,45,,Neutral
2,8,13,13,30,4,8,13,13,30,,Neutral
4,4,8,30,45,0.5,4,8,13,30,,Anger
0.5,8,13,13,30,0.5,4,13,13,30,,Neutral
4,4,8,30,30,4,8,13,13,30,,Anger
0.5,4,8,13,45,0.5,8,8,13,45,,Anger
4,8,13,26,45,0.5,8,13,13,45,,Happy
0.5,4,8,13,30,0.5,8,13,13,30,,Anger
0.5,8,13,13,45,0.5,4,13,13,30,,Neutral
0.5,8,13,13,30,0.5,4,8,13,33,,Anger
0.5,8,13,13,45,0.5,4,8,13,30,,Sad
0.5,8,8,13,30,4,4,10,13,30,,Happy
0.5,4,8,13,30,0.5,8,8,30,30,,Anger
0.5,8,13,13,30,0.5,4,13,13,34,,Neutral
4,4,8,13,30,0.5,8,8,13,45,,Anger
0.5,8,13,13,30,0.5,4,13,13,30,,Neutral
0.5,8,13,13,30,4,4,13,13,37,,Neutral
4,8,13,16,30,4,4,13,18,45,,Sad
4,8,13,30,30,4,4,13,13,45,,Sad
4,8,13,30,30,4,8,13,30,30,,Sad
4,8,13,16,42,4,8,13,13,30,,Sad
0.5,8,13,13,30,4,4,13,13,43,,Neutral
4,4,13,13,30,0.5,8,8,30,30,,Sad
0.5,8,8,13,45,0.5,4,8,13,30,,Happy
0.5,4,8,13,30,0.5,4,8,14,30,,Anger
4,4,8,30,30,0.5,4,13,13,30,,Anger
0.5,4,8,13,45,0.5,4,13,13,30,,Happy
0.5,8,13,13,30,4,4,8,13,32,,Happy
0.5,4,8,13,30,0.5,4,8,13,30,,Anger
4,4,13,19,30,4,4,8,13,30,,Anger
0.5,8,13,13,30,4,4,13,13,30,,Neutral
0.5,8,13,13,30,4,8,13,13,45,,Neutral
0.5,4,8,13,35,4,4,13,30,45,,Anger
0.5,8,13,13,45,4,4,13,13,30,,Neutral
0.5,8,13,13,45,0.5,4,13,13,45,,Neutral
4,4,8,30,30,4,8,13,30,30,,Anger
4,4,8,30,33,0.5,4,13,13,45,,Anger
0.5,4,8,13,30,4,8,13,13,45,,Sad
0.5,4,8,13,30,4,8,8,13,30,,Anger
3,8,12,13,30,0.5,8,13,30,30,,Anger
0.5,4,8,13,45,0.5,8,13,13,45,,Sad
4,4,8,13,30,0.5,4,8,13,30,,Anger
4,8,13,30,30,4,8,8,30,30,,Sad
0.5,4,8,13,45,4,4,8,13,30,,Happy
0.5,8,12,13,30,0.5,8,8,30,45,,Happy
4,8,13,30,30,4,4,13,30,45,,Happy
0.5,8,13,13,30,0.5,8,13,22,45,,Anger
0.5,4,8,13,30,0.5,8,13,28,45,,Anger
0.5,8,13,13,30,4,8,13,13,30,,Neutral
0.5,8,13,13,35,4,4,8,18,35,,Happy
0.5,4,8,13,30,0.5,4,8,13,30,,Anger
4,4,8,13,30,0.5,4,8,13,40,,Anger
0.5,4,8,13,30,4,4,13,13,30,,Anger
4,4,8,30,30,0.5,4,8,13,30,,Anger
4,4,8,30,30,0.5,4,8,13,30,,Anger
4,8,8,13,37,0.5,4,8,13,45,,Happy
4,5,8,30,30,4,8,8,13,30,,Anger
3,8,13,13,30,0.5,8,13,13,30,,Neutral
0.5,4,8,13,30,4,4,13,13,45,,Sad
0.5,8,13,13,30,0.5,8,13,13,45,,Neutral
0.5,4,8,13,30,4,8,13,30,30,,Anger
0.5,4,8,13,30,0.5,8,13,30,30,,Anger
4,8,13,30,30,4,8,8,13,30,,Sad
0.5,8,13,13,30,0.5,8,13,13,30,,Neutral
0.5,4,8,13,30,4,4,13,13,45,,Sad
0.5,8,13,13,30,4,4,8,30,30,,Happy
4,8,11,30,30,0.5,8,13,22,30,,Anger
4,4,8,27,45,4,4,13,30,30,,Anger
4,4,8,13,45,4,4,8,13,30,,Anger
0.5,4,13,13,30,4,4,13,13,45,,Neutral
0.5,4,8,13,30,4,4,10,13,30,,Happy
4,8,13,30,30,4,4,8,30,30,,Sad
0.5,4,8,13,45,0.5,8,8,30,45,,Anger
0.5,4,8,13,45,4,4,8,13,30,,Happy
0.5,8,8,13,30,0.5,4,8,13,30,,Happy
4,8,13,30,45,4,8,13,30,30,,Anger
4,8,11,30,30,0.5,8,13,22,30,,Anger
4,8,13,30,45,0.5,8,8,13,45,,Anger
0.5,8,13,13,45,4,8,13,13,30,,Neutral
4,4,8,13,30,4,8,8,13,30,,Happy
0.5,4,8,13,30,2,8,8,13,30,,Anger
4,4,13,30,45,0.5,4,8,13,30,,Sad
0.5,4,8,13,30,0.5,4,8,13,30,,Anger
0.5,4,8,13,30,4,4,8,13,30,,Happy
4,5,8,13,33,4,4,8,13,30,,Happy
0.5,4,8,13,45,0.5,8,13,13,30,,Anger
0.5,8,13,13,42,0.5,8,13,13,30,,Neutral
4,8,13,30,45,0.5,8,8,13,30,,Sad
4,8,13,30,32,0.5,4,8,30,30,,Sad
4,8,13,30,45,4,6,13,30,45,,Anger
0.5,8,13,13,30,4,4,13,13,30,,Neutral
4,5,8,15,30,3,8,8,29,30,,Anger
0.5,8,13,13,30,4,4,8,13,30,,Happy
0.5,4,8,13,30,4,8,8,30,30,,Anger
0.5,8,13,13,30,0.5,4,13,13,30,,Neutral
4,4,13,30,45,4,8,13,30,30,,Sad
4,8,13,13,42,4,4,13,13,30,,Neutral
0.5,8,13,13,30,1,8,8,13,30,,Anger
4,4,13,13,30,4,4,13,13,40,,Neutral
4,8,13,30,30,4,6,9,30,30,,Sad
4,4,8,30,30,4,8,13,30,32,,Anger
4,8,13,13,35,0.5,4,8,15,30,,Anger
4,8,8,30,45,4,8,13,13,45,,Happy
4,8,13,30,44,4,4,13,13,30,,Sad
0.5,8,8,13,30,0.5,8,8,13,45,,Happy
0.5,8,13,13,45,0.5,8,13,13,45,,Neutral
4,8,13,30,30,0.5,8,13,13,30,,Sad
0.5,8,13,13,30,0.5,4,13,13,45,,Neutral
0.5,4,8,13,30,4,4,8,13,30,,Happy
0.5,8,13,13,45,4,4,13,13,30,,Neutral
0.5,4,8,13,30,0.5,4,8,18,30,,Anger
0.5,8,13,13,30,0.5,4,8,14,30,,Anger
0.5,4,8,13,30,4,4,8,13,30,,Happy
0.5,8,13,13,30,0.5,8,13,13,45,,Neutral
0.5,8,13,13,30,4,8,13,13,45,,Neutral
0.5,8,13,13,30,4,8,13,13,45,,Neutral
0.5,8,13,13,45,0.5,8,13,30,45,,Anger
0.5,8,13,13,30,4,8,13,13,45,,Neutral
0.5,4,8,13,45,0.5,8,8,13,45,,Anger
0.5,4,8,13,30,4,4,8,13,30,,Happy
4,8,13,30,30,4,8,13,13,45,,Happy
4,8,13,30,30,4,4,13,13,30,,Sad
4,8,13,30,30,4,4,8,13,45,,Anger
0.5,4,8,13,30,4,8,13,30,30,,Anger
0.5,8,13,13,30,0.5,4,8,30,30,,Sad
0.5,4,8,13,30,4,8,8,13,30,,Anger
4,8,13,30,30,4,4,11,13,30,,Sad
4,4,8,30,45,0.5,4,8,13,30,,Anger
0.5,8,13,13,30,4,8,13,13,45,,Neutral
4,8,13,13,30,0.5,4,12,13,30,,Sad
4,8,13,30,30,4,8,13,30,30,,Sad
4,8,13,30,30,0.5,4,13,13,30,,Anger
4,4,8,13,30,4,8,9,30,30,,Anger
0.5,4,8,13,45,0.5,8,13,30,30,,Anger
0.5,4,8,13,30,4,4,8,13,45,,Happy
0.5,4,8,13,30,0.5,4,8,13,30,,Anger
0.5,8,13,13,39,0.5,4,13,13,30,,Neutral
0.5,4,8,13,30,0.5,4,8,13,30,,Anger
4,4,8,14,30,4,8,8,30,30,,Anger
4,4,8,30,30,4,4,13,13,45,,Anger
0.5,8,11,13,32,4,4,8,13,30,,Happy
4,4,8,27,30,4,8,13,28,30,,Anger
4,4,8,30,30,4,4,8,13,45,,Anger
0.5,8,13,13,30,0.5,8,13,13,45,,Neutral
4,4,8,30,30,0.5,8,8,13,30,,Anger
3,8,13,13,30,4,4,13,13,30,,Neutral
0.5,4,8,13,45,0.5,4,13,30,30,,Anger
0.5,8,13,13,45,0.5,8,13,13,30,,Neutral
4,4,8,30,30,0.5,8,13,13,45,,Anger
0.5,4,13,13,30,4,4,13,13,45,,Neutral
0.5,4,8,13,30,0.5,4,8,13,30,,Anger
4,8,13,30,34,0.5,4,8,13,30,,Anger
0.5,4,8,13,30,0.5,4,13,30,30,,Anger
0.5,8,13,13,30,4,8,8,30,30,,Happy
4,8,13,30,31,4,8,8,30,30,,Sad
0.5,8,13,13,30,0.5,4,8,13,30,,Anger
0.5,8,13,13,30,0.5,8,13,13,30,,Neutral
4,8,13,30,30,0.5,4,13,13,45,,Anger
0.5,4,8,13,30,0.5,4,8,13,30,,Anger
0.5,4,8,13,45,0.5,8,8,30,30,,Anger
0.5,8,13,13,45,0.5,4,13,13,30,,Neutral
0.5,4,8,13,30,0.5,8,13,29,30,,Anger
0.5,4,8,13,30,0.5,8,8,26,30,,Anger
4,4,8,30,30,4,5,8,19,30,,Anger
0.5,8,8,30,40,0.5,8,13,30,30,,Anger
4,4,8,30,45,0.5,4,13,13,30,,Anger
0.5,8,13,13,45,0.5,8,8,13,30,,Sad
0.5,4,8,13,30,0.5,4,8,13,30,,Anger
4,4,13,30,45,2,8,13,13,30,,Sad
4,8,13,30,30,0.5,8,8,30,45,,Sad
4,8,13,30,30,0.5,4,13,13,45,,Anger
3,8,13,13,30,4,4,13,13,30,,Neutral
4,4,8,14,43,4,8,13,30,30,,Anger
0.5,8,13,13,30,0.5,4,13,13,35,,Neutral
4,8,13,13,45,0.5,8,8,13,30,,Anger
4,4,8,13,45,0.5,8,10,30,45,,Anger
0.5,4,8,13,45,4,4,8,13,30,,Happy
4,6,8,13,30,0.5,6,13,13,30,,Anger
4,8,13,30,30,0.5,8,13,30,45,,Happy
0.5,8,13,13,30,0.5,4,13,13,30,,Neutral
0.5,8,13,13,30,0.5,4,8,30,30,,Sad
4,8,13,30,45,0.5,8,8,30,30,,Sad
0.5,4,8,13,30,4,4,13,13,30,,Anger
4,4,8,30,30,2,8,13,13,30,,Anger
4,8,13,13,30,4,8,13,13,44,,Neutral
0.5,4,8,13,45,0.5,8,8,30,30,,Anger
4,8,13,13,30,0.5,8,13,13,30,,Neutral
2,8,13,13,30,4,8,13,13,42,,Neutral
4,8,13,13,45,4,4,13,13,30,,Neutral
0.5,4,8,13,30,0.5,4,8,13,30,,Anger
0.5,4,8,13,30,0.5,4,8,13,30,,Anger
4,4,8,13,30,0.5,4,8,13,30,,Anger
0.5,8,13,13,30,0.5,4,13,13,30,,Neutral
4,4,8,30,45,4,4,13,13,45,,Anger
0.5,8,13,13,30,4,4,13,13,30,,Neutral
0.5,4,8,13,30,0.5,8,8,13,30,,Anger
4,4,8,30,30,0.5,8,8,30,30,,Anger
0.5,4,8,13,30,0.5,4,8,13,30,,Anger
0.5,8,13,13,30,0.5,4,13,13,30,,Neutral
4,8,8,15,45,4,8,8,13,45,,Anger
0.5,8,13,13,30,0.5,4,13,13,30,,Neutral
0.5,8,13,13,30,4,8,8,13,30,,Happy
4,4,13,30,30,4,8,8,13,30,,Anger
4,8,13,30,45,4,4,8,30,30,,Sad
4,8,8,30,30,4,4,13,13,30,,Happy
0.5,8,12,13,30,0.5,8,8,13,30,,Anger
0.5,8,13,13,30,4,4,13,13,45,,Neutral
0.5,8,13,13,30,0.5,4,8,30,45,,Sad
0.5,8,13,13,45,4,8,13,30,45,,Anger
0.5,8,13,13,30,4,8,13,13,30,,Neutral
0.5,4,8,13,30,4,4,8,13,30,,Happy
4,8,13,13,30,4,4,13,13,30,,Neutral
4,4,13,30,30,0.5,4,8,13,30,,Anger
4,4,8,30,30,0.5,8,8,30,45,,Anger
0.5,8,13,13,30,0.5,4,13,13,45,,Neutral
0.5,8,13,13,45,0.5,4,8,13,34,,Sad
0.5,4,8,13,30,4,4,8,13,30,,Happy
0.5,8,13,13,30,4,8,13,13,45,,Neutral
0.5,4,8,13,30,4,4,8,13,30,,Happy
0.5,8,13,13,30,0.5,8,13,13,30,,Neutral
4,4,8,30,30,4,8,13,30,30,,Anger
0.5,4,13,13,30,4,4,13,13,45,,Neutral
0.5,8,13,13,45,0.5,4,13,13,30,,Neutral
0.5,8,13,13,30,4,8,8,13,30,,Happy
0.5,4,8,13,30,0.5,4,8,13,30,,Anger
4,4,8,30,30,0.5,4,8,13,30,,Anger
0.5,8,13,13,45,0.5,8,8,30,45,,Anger
4,4,8,30,45,4,4,13,13,45,,Anger
4,4,8,30,30,4,4,8,13,30,,Anger
4,4,8,13,30,4,8,13,13,45,,Happy
0.5,4,8,13,30,0.5,8,8,14,30,,Anger
0.5,8,13,13,30,0.5,4,13,13,34,,Neutral
4,4,13,30,30,0.5,8,13,30,30,,Sad
4,4,8,30,30,4,8,13,18,45,,Anger
0.5,4,8,13,30,0.5,4,8,13,30,,Anger
4,4,8,30,30,0.5,4,8,13,30,,Anger
4,4,8,13,45,4,8,13,30,40,,Anger
0.5,4,8,13,30,0.5,4,13,13,30,,Anger
0.5,4,9,13,30,0.5,4,8,13,30,,Anger
0.5,4,8,13,30,0.5,4,8,18,30,,Anger
4,5,13,30,45,4,8,13,30,45,,Anger
4,8,13,30,45,4,8,13,29,30,,Anger
0.5,4,8,13,30,4,8,13,13,30,,Anger
0.5,4,8,13,30,0.5,4,8,13,30,,Anger
0.5,4,8,13,30,0.5,4,8,13,30,,Anger
4,4,8,30,30,0.5,8,13,30,30,,Anger
0.5,8,13,13,45,4,4,13,13,30,,Neutral
4,7,8,30,30,4,4,8,13,30,,Anger
0.5,8,13,13,45,4,8,13,13,45,,Neutral
0.5,4,8,13,30,2,4,8,13,30,,Anger
0.5,4,8,13,30,0.5,4,8,13,30,,Anger
4,8,13,13,30,4,8,8,13,30,,Anger
0.5,8,13,13,45,4,8,13,30,30,,Anger
0.5,8,13,13,30,4,4,13,13,30,,Neutral
0.5,8,13,13,30,0.5,4,13,13,30,,Neutral
0.5,8,13,13,30,0.5,4,8,13,36,,Anger
0.5,8,13,13,45,4,4,13,13,30,,Neutral
4,8,13,13,30,0.5,8,13,13,30,,Neutral
0.5,8,13,13,45,4,8,13,13,30,,Neutral
0.5,4,8,13,30,0.5,8,8,13,45,,Anger
4,8,13,13,30,0.5,8,13,13,30,,Neutral
0.5,8,13,13,30,4,4,13,30,45,,Sad
0.5,8,13,13,30,0.5,4,8,13,30,,Anger
4,8,13,13,41,4,8,13,13,30,,Neutral
4,4,8,30,30,4,4,13,22,30,,Anger
0.5,8,13,13,30,4,4,13,13,45,,Neutral
0.5,4,8,13,30,4,4,13,30,30,,Anger
0.5,8,13,13,30,4,4,13,13,30,,Neutral
4,4,13,14,30,0.5,8,8,30,30,,Sad
4,8,13,30,39,4,4,8,13,30,,Anger
0.5,8,8,13,30,0.5,4,8,13,30,,Happy
4,4,8,30,30,0.5,8,11,13,30,,Anger
4,8,13,30,45,0.5,8,13,30,30,,Sad
4,8,13,13,30,0.5,8,13,30,45,,Anger
0.5,4,8,13,30,0.5,4,8,13,30,,Anger
4,8,13,30,45,0.5,4,8,13,30,,Anger
4,8,13,30,30,0.5,8,13,30,30,,Sad
0.5,8,13,13,30,4,8,13,13,45,,Neutral
0.5,4,8,13,30,0.5,4,8,13,30,,Anger
0.5,4,13,13,45,4,8,13,13,30,,Neutral
4,4,8,23,30,0.5,4,8,13,38,,Anger
0.5,4,13,13,30,0.5,4,13,13,30,,Neutral
0.5,4,13,13,43,4,8,13,27,30,,Sad
4,8,13,30,30,0.5,4,8,13,30,,Anger
0.5,8,13,13,30,4,8,13,13,30,,Neutral
0.5,8,13,13,30,4,4,13,13,30,,Neutral
0.5,4,8,13,30,0.5,4,8,13,30,,Anger
4,8,13,30,45,0.5,8,13,30,30,,Sad
0.5,4,8,13,45,4,8,13,13,45,,Sad
0.5,4,8,13,30,4,4,8,13,30,,Happy
0.5,8,13,13,30,4,4,8,13,30,,Happy
0.5,4,8,13,30,0.5,8,8,13,45,,Anger
4,4,8,23,30,4,4,8,13,30,,Anger
4,8,13,13,45,0.5,8,13,13,30,,Neutral
4,8,13,30,30,4,8,8,30,45,,Happy
4,4,8,14,30,4,4,13,30,30,,Happy
0.5,8,13,13,30,0.5,4,13,13,30,,Neutral
0.5,4,8,13,45,0.5,4,13,13,45,,Sad
4,4,8,14,30,4,8,13,30,30,,Anger
4,4,8,21,30,4,4,13,13,30,,Happy
0.5,8,13,13,45,4,8,13,13,30,,Neutral
0.5,4,8,13,30,0.5,4,8,30,45,,Happy
4,8,13,30,30,0.5,8,8,13,45,,Anger
0.5,4,8,13,30,0.5,4,8,30,30,,Anger
0.5,8,13,13,30,4,4,13,13,30,,Neutral
4,8,13,30,45,4,8,13,30,45,,Anger
0.5,4,8,13,30,4,4,8,13,30,,Happy
0.5,8,13,13,30,0.5,4,8,13,45,,Anger
0.5,4,8,13,32,0.5,4,8,30,30,,Anger
0.5,8,13,13,45,4,8,13,30,45,,Anger
4,8,8,30,30,0.5,8,8,13,34,,Anger
0.5,4,8,13,42,4,4,8,13,30,,Happy
0.5,8,13,13,30,4,4,8,13,30,,Happy
4,8,13,30,30,4,8,13,26,30,,Sad
0.5,8,12,13,45,0.5,4,8,13,45,,Sad
4,8,13,30,30,0.5,8,8,30,30,,Sad
0.5,4,13,13,45,4,4,13,13,30,,Neutral
4,4,13,30,30,4,8,8,13,30,,Anger
0.5,8,13,13,30,0.5,4,8,13,30,,Anger
0.5,4,8,13,30,0.5,8,8,30,30,,Anger
0.5,8,13,13,30,0.5,4,13,13,30,,Neutral
0.5,4,8,13,36,0.5,4,8,27,30,,Anger
0.5,8,13,13,30,0.5,4,13,13,35,,Neutral
0.5,8,13,13,30,0.5,4,13,13,30,,Neutral
2,8,13,13,34,0.5,4,13,13,30,,Neutral
4,8,13,13,45,4,8,13,30,30,,Happy
4,8,13,28,30,0.5,4,8,16,30,,Anger
0.5,8,13,13,30,0.5,4,8,13,30,,Anger
0.5,4,8,13,30,0.5,4,8,13,30,,Anger
4,8,13,13,30,4,8,13,13,30,,Neutral
4,8,13,30,45,4,4,8,13,30,,Anger
0.5,8,13,13,30,4,4,13,13,30,,Neutral
4,8,13,14,30,0.5,8,13,13,30,,Neutral
0.5,8,13,13,45,4,8,13,13,45,,Neutral
4,4,13,13,30,0.5,8,13,13,30,,Neutral
0.5,4,8,18,43,4,4,8,13,45,,Happy
0.5,8,13,13,45,0.5,4,13,13,30,,Neutral
0.5,8,13,13,30,4,4,13,13,30,,Neutral
4,4,8,21,30,4,4,13,13,30,,Happy
4,4,8,13,45,0.5,8,13,30,30,,Anger
4,8,8,30,30,0.5,8,13,13,30,,Anger
0.5,4,8,13,30,0.5,4,8,13,30,,Anger
4,8,13,13,45,4,8,13,30,45,,Happy
0.5,8,13,13,30,0.5,4,13,13,30,,Neutral
4,8,13,30,30,4,4,13,13,36,,Sad
0.5,4,13,13,30,4,4,13,13,30,,Neutral
0.5,8,13,13,30,0.5,4,13,13,30,,Neutral
4,4,8,26,30,4,4,8,30,30,,Anger
4,8,8,13,30,0.5,4,8,13,30,,Anger
4,4,8,30,30,4,8,13,30,32,,Anger
4,8,12,13,45,4,5,13,13,30,,Sad
4,4,8,30,30,0.5,4,8,13,30,,Anger
0.5,8,13,13,30,0.5,8,13,30,30,,Anger
4,8,13,30,30,0.5,8,13,30,30,,Sad
4,8,13,30,35,4,4,13,30,30,,Sad
0.5,8,13,13,30,0.5,4,13,13,30,,Neutral
0.5,8,13,13,30,0.5,4,8,13,30,,Anger
0.5,8,13,13,30,0.5,8,13,13,30,,Neutral
4,8,13,30,30,0.5,8,13,30,45,,Happy
4,8,13,13,45,4,4,13,13,30,,Neutral
4,8,8,30,45,0.5,8,8,30,41,,Anger
4,4,8,30,45,2,8,8,13,30,,Anger
0.5,4,8,13,45,2,4,8,17,30,,Anger
0.5,8,13,13,30,4,4,13,13,30,,Neutral
0.5,4,8,13,30,0.5,4,8,13,30,,Anger
4,8,13,13,30,4,8,13,13,44,,Neutral
0.5,8,13,13,37,4,4,8,13,45,,Happy
0.5,4,13,13,30,0.5,8,13,13,30,,Neutral
0.5,8,13,13,30,0.5,8,13,13,30,,Neutral
0.5,4,8,13,30,4,4,13,13,30,,Anger
4,8,13,30,30,4,8,8,30,30,,Sad
0.5,8,13,13,30,0.5,8,8,13,30,,Anger
4,4,8,30,33,4,4,8,13,30,,Anger
0.5,8,13,13,30,4,4,13,13,30,,Neutral
0.5,8,13,13,30,0.5,4,13,13,30,,Neutral
0.5,4,8,13,45,4,4,8,13,30,,Happy
0.5,4,8,13,33,1,4,8,13,30,,Anger
0.5,8,13,13,30,0.5,4,13,13,30,,Neutral
4,8,13,30,30,0.5,8,13,13,30,,Sad
0.5,8,12,13,30,4,4,8,22,30,,Happy
0.5,8,13,13,30,4,8,13,13,30,,Neutral
0.5,8,13,13,45,4,8,8,30,33,,Happy
4,8,13,20,30,0.5,4,13,13,30,,Anger
0.5,4,8,13,30,0.5,4,8,13,30,,Anger
4,4,8,30,30,0.5,8,13,13,30,,Anger
0.5,4,8,13,32,4,4,8,13,30,,Happy
0.5,4,8,13,45,0.5,4,8,13,30,,Anger
0.5,4,8,13,30,4,4,8,13,30,,Happy
4,8,8,30,30,4,8,13,19,30,,Happy
0.5,8,13,13,30,4,4,13,13,45,,Neutral
0.5,4,8,13,45,4,4,8,13,30,,Happy
0.5,7,13,13,30,0.5,4,13,13,31,,Neutral
0.5,8,13,13,30,4,4,13,13,30,,Neutral
4,4,8,15,30,0.5,4,8,13,30,,Anger
4,4,13,30,30,4,8,13,30,30,,Anger
4,4,8,30,30,4,8,10,30,30,,Anger
0.5,8,13,13,45,4,8,13,13,30,,Neutral
4,8,13,13,30,4,8,13,13,30,,Neutral
0.5,8,13,13,30,0.5,8,13,30,45,,Anger
0.5,4,8,13,30,0.5,4,8,13,45,,Happy
4,4,8,30,43,0.5,8,8,13,45,,Anger
4,4,8,30,45,0.5,4,8,13,30,,Anger
0.5,4,8,13,30,4,4,13,30,35,,Anger
4,8,13,13,43,0.5,4,13,13,45,,Neutral
0.5,8,13,13,30,0.5,8,13,13,44,,Neutral
1,8,13,18,30,4,8,8,13,30,,Sad
0.5,4,8,13,30,0.5,4,8,13,30,,Anger
4,4,8,17,30,0.5,4,8,30,30,,Anger
4,8,13,25,30,0.5,8,8,30,30,,Sad
0.5,4,8,13,45,4,4,8,13,30,,Happy
4,8,13,30,30,3,4,11,19,30,,Sad
4,4,8,30,30,4,4,8,30,30,,Anger
0.5,8,13,13,35,0.5,4,8,16,30,,Anger
4,8,8,13,45,4,8,13,18,45,,Happy
0.5,8,13,13,30,0.5,4,13,13,30,,Neutral
4,8,13,30,45,0.5,4,8,30,30,,Sad
4,8,13,30,45,2,4,8,13,30,,Anger
0.5,4,8,13,30,4,4,13,30,30,,Anger
0.5,8,10,13,30,4,4,8,13,30,,Happy
4,8,8,30,45,0.5,8,8,30,41,,Anger
4,4,8,30,30,0.5,8,13,13,30,,Anger
4,4,8,13,45,4,8,13,30,45,,Anger
0.5,4,8,13,30,0.5,4,8,13,30,,Anger
4,8,13,30,30,0.5,8,8,30,30,,Sad
4,4,8,30,30,4,4,13,13,30,,Anger
0.5,8,13,13,30,0.5,4,8,13,30,,Anger
0.5,8,13,13,45,4,8,13,30,45,,Anger
0.5,8,13,13,30,4,8,13,30,45,,Anger
0.5,4,13,13,45,4,4,13,13,30,,Neutral
4,8,13,29,45,4,8,13,25,30,,Anger
4,4,8,30,30,4,4,13,30,30,,Anger
4,8,13,13,30,0.5,4,13,13,30,,Neutral
0.5,8,13,13,30,0.5,4,8,13,45,,Anger
4,8,13,30,45,4,4,13,13,30,,Sad
0.5,4,8,13,30,0.5,4,8,13,45,,Happy
0.5,8,13,13,45,4,8,13,30,45,,Anger
4,4,8,30,30,0.5,8,8,30,30,,Anger
0.5,4,8,13,30,0.5,4,8,13,30,,Anger
0.5,8,13,13,45,4,4,13,13,30,,Neutral
4,4,8,30,30,4,8,8,13,30,,Anger
4,8,13,30,30,0.5,8,8,13,33,,Anger
4,4,8,29,30,4,8,13,13,30,,Anger
0.5,8,13,13,45,0.5,8,13,13,45,,Neutral
0.5,4,13,13,45,0.5,4,13,13,30,,Neutral
4,4,8,14,43,4,8,13,30,30,,Anger
0.5,8,13,13,30,4,8,13,13,30,,Neutral
0.5,4,8,13,30,0.5,4,8,13,30,,Anger
4,8,13,30,30,4,8,13,13,37,,Sad
4,4,8,30,45,4,4,13,13,45,,Anger
0.5,8,13,13,45,4,4,13,13,30,,Neutral
4,4,8,30,42,0.5,4,13,13,45,,Anger
2,8,13,13,30,4,8,13,13,42,,Neutral
4,4,8,30,30,0.5,8,8,30,30,,Anger
4,4,8,30,30,4,8,13,20,45,,Anger
0.5,4,8,13,30,0.5,4,8,13,30,,Anger
4,8,13,13,30,4,4,9,13,30,,Anger
0.5,8,13,13,30,0.5,4,8,13,30,,Anger
0.5,8,12,13,30,4,4,8,22,30,,Happy
0.5,8,13,13,45,4,8,13,13,45,,Neutral
4,4,8,30,30,0.5,8,13,30,45,,Anger
0.5,4,8,13,32,0.5,8,8,13,30,,Anger
0.5,8,13,13,30,4,4,13,13,45,,Neutral
0.5,8,13,13,30,4,4,13,13,30,,Neutral
0.5,4,8,13,30,0.5,4,8,13,30,,Anger
0.5,4,8,13,30,4,4,13,13,45,,Sad
0.5,4,8,13,45,0.5,8,8,30,30,,Anger
0.5,8,13,13,30,4,4,8,20,30,,Happy
0.5,4,8,13,30,0.5,4,8,30,30,,Anger
0.5,4,8,13,30,4,4,8,13,30,,Happy
0.5,4,8,13,30,0.5,4,8,13,30,,Anger
0.5,8,13,13,45,4,4,13,13,32,,Neutral
0.5,8,13,13,45,0.5,4,13,13,30,,Neutral
0.5,8,13,13,30,4,4,13,13,45,,Neutral
0.5,4,8,13,30,0.5,4,8,13,30,,Anger
0.5,8,13,13,30,0.5,4,13,13,34,,Neutral
3,4,8,22,30,4,4,13,13,30,,Happy
0.5,4,8,13,30,4,8,13,13,30,,Anger
4,8,13,13,45,4,4,13,13,30,,Neutral
0.5,4,8,13,30,0.5,4,13,13,30,,Anger
0.5,4,8,13,30,4,4,13,13,30,,Anger
0.5,4,8,13,45,0.5,8,13,13,30,,Anger
4,8,13,30,30,4,8,8,30,41,,Happy
0.5,4,8,13,30,4,4,8,13,30,,Happy
4,8,13,14,30,0.5,8,13,13,30,,Neutral
0.5,4,13,13,30,0.5,4,13,13,30,,Neutral
0.5,8,13,13,30,4,8,13,13,30,,Neutral
0.5,4,8,13,30,0.5,4,8,13,30,,Anger
0.5,4,8,13,30,0.5,4,8,13,30,,Anger
4,4,8,30,45,4,4,13,13,30,,Anger
0.5,4,8,13,30,4,8,8,30,42,,Anger
4,4,8,25,45,4,8,13,30,30,,Anger
4,4,8,30,30,0.5,4,8,13,45,,Anger
0.5,4,8,30,43,4,4,8,13,30,,Anger
4,8,13,18,30,4,8,13,29,42,,Anger
4,8,13,30,30,0.5,5,8,13,30,,Anger
0.5,8,13,13,30,4,8,13,13,30,,Neutral
0.5,8,13,13,30,0.5,8,13,13,30,,Neutral
4,4,11,13,30,2,8,8,30,30,,Sad
4,4,8,13,30,0.5,8,13,30,45,,Anger
0.5,8,13,13,30,4,8,13,13,45,,Neutral
0.5,8,13,13,30,4,8,8,13,30,,Happy
0.5,8,13,30,30,4,8,13,30,30,,Anger
0.5,4,13,13,45,0.5,8,8,13,45,,Sad
0.5,4,8,13,43,0.5,4,8,13,30,,Anger
0.5,8,13,13,30,4,4,13,13,40,,Neutral
0.5,8,13,13,45,4,8,13,30,30,,Anger
0.5,4,8,13,30,0.5,4,8,13,30,,Anger
0.5,8,13,13,30,0.5,4,13,30,30,,Anger
0.5,8,13,13,45,0.5,4,13,13,30,,Neutral
4,8,8,13,30,0.5,4,8,13,45,,Happy
0.5,8,13,13,30,4,8,13,20,30,,Anger
0.5,8,12,13,30,0.5,8,13,30,45,,Anger
0.5,8,8,13,30,0.5,4,12,13,30,,Anger
0.5,8,13,13,30,4,6,8,13,45,,Sad
4,6,8,30,30,0.5,8,13,30,30,,Anger
0.5,4,8,13,30,0.5,4,8,13,30,,Anger
0.5,8,13,13,30,4,8,13,13,30,,Neutral
4,8,13,30,30,4,4,8,30,30,,Sad
4,4,8,30,30,0.5,4,13,13,30,,Anger
0.5,8,13,13,30,0.5,4,13,13,30,,Neutral
0.5,4,8,13,30,4,8,8,19,30,,Anger
0.5,8,13,13,30,0.5,4,13,13,30,,Neutral
2,8,8,13,30,0.5,4,13,13,45,,Happy
0.5,4,8,13,30,0.5,4,8,13,30,,Anger
0.5,8,8,13,30,4,4,13,13,30,,Happy
4,8,13,30,30,4,8,13,13,45,,Happy
0.5,8,13,13,30,0.5,4,13,13,30,,Neutral
0.5,8,13,13,39,0.5,4,13,13,30,,Neutral
4,4,8,22,30,4,8,13,30,30,,Anger
0.5,4,8,13,30,0.5,4,8,13,30,,Anger
0.5,4,8,13,34,4,8,13,16,30,,Anger
0.5,8,13,13,30,4,8,13,30,30,,Happy
4,8,8,30,30,4,4,8,13,45,,Anger
1,8,13,13,45,4,4,13,30,30,,Anger
4,4,8,13,45,0.5,8,10,30,45,,Anger
0.5,4,8,13,30,0.5,4,8,13,30,,Anger
4,8,13,24,30,0.5,8,13,13,39,,Sad
4,4,8,13,45,0.5,4,8,13,30,,Anger
0.5,4,8,13,30,4,4,8,13,45,,Happy
0.5,8,13,13,30,0.5,4,13,13,30,,Neutral
0.5,4,8,13,30,0.5,8,8,30,30,,Anger
0.5,8,13,13,30,2,4,13,13,30,,Neutral
4,6,13,30,30,4,7,13,15,30,,Anger
0.5,8,13,13,30,4,4,13,13,45,,Neutral
0.5,8,8,13,30,0.5,8,8,30,30,,Anger
0.5,4,8,13,30,4,4,13,13,30,,Anger
4,8,13,13,30,4,8,13,13,42,,Neutral
4,8,13,13,45,4,8,13,13,45,,Neutral
0.5,4,13,13,45,0.5,8,8,30,30,,Sad
0.5,4,8,13,45,4,4,8,13,30,,Happy
4,4,8,30,45,4,4,8,13,30,,Anger
0.5,4,8,13,30,4,4,10,13,30,,Happy
4,4,8,13,30,0.5,4,8,13,30,,Anger
4,4,8,30,30,4,4,8,13,30,,Anger
0.5,4,8,13,45,0.5,4,8,13,30,,Anger
0.5,8,13,13,30,0.5,4,8,13,30,,Anger
0.5,4,8,13,30,0.5,4,8,13,30,,Anger
0.5,4,8,13,45,0.5,8,8,30,45,,Anger
0.5,4,8,13,45,4,4,8,13,30,,Happy
4,8,13,20,30,0.5,4,13,13,30,,Anger
0.5,4,8,13,30,0.5,8,8,13,30,,Anger
0.5,4,8,13,30,4,4,13,13,30,,Anger
0.5,8,13,13,45,0.5,8,13,13,30,,Neutral
0.5,4,8,13,45,0.5,4,8,13,30,,Anger
0.5,8,13,13,30,4,8,13,13,30,,Neutral
0.5,8,13,13,30,4,8,8,27,45,,Happy
0.5,8,13,13,30,0.5,4,8,13,44,,Anger
0.5,4,8,13,30,0.5,8,8,30,30,,Anger
0.5,8,13,13,30,4,8,13,13,30,,Neutral
0.5,4,8,13,30,0.5,8,13,13,36,,Anger
4,8,13,30,45,0.5,8,8,30,38,,Sad
0.5,4,8,13,45,4,8,8,26,30,,Anger
4,8,13,30,45,0.5,4,8,13,30,,Anger
4,4,8,30,30,4,8,13,30,30,,Anger
4,8,13,30,30,0.5,4,8,13,30,,Anger
4,8,13,30,30,0.5,8,13,13,30,,Sad
4,8,8,30,30,4,4,13,13,33,,Happy
0.5,8,8,13,45,4,4,8,13,30,,Happy
0.5,4,8,13,30,0.5,8,13,30,30,,Anger
0.5,4,8,13,45,4,4,8,13,30,,Happy
4,5,13,13,30,0.5,4,13,13,45,,Neutral
0.5,4,8,13,45,0.5,4,13,13,30,,Happy
4,4,8,30,30,0.5,4,8,13,30,,Anger
4,4,8,30,30,0.5,8,13,13,45,,Anger
0.5,8,13,13,45,0.5,4,8,13,30,,Sad
4,8,13,30,45,4,8,13,13,30,,Happy
4,8,13,13,30,0.5,4,13,13,45,,Neutral
0.5,8,13,13,30,0.5,4,8,13,30,,Anger
0.5,4,8,13,30,0.5,8,8,13,45,,Anger
0.5,8,12,13,30,4,4,8,22,30,,Happy
4,8,13,13,30,0.5,8,13,13,45,,Neutral
0.5,8,13,13,45,0.5,8,13,30,45,,Anger
0.5,8,13,13,45,0.5,8,13,13,30,,Neutral
0.5,8,13,13,45,4,4,8,13,30,,Anger
4,8,13,30,30,0.5,8,8,13,45,,Anger
4,4,8,30,36,4,4,13,13,30,,Anger
4,8,13,30,43,0.5,8,13,30,45,,Happy
4,4,8,30,30,4,4,8,13,30,,Anger
4,8,13,30,30,4,8,13,13,31,,Sad
0.5,4,8,13,30,4,4,8,13,42,,Happy
0.5,4,8,13,30,4,8,9,30,30,,Anger
4,8,13,13,45,4,4,8,13,45,,Happy
0.5,8,13,13,30,0.5,4,8,13,30,,Anger
0.5,8,13,13,30,0.5,4,13,13,45,,Neutral
4,8,13,30,30,4,4,13,13,30,,Sad
0.5,4,8,13,30,0.5,4,8,13,30,,Anger
4,8,13,30,30,0.5,8,13,30,45,,Happy
0.5,8,13,13,30,0.5,4,8,13,30,,Anger
0.5,4,8,13,30,0.5,4,8,13,30,,Anger
0.5,8,13,13,45,0.5,8,13,13,45,,Neutral
0.5,4,8,13,30,0.5,8,13,16,30,,Anger
2,4,8,13,45,4,4,13,30,30,,Anger
0.5,4,8,13,30,0.5,4,8,13,30,,Anger
4,4,8,30,45,4,8,8,13,30,,Anger
0.5,8,13,13,45,4,8,13,13,30,,Neutral
0.5,8,13,13,30,4,8,8,30,30,,Happy
0.5,8,13,13,30,4,4,10,30,45,,Happy
0.5,8,8,13,30,0.5,4,13,13,45,,Sad
0.5,8,10,13,45,4,8,8,13,45,,Anger
4,4,8,29,45,4,8,13,30,45,,Anger
4,4,8,30,45,4,8,8,30,45,,Anger
4,8,13,24,30,0.5,4,13,13,30,,Anger
0.5,8,8,13,30,4,4,8,13,30,,Happy
4,8,13,30,30,0.5,4,13,30,36,,Sad
0.5,4,13,13,30,4,4,8,13,30,,Anger
4,8,13,30,45,4,4,8,13,45,,Anger
0.5,8,13,13,30,0.5,4,13,13,30,,Neutral
0.5,4,8,13,30,4,4,8,13,40,,Happy
4,8,13,30,30,4,4,13,13,30,,Sad
0.5,4,8,13,45,0.5,8,13,13,30,,Anger
0.5,4,12,13,30,4,4,8,13,30,,Anger
0.5,4,8,13,30,4,4,8,13,30,,Happy
4,4,8,13,45,4,8,8,13,45,,Happy
0.5,8,13,13,30,0.5,4,13,13,30,,Neutral
0.5,8,13,13,30,0.5,4,13,13,30,,Neutral
0.5,4,8,13,45,0.5,4,8,13,45,,Anger
4,5,8,30,30,4,8,13,30,30,,Anger
0.5,8,13,13,30,0.5,4,13,21,30,,Anger
4,8,13,30,30,4,8,8,13,31,,Sad
4,8,13,30,45,4,6,13,30,45,,Anger
0.5,8,13,13,30,4,8,13,30,31,,Happy
0.5,8,13,13,30,4,8,13,13,30,,Neutral
4,8,13,13,45,0.5,4,13,13,30,,Neutral
0.5,4,8,13,30,4,8,8,30,30,,Anger
0.5,8,13,13,30,4,8,8,30,45,,Happy
0.5,4,13,13,45,4,4,13,13,30,,Neutral
4,8,13,13,45,4,8,8,13,30,,Anger
0.5,4,8,13,45,4,4,8,13,30,,Happy
1,4,8,13,30,4,4,13,13,30,,Happy
4,4,8,14,30,4,4,13,21,45,,Happy
0.5,4,8,13,30,4,4,8,13,30,,Happy
4,4,8,13,30,0.5,4,8,13,30,,Anger
0.5,8,13,13,45,0.5,8,13,13,39,,Neutral
0.5,8,13,13,30,0.5,8,13,30,30,,Anger
0.5,8,13,13,30,4,4,13,13,40,,Neutral
0.5,8,13,13,39,0.5,4,13,13,30,,Neutral
2,8,13,13,30,4,8,13,13,30,,Neutral
0.5,8,13,13,30,4,4,13,13,30,,Neutral
0.5,8,13,13,30,0.5,4,13,13,30,,Neutral
0.5,8,13,13,30,4,8,13,13,30,,Neutral
0.5,8,13,13,30,0.5,4,13,13,30,,Neutral
0.5,4,8,13,30,0.5,4,8,13,30,,Anger
0.5,8,13,13,30,0.5,4,13,13,30,,Neutral
4,8,13,30,45,4,8,13,30,30,,Anger
0.5,8,13,13,30,0.5,4,8,30,30,,Sad
0.5,8,13,13,30,0.5,8,13,13,30,,Neutral
0.5,8,13,13,30,0.5,4,13,13,39,,Neutral
4,8,13,14,30,0.5,8,8,30,30,,Anger
0.5,4,8,13,30,4,4,11,13,30,,Happy
4,8,13,30,30,4,8,13,30,30,,Sad
2,4,8,13,45,4,4,13,30,30,,Anger
0.5,4,8,13,30,4,8,8,30,45,,Anger
0.5,4,8,13,30,0.5,4,8,13,30,,Anger
4,8,12,13,34,4,8,13,13,36,,Sad
4,8,13,13,30,4,8,11,13,30,,Anger
4,8,8,13,30,0.5,8,8,13,41,,Anger
0.5,8,13,13,30,0.5,8,8,30,45,,Sad
4,8,13,24,30,4,8,8,30,32,,Sad
4,4,8,30,30,0.5,8,13,13,30,,Anger
0.5,4,8,13,30,4,4,8,13,30,,Happy
0.5,8,13,13,30,4,4,8,13,45,,Sad
0.5,8,13,13,30,4,8,8,13,30,,Happy
0.5,8,13,13,45,4,4,13,13,45,,Neutral
0.5,8,13,13,45,0.5,4,13,13,30,,Neutral
4,4,8,13,30,0.5,8,8,13,30,,Anger
0.5,8,13,13,30,0.5,5,8,13,30,,Anger
0.5,8,13,13,45,0.5,4,13,13,45,,Neutral
0.5,4,8,13,30,0.5,4,8,15,30,,Anger
0.5,8,13,13,30,0.5,4,8,13,30,,Anger
0.5,8,13,13,45,4,8,8,13,30,,Anger
0.5,4,8,13,30,0.5,4,8,13,30,,Anger
0.5,4,8,13,30,0.5,4,8,13,30,,Anger
0.5,8,13,13,45,3,4,9,13,30,,Anger
0.5,4,8,13,30,0.5,4,10,13,30,,Anger
0.5,8,13,13,30,4,4,13,13,37,,Neutral
4,8,13,30,45,4,8,13,30,42,,Anger
4,4,8,25,30,0.5,8,8,13,30,,Anger
4,4,8,13,30,4,8,8,13,30,,Happy
0.5,8,13,13,45,0.5,8,13,30,45,,Anger
4,4,8,30,45,4,4,8,30,45,,Anger
0.5,4,8,13,30,4,8,8,13,30,,Anger
0.5,4,8,13,31,4,4,13,13,45,,Sad
0.5,8,13,13,30,4,8,13,13,45,,Neutral
0.5,8,13,13,30,0.5,4,13,13,45,,Neutral
0.5,8,13,13,45,0.5,4,13,13,30,,Neutral
0.5,8,13,13,30,0.5,8,13,13,30,,Neutral
0.5,8,13,13,30,4,8,8,30,30,,Happy
0.5,4,8,13,45,0.5,4,8,30,30,,Anger
0.5,4,13,13,30,4,4,8,13,30,,Anger
0.5,8,13,13,45,0.5,4,8,13,30,,Sad
0.5,4,8,13,30,4,8,13,13,45,,Sad
4,4,8,23,30,4,4,8,13,30,,Anger
0.5,8,13,13,42,4,4,8,13,45,,Happy
0.5,4,8,16,45,4,4,8,13,30,,Anger
0.5,4,8,13,30,0.5,4,8,13,30,,Anger
0.5,8,12,13,45,4,4,8,13,45,,Sad
4,4,8,30,30,4,4,8,13,30,,Anger
4,4,8,20,34,4,8,13,13,30,,Happy
0.5,4,8,13,45,0.5,4,8,13,30,,Anger
0.5,4,8,13,30,0.5,4,8,13,30,,Anger
0.5,8,13,13,30,0.5,4,13,13,30,,Neutral
4,4,8,30,45,0.5,8,8,30,30,,Anger
4,4,8,30,30,0.5,4,8,30,45,,Anger
4,8,13,13,30,4,8,8,30,30,,Happy
0.5,8,13,13,30,0.5,8,13,13,30,,Neutral
0.5,8,13,13,45,4,4,13,13,32,,Neutral
4,4,8,30,30,4,4,13,30,45,,Anger
0.5,4,8,13,30,0.5,8,8,16,35,,Anger
0.5,8,13,13,35,4,4,8,18,35,,Happy
0.5,8,13,13,30,4,4,13,13,30,,Neutral
0.5,8,13,13,30,0.5,4,8,13,30,,Anger
4,4,8,30,30,0.5,4,8,30,36,,Anger
4,4,8,19,30,4,4,13,13,30,,Happy
0.5,4,8,13,30,0.5,4,8,13,30,,Anger
0.5,4,8,13,30,4,8,13,30,30,,Anger
4,8,13,13,45,4,8,13,13,45,,Neutral
0.5,8,13,13,30,4,4,13,13,30,,Neutral
0.5,4,8,13,30,0.5,4,8,13,30,,Anger
4,4,8,30,30,0.5,4,8,16,30,,Anger
0.5,4,8,30,30,0.5,8,12,30,45,,Anger
0.5,8,13,13,30,4,8,13,30,40,,Anger
0.5,8,13,13,30,0.5,4,8,13,30,,Anger
0.5,4,8,13,30,0.5,4,8,13,30,,Anger
0.5,4,8,19,44,0.5,8,8,21,30,,Anger
4,4,8,30,30,0.5,4,8,13,45,,Anger
0.5,4,8,13,30,0.5,4,8,13,30,,Anger
4,8,8,13,30,0.5,4,8,13,30,,Anger
0.5,8,13,13,30,0.5,8,13,13,30,,Neutral
0.5,5,13,13,45,4,4,8,13,30,,Sad
4,8,13,30,30,4,8,8,13,30,,Sad
4,8,13,13,45,4,8,13,13,45,,Neutral
4,4,8,30,45,0.5,8,13,30,30,,Anger
0.5,8,13,13,30,0.5,4,8,13,45,,Anger
4,4,8,17,30,0.5,4,8,13,30,,Anger
4,4,8,13,45,0.5,8,10,30,45,,Anger
0.5,4,8,13,45,4,4,13,13,30,,Happy
0.5,4,8,13,30,0.5,5,8,13,30,,Anger
4,4,8,19,30,4,4,8,13,30,,Happy
4,4,8,30,30,0.5,8,13,13,30,,Anger
0.5,4,13,13,45,0.5,8,8,30,30,,Sad
4,8,13,30,30,4,6,9,30,30,,Sad
0.5,4,13,13,30,4,4,13,30,30,,Sad
0.5,4,8,13,30,4,4,13,13,30,,Anger
0.5,4,8,13,30,0.5,4,8,13,30,,Anger
0.5,8,13,13,30,0.5,8,13,30,30,,Anger
4,4,8,24,30,0.5,8,13,30,30,,Anger
0.5,4,8,13,30,0.5,4,8,13,30,,Anger
0.5,8,13,13,45,4,4,8,26,38,,Happy
1,8,13,18,30,4,8,8,13,30,,Sad
0.5,8,13,13,30,0.5,4,13,13,45,,Neutral
0.5,4,8,13,30,4,4,8,30,30,,Happy
0.5,4,8,13,30,0.5,4,8,13,30,,Anger
0.5,8,13,13,30,0.5,4,13,13,30,,Neutral
0.5,8,13,13,30,2,4,13,13,30,,Neutral
0.5,8,13,13,30,0.5,8,13,30,45,,Anger
4,4,13,30,45,0.5,8,13,30,30,,Sad
4,4,8,30,30,0.5,8,13,30,30,,Anger
0.5,8,13,13,30,4,8,13,30,30,,Happy
4,4,8,30,30,0.5,4,8,13,30,,Anger
4,8,13,30,45,0.5,8,8,30,38,,Sad
0.5,8,13,13,45,0.5,8,8,30,45,,Anger
4,8,13,13,42,4,4,13,13,30,,Neutral
4,8,13,13,45,4,4,13,13,30,,Neutral
4,8,13,30,30,4,8,13,18,45,,Happy
4,8,13,30,30,0.5,8,13,30,30,,Sad
4,4,8,30,30,4,8,8,30,45,,Anger
0.5,8,13,13,45,0.5,4,8,15,45,,Happy
0.5,4,8,13,30,4,4,13,13,45,,Sad
4,4,8,30,30,0.5,8,13,30,30,,Anger
0.5,4,8,13,30,4,4,8,13,30,,Happy
0.5,8,13,13,30,0.5,4,13,13,39,,Neutral
0.5,8,13,13,45,4,8,13,13,45,,Neutral
0.5,4,8,13,30,0.5,8,8,17,35,,Anger
4,4,8,30,30,4,4,13,13,45,,Anger
0.5,4,13,13,30,0.5,4,13,13,30,,Neutral
4,8,13,27,36,4,8,13,26,45,,Anger
0.5,8,13,13,30,0.5,8,13,13,44,,Neutral
0.5,4,8,13,45,4,4,8,13,45,,Anger
4,4,8,17,30,0.5,4,8,30,30,,Anger
0.5,4,8,13,30,0.5,4,8,13,30,,Anger
4,4,8,13,30,0.5,8,8,13,30,,Anger
0.5,8,13,13,30,4,4,13,13,30,,Neutral
0.5,4,8,13,30,4,8,8,30,30,,Anger
0.5,8,13,13,45,0.5,4,8,13,45,,Happy
4,6,8,30,30,4,8,13,30,30,,Anger
0.5,8,13,13,45,0.5,4,13,13,30,,Neutral
0.5,4,8,13,45,0.5,4,8,13,30,,Anger
0.5,8,13,13,45,0.5,4,13,13,30,,Neutral
4,4,8,30,45,0.5,4,8,13,30,,Anger
3,8,13,30,30,4,8,13,13,30,,Sad
0.5,8,8,13,30,0.5,4,13,13,45,,Sad
4,4,8,30,30,0.5,4,8,13,30,,Anger
4,4,8,30,45,0.5,4,8,30,45,,Anger
1,4,8,13,45,4,4,8,13,32,,Anger
0.5,8,8,13,30,4,4,8,13,30,,Happy
0.5,7,8,13,30,4,6,8,30,30,,Happy
0.5,4,8,13,30,0.5,4,8,13,30,,Anger
4,4,8,13,30,0.5,4,8,30,30,,Anger
0.5,8,13,13,45,0.5,4,13,13,30,,Neutral
4,8,13,13,40,0.5,7,13,30,30,,Happy
4,8,13,30,45,4,8,13,13,45,,Happy
4,4,8,13,30,0.5,4,8,13,45,,Anger
4,8,13,30,34,0.5,8,13,24,32,,Sad
0.5,4,8,13,30,0.5,4,8,13,30,,Anger
4,4,13,13,33,4,8,13,13,30,,Neutral
4,8,12,30,30,4,8,8,13,45,,Happy
0.5,8,13,13,45,0.5,8,8,30,45,,Anger
4,8,13,30,45,0.5,4,8,13,30,,Anger
0.5,4,8,13,30,4,4,8,30,45,,Anger
4,4,8,23,30,4,4,8,13,30,,Anger
0.5,8,13,13,30,4,4,8,13,30,,Happy
4,8,13,30,30,4,8,13,13,45,,Happy
0.5,4,11,13,30,0.5,4,8,13,30,,Anger
4,8,13,30,30,0.5,8,13,30,42,,Happy
0.5,8,8,13,30,4,8,8,13,30,,Happy
0.5,4,8,13,45,4,4,8,30,30,,Anger
4,4,8,30,45,4,8,13,30,30,,Anger
4,4,8,30,45,0.5,4,8,13,30,,Anger
0.5,8,13,13,30,4,4,13,13,30,,Neutral
0.5,8,13,13,30,0.5,4,13,13,45,,Neutral
4,4,8,13,30,4,4,8,13,45,,Happy
0.5,8,13,13,45,0.5,4,13,13,30,,Neutral
0.5,4,13,13,30,0.5,4,13,13,30,,Neutral
4,8,13,30,45,0.5,8,13,13,30,,Sad
4,8,13,30,45,0.5,8,8,13,30,,Sad
4,8,13,30,45,4,8,13,30,30,,Anger
0.5,4,8,13,30,0.5,4,8,13,30,,Anger
0.5,8,13,13,30,4,8,13,13,30,,Neutral
4,8,8,30,30,4,8,13,30,30,,Anger
0.5,8,13,13,30,0.5,4,13,13,30,,Neutral
4,4,8,30,30,0.5,8,8,13,30,,Anger
4,4,8,14,30,4,8,13,30,30,,Anger
0.5,8,13,13,30,4,8,13,13,45,,Neutral
0.5,8,13,13,45,0.5,4,13,13,30,,Neutral
0.5,8,13,13,45,4,8,13,13,30,,Neutral
4,8,13,13,30,4,8,13,30,30,,Anger
0.5,4,8,13,30,4,8,13,13,30,,Anger
0.5,4,13,13,45,0.5,4,13,13,30,,Neutral
0.5,4,8,13,39,4,4,8,13,30,,Happy
0.5,4,8,13,30,4,4,8,13,30,,Happy
0.5,4,13,13,30,4,8,13,21,30,,Sad
0.5,8,13,13,30,4,8,8,13,30,,Happy
0.5,4,13,13,30,4,8,8,13,45,,Sad
4,4,8,13,30,0.5,4,13,13,30,,Anger
0.5,4,8,13,30,0.5,4,8,13,30,,Anger
0.5,8,13,13,30,4,4,13,13,30,,Neutral
0.5,8,13,13,45,4,4,13,13,45,,Neutral
0.5,4,13,13,30,0.5,4,13,13,45,,Neutral
4,4,8,30,30,0.5,4,8,13,45,,Anger
0.5,8,10,13,45,4,4,8,30,30,,Happy
0.5,4,8,13,34,4,8,13,16,30,,Anger
0.5,4,8,13,30,0.5,4,8,13,30,,Anger
4,8,13,26,45,0.5,8,13,13,45,,Happy
4,4,13,13,30,0.5,8,8,30,30,,Sad
4,4,8,15,30,4,8,13,30,45,,Anger
0.5,8,13,13,30,4,4,13,13,40,,Neutral
4,8,13,30,30,0.5,8,13,30,45,,Happy
0.5,8,13,13,30,0.5,8,13,13,30,,Neutral
4,6,8,16,30,4,8,12,13,45,,Happy
0.5,4,13,13,30,0.5,4,13,13,30,,Neutral
4,8,13,30,30,4,8,13,19,30,,Sad
0.5,8,13,13,30,4,8,13,13,45,,Neutral
4,8,13,13,45,4,4,13,13,30,,Neutral
0.5,8,13,13,45,0.5,8,13,13,30,,Neutral
0.5,4,8,13,30,0.5,8,8,13,30,,Anger
4,8,13,30,45,4,4,8,30,45,,Happy
0.5,8,13,13,30,0.5,5,13,13,30,,Neutral
0.5,4,13,13,30,0.5,4,13,13,45,,Neutral
4,5,13,13,30,0.5,4,13,13,45,,Neutral
0.5,8,13,13,45,4,4,13,13,30,,Neutral
0.5,4,8,13,30,0.5,8,13,30,30,,Anger
0.5,4,13,13,36,4,8,13,13,30,,Neutral
4,4,8,30,30,0.5,8,13,13,30,,Anger
4,4,8,30,30,1,8,13,30,45,,Anger
4,4,8,30,30,4,8,13,30,36,,Anger
4,4,8,19,30,0.5,4,8,13,30,,Anger
4,4,8,15,30,0.5,4,13,13,30,,Anger
4,4,13,13,30,0.5,4,13,13,30,,Neutral
0.5,8,13,13,30,0.5,4,13,13,30,,Neutral
0.5,8,13,13,30,0.5,4,13,13,45,,Neutral
0.5,8,13,13,30,0.5,4,13,13,30,,Neutral
4,8,13,30,45,0.5,4,8,13,30,,Anger
0.5,8,8,13,30,0.5,4,13,30,30,,Anger
0.5,8,13,13,30,4,4,13,13,45,,Neutral
0.5,8,13,13,30,4,4,8,13,45,,Sad
4,4,8,30,30,4,4,13,13,30,,Anger
0.5,8,13,13,30,0.5,8,8,13,34,,Anger
4,4,8,30,30,0.5,8,13,30,30,,Anger
0.5,8,13,13,30,4,4,8,13,33,,Happy
0.5,8,13,13,30,0.5,6,13,13,45,,Neutral
0.5,8,13,13,30,0.5,4,13,13,30,,Neutral
4,8,13,13,45,0.5,4,13,13,30,,Neutral
0.5,4,8,13,30,0.5,4,9,13,30,,Anger
4,4,8,30,30,0.5,8,13,30,33,,Anger
0.5,4,8,13,30,0.5,8,8,13,30,,Anger
0.5,8,13,13,30,0.5,4,13,13,30,,Neutral
0.5,4,8,13,30,0.5,4,8,13,30,,Anger
1,4,8,19,30,4,4,13,13,30,,Happy
0.5,4,8,13,39,4,8,8,13,30,,Anger
0.5,8,13,13,30,4,8,13,13,30,,Neutral
4,8,13,13,45,4,8,13,13,45,,Neutral
0.5,4,8,13,30,4,4,8,13,30,,Happy
4,4,8,13,30,4,4,13,13,30,,Happy
4,4,8,30,45,4,8,8,30,45,,Anger
0.5,4,8,13,30,0.5,8,8,13,30,,Anger
3,8,13,13,45,0.5,8,13,30,30,,Happy
0.5,8,13,13,45,4,8,8,13,30,,Anger
0.5,4,8,13,41,4,4,8,13,42,,Anger
0.5,4,8,13,30,0.5,8,8,13,30,,Anger
0.5,8,13,13,30,0.5,4,13,13,30,,Neutral
0.5,8,13,13,30,4,4,13,13,45,,Neutral
4,4,8,20,30,0.5,4,8,13,45,,Anger
4,4,8,30,30,0.5,8,13,30,30,,Anger
0.5,4,8,13,30,4,4,8,13,30,,Happy
0.5,4,8,13,30,0.5,4,8,13,30,,Anger
4,4,8,30,30,4,8,13,30,30,,Anger
0.5,4,8,13,30,4,8,8,30,30,,Anger
4,8,13,30,30,2,8,13,13,45,,Happy
0.5,4,8,13,30,0.5,4,8,13,30,,Anger
0.5,4,13,13,30,4,4,13,13,30,,Neutral
0.5,8,13,13,30,0.5,4,13,13,30,,Neutral
4,4,8,26,32,4,4,8,28,30,,Anger
0.5,8,13,13,30,4,4,13,13,45,,Neutral
4,8,13,30,30,4,8,13,13,45,,Happy
0.5,8,11,13,32,4,4,8,13,30,,Happy
0.5,8,13,13,45,0.5,4,13,13,30,,Neutral
4,8,13,30,30,4,4,13,13,30,,Sad
0.5,4,13,13,45,0.5,4,13,13,30,,Neutral
4,4,8,30,30,4,8,13,30,30,,Anger
0.5,8,12,13,30,4,4,8,13,30,,Happy
4,4,8,13,30,4,4,8,13,30,,Happy
0.5,8,13,13,30,4,8,13,30,30,,Happy
0.5,8,13,13,45,0.5,4,8,13,30,,Sad
0.5,8,8,13,30,0.5,4,8,13,30,,Happy
0.5,8,13,13,38,0.5,4,8,13,45,,Happy
0.5,8,13,13,45,0.5,8,13,30,45,,Anger
2,8,13,13,30,0.5,4,13,13,33,,Neutral
4,8,13,30,45,0.5,8,13,30,30,,Sad
4,4,8,30,30,4,4,8,13,30,,Anger
0.5,6,13,13,30,0.5,8,13,13,45,,Neutral
4,8,13,30,45,4,8,13,30,45,,Anger
4,4,8,30,30,0.5,8,13,13,30,,Anger
0.5,4,8,13,30,4,4,8,13,30,,Happy
3,8,13,13,30,4,4,8,13,38,,Anger
4,4,8,30,30,4,4,8,13,30,,Anger
4,8,13,13,30,0.5,4,13,13,30,,Neutral
0.5,8,13,13,30,0.5,8,8,13,30,,Anger
4,8,13,13,30,0.5,8,13,13,30,,Neutral
4,4,8,13,30,4,8,9,30,30,,Anger
4,4,8,30,30,0.5,8,13,30,30,,Anger
0.5,8,13,13,45,4,4,13,13,30,,Neutral
0.5,4,8,30,30,4,7,8,30,45,,Anger
0.5,8,13,13,30,0.5,8,13,13,45,,Neutral
4,4,8,24,30,0.5,8,11,30,30,,Anger
4,4,8,19,30,4,8,13,30,30,,Anger
0.5,4,13,13,30,4,4,8,13,30,,Anger
4,4,8,29,30,0.5,8,13,30,30,,Anger
0.5,4,11,13,30,0.5,4,8,13,30,,Anger
0.5,8,13,13,30,0.5,4,8,13,45,,Anger
0.5,4,8,13,45,4,8,13,30,30,,Anger
0.5,8,13,13,45,4,4,8,13,45,,Happy
4,8,13,13,30,4,4,13,13,30,,Neutral
0.5,8,13,13,30,4,8,13,13,45,,Neutral
0.5,8,8,13,30,0.5,4,8,13,45,,Happy
0.5,4,8,13,39,4,8,13,30,43,,Anger
4,4,8,30,45,0.5,4,13,13,45,,Anger
0.5,8,13,13,30,0.5,4,13,13,30,,Neutral
0.5,4,8,13,30,0.5,4,11,13,30,,Anger
0.5,4,8,13,45,0.5,4,8,13,45,,Anger
0.5,4,8,13,30,0.5,4,8,13,30,,Anger
4,4,8,30,30,0.5,4,8,13,30,,Anger
0.5,4,8,13,43,4,4,13,13,30,,Happy
4,8,13,30,45,4,8,13,30,45,,Anger
0.5,8,13,13,30,4,8,13,13,30,,Neutral
4,4,8,26,30,0.5,8,8,13,30,,Anger
0.5,8,13,13,30,0.5,4,13,13,30,,Neutral
4,8,13,30,45,4,4,8,30,45,,Happy
4,4,8,30,30,0.5,8,13,13,30,,Anger
0.5,4,8,13,30,0.5,4,8,13,30,,Anger
0.5,4,8,13,30,4,4,8,30,30,,Happy
0.5,8,13,13,45,4,4,13,13,30,,Neutral
4,8,13,30,30,4,4,13,13,30,,Sad
0.5,8,13,13,30,4,8,13,21,30,,Anger
0.5,4,8,13,30,0.5,4,8,13,30,,Anger
0.5,4,8,13,30,0.5,4,8,13,30,,Anger
0.5,4,8,13,30,0.5,4,8,13,30,,Anger
0.5,8,13,13,45,0.5,4,13,13,30,,Neutral
4,4,8,13,30,4,4,13,13,30,,Happy
4,4,8,30,41,0.5,4,8,13,30,,Anger
0.5,8,13,13,40,4,8,13,13,33,,Neutral
0.5,4,8,13,30,4,4,13,13,30,,Anger
0.5,8,13,13,45,0.5,4,13,13,33,,Neutral
0.5,8,13,13,30,0.5,8,13,13,45,,Neutral
0.5,8,8,13,43,0.5,8,13,13,30,,Anger
4,4,13,30,30,4,8,8,13,30,,Anger
0.5,4,8,13,30,0.5,4,8,14,30,,Anger
0.5,8,13,13,45,0.5,4,13,13,30,,Neutral
0.5,8,13,13,30,4,8,13,13,30,,Neutral
4,8,13,13,45,4,8,13,13,45,,Neutral
0.5,8,13,13,30,0.5,4,13,13,30,,Neutral
4,8,13,30,45,0.5,4,13,30,30,,Sad
0.5,8,13,13,45,0.5,8,13,13,30,,Neutral
0.5,8,13,13,30,2,4,8,13,35,,Happy
4,8,13,13,38,4,8,13,13,45,,Neutral
0.5,4,8,13,30,0.5,4,8,13,30,,Anger
4,8,13,30,30,0.5,8,13,29,30,,Sad
0.5,4,8,13,30,4,4,8,13,45,,Happy
4,8,13,13,30,0.5,8,13,13,30,,Neutral
0.5,8,13,13,30,4,4,8,13,30,,Happy
4,4,8,30,30,2,4,8,13,30,,Anger
0.5,8,13,13,45,4,8,13,13,30,,Neutral
0.5,4,13,13,30,4,4,13,13,45,,Neutral
0.5,4,8,13,30,0.5,4,8,15,30,,Anger
4,8,13,30,30,4,4,13,13,30,,Sad
4,4,8,30,30,0.5,8,8,13,30,,Anger
4,4,8,30,30,0.5,4,8,13,45,,Anger
0.5,4,8,13,30,0.5,8,8,18,30,,Anger
4,8,13,30,45,0.5,4,8,30,30,,Sad
0.5,4,8,13,30,4,4,8,13,45,,Happy
0.5,4,8,13,30,4,4,8,13,30,,Happy
0.5,4,8,13,30,0.5,4,8,13,30,,Anger
4,4,8,30,42,0.5,4,8,13,45,,Anger
0.5,4,8,13,30,4,4,8,13,30,,Happy
0.5,8,13,13,30,0.5,4,13,13,30,,Neutral
0.5,4,8,13,44,0.5,4,8,13,30,,Anger
4,4,8,30,30,0.5,4,8,13,30,,Anger
4,8,13,30,30,4,8,8,30,45,,Happy
0.5,4,8,13,30,4,8,8,30,30,,Anger
4,8,13,30,30,0.5,8,8,13,33,,Anger
0.5,4,8,13,30,0.5,8,8,13,30,,Anger
4,8,13,30,34,0.5,8,13,24,32,,Sad
0.5,8,13,13,45,0.5,8,13,13,30,,Neutral
4,8,8,30,45,0.5,8,13,13,30,,Happy
0.5,8,13,13,39,0.5,4,8,15,30,,Anger
0.5,8,11,13,30,4,4,8,13,30,,Happy
0.5,8,13,13,37,2,4,8,13,30,,Anger
4,4,8,25,45,4,4,8,30,45,,Anger
0.5,8,12,14,45,4,8,13,30,45,,Anger
4,4,8,30,38,4,4,8,13,45,,Anger
4,4,8,30,30,0.5,8,13,13,30,,Anger
0.5,4,8,13,45,4,4,8,13,30,,Happy
4,8,13,30,30,0.5,8,8,30,45,,Sad
4,8,13,30,45,4,8,8,30,45,,Anger
0.5,4,13,13,30,4,4,13,13,30,,Neutral
0.5,4,8,13,30,1,4,8,13,30,,Anger
0.5,8,13,13,30,0.5,4,13,13,45,,Neutral
4,8,13,30,45,4,4,13,13,30,,Sad
0.5,4,8,13,30,0.5,4,13,13,30,,Anger
0.5,8,13,13,30,4,4,13,13,30,,Neutral
0.5,5,13,13,30,0.5,4,8,13,30,,Anger
0.5,8,13,13,30,4,8,13,30,30,,Happy
0.5,8,13,13,45,4,8,13,13,45,,Neutral
0.5,8,13,13,30,4,8,8,13,30,,Happy
0.5,8,9,13,30,0.5,4,8,13,30,,Anger
4,8,13,30,30,0.5,8,8,13,30,,Anger
0.5,8,13,13,33,0.5,4,13,13,35,,Neutral
0.5,8,13,13,30,4,4,13,13,45,,Neutral
0.5,4,8,13,30,0.5,4,8,13,30,,Anger
0.5,4,8,13,30,0.5,8,8,17,35,,Anger
4,8,13,13,45,0.5,6,8,15,45,,Happy
0.5,4,8,13,30,0.5,4,8,13,30,,Anger
4,4,8,30,30,4,4,8,15,30,,Anger
0.5,8,13,13,30,0.5,4,13,13,30,,Neutral
0.5,8,13,13,30,4,4,13,13,30,,Neutral
4,8,13,30,45,0.5,8,8,13,45,,Anger
0.5,8,13,13,30,4,8,13,13,45,,Neutral
0.5,4,13,13,30,4,4,13,13,45,,Neutral
4,8,13,30,30,0.5,4,8,13,30,,Anger
4,8,8,30,30,4,4,13,13,30,,Happy
0.5,4,8,13,30,0.5,4,8,13,30,,Anger
4,4,13,13,30,0.5,4,13,13,30,,Neutral
4,4,8,30,30,0.5,4,8,13,30,,Anger
0.5,8,13,13,30,4,4,13,13,30,,Neutral
0.5,8,13,13,30,4,4,13,13,30,,Neutral
0.5,8,13,13,45,0.5,8,13,13,30,,Neutral
0.5,4,8,13,30,4,4,8,13,30,,Happy
0.5,8,13,13,45,4,8,13,15,30,,Neutral
0.5,4,8,13,45,0.5,8,13,13,30,,Anger
4,4,8,30,30,0.5,4,13,13,30,,Anger
4,4,8,13,30,0.5,8,13,13,30,,Anger
4,8,13,30,30,4,8,13,30,45,,Anger
4,4,13,30,30,0.5,4,8,13,30,,Anger
0.5,4,8,13,30,0.5,8,8,13,30,,Anger
4,4,8,13,30,0.5,8,8,30,30,,Anger
0.5,4,8,13,30,0.5,8,8,17,30,,Anger
4,8,13,30,30,4,8,13,30,30,,Sad
0.5,4,8,13,30,0.5,4,8,13,45,,Happy
4,4,8,30,45,4,4,8,13,30,,Anger
4,4,8,30,43,4,4,13,13,30,,Anger
0.5,8,13,13,34,4,4,13,30,45,,Anger
4,4,13,13,30,4,4,8,30,30,,Sad
4,4,8,13,30,0.5,7,12,13,30,,Anger
4,8,13,30,45,4,4,13,30,30,,Anger
0.5,4,8,13,30,0.5,4,8,13,30,,Anger
0.5,4,8,13,30,0.5,4,8,13,30,,Anger
0.5,4,8,13,30,0.5,4,8,13,30,,Anger
4,4,8,30,45,4,8,13,30,30,,Anger
4,4,8,30,45,0.5,8,11,13,30,,Anger
4,8,13,30,30,4,4,8,30,30,,Sad
0.5,4,8,13,30,0.5,8,13,17,30,,Anger
4,4,8,30,30,0.5,4,13,30,30,,Anger
0.5,8,13,13,30,2,8,8,13,30,,Anger
0.5,8,13,13,30,4,8,13,13,30,,Neutral
4,8,13,30,45,4,8,13,13,45,,Happy
0.5,4,8,13,30,0.5,4,8,13,30,,Anger
0.5,8,13,13,45,4,8,13,30,30,,Anger
0.5,8,13,13,39,0.5,4,13,13,30,,Neutral
0.5,8,13,13,45,4,4,13,13,30,,Neutral
0.5,4,8,13,30,0.5,4,13,13,30,,Anger
4,4,8,13,30,4,4,13,13,30,,Happy
0.5,4,8,13,30,4,8,8,13,30,,Anger
4,4,13,30,30,4,4,8,13,45,,Anger
4,8,13,30,30,4,4,13,13,30,,Sad
4,4,8,23,30,4,4,8,13,30,,Anger
4,4,8,25,30,0.5,8,8,30,30,,Anger
0.5,4,8,13,30,0.5,8,8,13,30,,Anger
0.5,8,13,13,30,0.5,4,13,13,30,,Neutral
0.5,4,8,13,30,4,4,13,13,45,,Sad
4,4,8,30,42,0.5,4,13,13,45,,Anger
0.5,4,8,13,30,0.5,4,8,13,30,,Anger
4,4,8,30,30,0.5,4,13,13,30,,Anger
0.5,8,11,18,30,4,4,13,18,45,,Sad
0.5,8,11,13,30,0.5,4,8,13,30,,Anger
0.5,8,13,13,30,4,4,8,13,30,,Happy
0.5,4,8,13,30,4,8,8,30,42,,Anger
0.5,8,9,13,30,4,4,8,30,30,,Happy
0.5,8,13,13,30,4,8,8,13,30,,Happy
0.5,8,13,13,30,0.5,4,13,13,30,,Neutral
4,8,8,30,30,4,4,13,13,30,,Happy
0.5,4,8,13,30,0.5,4,8,13,30,,Anger
4,8,13,30,30,0.5,8,13,30,45,,Happy
4,4,8,13,30,0.5,4,8,13,30,,Anger
0.5,8,13,13,30,0.5,4,13,13,30,,Neutral
0.5,4,8,13,45,0.5,4,8,13,30,,Anger
0.5,8,13,13,30,0.5,4,13,13,30,,Neutral
4,8,13,30,30,0.5,8,8,13,30,,Anger
0.5,4,8,13,45,4,4,8,13,45,,Anger
0.5,4,8,13,30,0.5,4,8,13,30,,Anger
0.5,8,13,13,30,0.5,8,13,13,30,,Neutral
0.5,8,13,13,45,0.5,8,13,30,45,,Anger
0.5,8,13,13,45,4,4,13,13,45,,Neutral
0.5,4,8,13,30,0.5,4,8,13,30,,Anger
4,8,13,30,30,4,8,13,19,30,,Sad
4,4,8,21,30,4,4,13,13,30,,Happy
3,4,8,13,30,0.5,4,8,13,30,,Anger
4,4,8,13,30,4,4,8,13,45,,Happy
0.5,4,13,13,30,0.5,4,13,13,45,,Neutral
4,8,13,13,30,0.5,4,8,30,30,,Anger
0.5,4,8,13,30,0.5,4,8,13,30,,Anger
0.5,4,8,13,30,4,4,8,13,30,,Happy
0.5,8,13,13,30,4,4,13,13,45,,Neutral
4,4,13,30,45,2,8,13,13,30,,Sad
4,8,8,30,30,0.5,8,8,30,30,,Anger
4,4,12,30,30,4,8,8,28,30,,Sad
0.5,4,8,13,30,0.5,4,8,13,36,,Anger
0.5,4,13,13,30,4,4,13,13,45,,Neutral
4,4,8,14,30,0.5,8,13,30,45,,Anger
0.5,8,13,13,45,4,8,13,13,45,,Neutral
4,4,8,30,30,4,4,8,13,45,,Anger
0.5,8,13,13,37,0.5,8,8,13,30,,Anger
4,6,13,30,30,4,7,13,15,30,,Anger
4,8,13,13,30,4,6,13,13,30,,Neutral
4,8,13,13,38,4,8,13,13,45,,Neutral
4,4,8,13,45,4,4,13,13,30,,Anger
0.5,8,13,13,30,4,4,13,13,45,,Neutral
0.5,8,13,13,45,0.5,4,13,13,30,,Neutral
4,4,8,13,45,4,5,8,30,30,,Anger
0.5,8,13,13,30,4,4,8,13,30,,Happy
4,8,13,13,30,0.5,8,13,13,30,,Neutral
0.5,4,8,13,45,0.5,8,8,30,45,,Anger
4,4,8,30,45,0.5,8,8,30,30,,Anger
0.5,4,8,13,45,0.5,4,13,30,30,,Anger
4,4,8,30,45,0.5,8,8,30,33,,Anger
4,4,8,29,45,4,8,13,30,45,,Anger
0.5,8,13,13,30,4,4,13,13,30,,Neutral
0.5,8,13,13,45,0.5,4,13,13,45,,Neutral
0.5,8,13,13,30,4,4,13,13,30,,Neutral
4,8,13,30,30,4,4,13,13,30,,Sad
4,8,8,15,30,4,8,8,30,30,,Anger
0.5,8,13,13,30,4,4,13,13,30,,Neutral
0.5,8,13,13,30,0.5,4,13,13,30,,Neutral
4,8,13,30,30,4,4,13,13,30,,Sad
0.5,8,13,13,30,0.5,6,13,13,45,,Neutral
0.5,4,8,13,45,2,4,8,13,30,,Anger
4,4,8,30,30,0.5,8,13,13,30,,Anger
4,8,8,30,30,4,4,8,13,30,,Anger
0.5,8,13,13,30,0.5,8,13,13,30,,Neutral
4,4,8,13,30,0.5,8,8,30,30,,Anger
4,4,8,30,45,4,4,8,13,30,,Anger
4,8,13,30,30,0.5,4,8,13,45,,Anger
4,8,13,13,30,0.5,4,13,13,45,,Neutral
0.5,8,13,13,30,4,4,13,13,30,,Neutral
4,8,13,30,45,4,4,8,13,31,,Anger
0.5,4,13,13,45,4,8,8,30,44,,Anger
4,4,8,30,45,4,8,13,30,45,,Anger
0.5,4,8,13,30,4,4,8,27,30,,Happy
4,8,8,30,30,0.5,4,8,13,30,,Anger
0.5,4,8,13,30,0.5,4,8,13,30,,Anger
4,8,13,30,45,0.5,4,13,13,30,,Sad
0.5,4,8,13,45,0.5,8,8,30,30,,Anger
0.5,8,13,13,45,0.5,8,8,30,30,,Anger
4,8,13,13,39,4,5,13,13,37,,Neutral
0.5,8,13,13,30,4,4,13,13,30,,Neutral
0.5,8,13,13,30,4,4,8,30,45,,Happy
4,8,13,13,45,4,4,13,13,30,,Neutral
4,8,8,30,30,4,4,8,13,45,,Anger
0.5,4,8,13,45,0.5,8,8,13,30,,Anger
0.5,8,8,13,30,4,8,8,13,30,,Happy
4,4,8,13,30,0.5,8,13,22,30,,Sad
4,4,8,25,45,0.5,4,13,13,30,,Anger
4,8,13,30,45,0.5,4,13,13,30,,Sad
0.5,8,13,13,45,4,8,13,13,30,,Neutral
0.5,4,8,13,30,0.5,4,8,13,30,,Anger
0.5,4,8,13,30,0.5,4,8,13,30,,Anger
0.5,8,13,13,45,0.5,4,13,13,30,,Neutral
4,4,8,21,30,4,4,13,13,30,,Happy
4,8,13,13,39,4,4,13,13,30,,Neutral
0.5,4,8,13,30,0.5,8,8,30,30,,Anger
0.5,4,8,13,30,0.5,4,8,13,30,,Anger
0.5,4,8,13,30,0.5,4,8,13,30,,Anger
0.5,4,8,13,30,0.5,4,8,13,45,,Happy
0.5,6,13,13,39,4,4,8,13,30,,Anger
0.5,4,8,13,30,4,4,8,13,30,,Happy
4,8,13,13,30,0.5,4,8,16,30,,Anger
4,4,8,30,30,1,8,13,29,35,,Anger
4,4,8,30,30,0.5,8,13,15,30,,Anger
0.5,8,13,13,45,0.5,8,13,13,30,,Neutral
0.5,8,13,13,30,0.5,8,13,13,30,,Neutral
0.5,8,8,13,30,4,8,8,13,30,,Happy
4,4,8,13,30,0.5,4,13,30,30,,Anger
4,8,13,30,30,0.5,8,13,14,33,,Sad
0.5,8,13,13,30,0.5,8,13,30,45,,Anger
4,8,13,30,30,4,4,13,13,45,,Sad
0.5,4,8,13,30,4,4,8,13,40,,Happy
4,8,13,30,30,0.5,8,13,13,30,,Sad
0.5,4,8,13,30,0.5,4,13,30,45,,Anger
0.5,4,8,13,30,0.5,4,8,13,30,,Anger
0.5,8,13,13,45,4,4,8,13,30,,Anger
4,6,13,15,45,0.5,8,8,15,30,,Anger
0.5,8,10,13,30,0.5,4,8,13,30,,Anger
4,8,13,30,30,4,8,13,30,30,,Sad
4,4,8,30,30,0.5,8,8,13,30,,Anger
4,4,13,13,30,0.5,4,13,13,30,,Neutral
0.5,4,8,13,30,0.5,8,8,30,30,,Anger
4,4,8,20,30,4,8,8,30,30,,Anger
0.5,8,13,13,36,4,8,13,13,30,,Neutral
4,4,8,13,30,0.5,8,13,30,30,,Anger
0.5,8,13,13,30,0.5,4,8,13,45,,Anger
0.5,8,13,13,45,4,8,8,30,45,,Anger
0.5,8,13,13,30,4,4,13,13,45,,Neutral
4,8,8,30,30,4,4,8,13,30,,Anger
0.5,8,13,13,30,4,4,13,13,30,,Neutral
0.5,4,8,13,30,0.5,4,8,30,30,,Anger
0.5,4,8,13,30,0.5,4,8,21,30,,Anger
4,8,13,30,30,4,4,8,30,45,,Happy
0.5,4,8,13,45,0.5,4,8,13,30,,Anger
4,8,13,13,30,0.5,4,13,13,30,,Neutral
0.5,4,8,13,45,0.5,4,8,13,30,,Anger
4,8,13,13,30,4,4,13,13,30,,Neutral
0.5,4,8,13,45,4,8,8,15,45,,Anger
4,4,8,13,30,4,4,8,13,45,,Happy
4,4,8,13,45,0.5,4,8,13,30,,Anger
4,8,13,13,30,0.5,4,13,13,45,,Neutral
0.5,8,10,13,30,4,4,8,13,30,,Happy
4,4,8,13,30,4,4,13,29,30,,Sad
4,4,8,30,30,0.5,8,13,29,30,,Anger
0.5,8,13,13,43,0.5,4,8,13,30,,Sad
0.5,8,8,13,30,4,4,10,13,30,,Happy
4,4,8,30,30,4,4,13,13,45,,Anger
4,8,13,13,45,0.5,4,13,13,30,,Neutral
4,8,13,30,45,4,8,13,30,45,,Anger
0.5,8,13,13,45,0.5,4,13,30,45,,Sad
0.5,8,13,13,45,4,4,13,13,30,,Neutral
0.5,8,13,13,30,0.5,4,13,13,45,,Neutral
4,4,8,30,30,0.5,4,8,13,30,,Anger
0.5,4,8,13,30,0.5,4,8,13,30,,Anger
4,4,8,13,30,4,4,8,13,45,,Happy
0.5,8,13,13,30,0.5,4,8,13,30,,Anger
0.5,4,8,13,30,0.5,4,13,13,30,,Anger
0.5,8,13,13,30,0.5,4,8,30,45,,Sad
4,8,8,30,30,0.5,4,8,13,34,,Anger
0.5,8,13,13,30,0.5,4,13,13,30,,Neutral
4,8,8,30,39,0.5,4,8,13,30,,Anger
4,4,8,27,30,0.5,4,8,30,30,,Anger
0.5,4,8,13,30,0.5,4,8,13,30,,Anger
0.5,8,13,13,30,4,4,13,13,45,,Neutral
4,4,8,30,30,0.5,4,8,13,45,,Anger
4,8,13,13,30,0.5,8,13,13,30,,Neutral
0.5,8,8,13,30,4,4,8,13,30,,Happy
0.5,8,13,13,45,4,8,8,30,30,,Happy
0.5,8,13,13,30,0.5,4,8,30,30,,Sad
0.5,4,8,13,30,0.5,4,8,13,30,,Anger
0.5,4,8,13,44,4,4,8,13,30,,Happy
0.5,4,8,13,30,4,8,8,30,45,,Anger
4,4,8,30,45,0.5,4,8,30,45,,Anger
4,8,13,30,30,4,8,13,30,30,,Sad
0.5,8,13,13,30,0.5,8,13,13,45,,Neutral
4,8,13,16,30,4,8,13,30,30,,Anger
4,8,13,13,30,0.5,8,8,13,45,,Anger
0.5,4,8,13,30,0.5,4,8,13,45,,Happy
4,4,8,24,30,0.5,8,13,30,30,,Anger
0.5,4,8,13,30,0.5,4,8,13,30,,Anger
0.5,8,13,13,30,0.5,4,8,13,30,,Anger
4,4,8,14,30,4,8,8,30,30,,Anger
4,4,8,30,30,0.5,8,13,30,45,,Anger
4,8,13,30,45,4,4,13,13,30,,Sad
4,8,13,29,30,0.5,8,13,30,30,,Sad
4,8,13,30,30,4,4,8,30,30,,Sad
0.5,4,8,13,45,0.5,8,8,13,30,,Anger
0.5,8,13,13,30,0.5,4,13,13,30,,Neutral
0.5,8,13,13,45,0.5,8,8,30,30,,Anger
0.5,4,8,13,30,0.5,4,8,26,30,,Anger
0.5,4,8,18,30,0.5,4,8,13,45,,Anger
4,8,13,30,45,4,8,13,13,45,,Happy
0.5,8,13,13,30,4,4,13,13,30,,Neutral
0.5,8,13,13,45,0.5,4,13,13,30,,Neutral
4,4,8,30,45,0.5,8,13,13,45,,Anger
0.5,8,13,13,30,0.5,8,13,30,36,,Anger
4,4,8,13,30,0.5,4,8,13,30,,Anger
0.5,8,13,13,30,0.5,4,13,13,42,,Neutral
0.5,4,8,13,30,0.5,4,8,13,30,,Anger
0.5,4,13,13,45,4,8,13,13,30,,Neutral
0.5,8,13,13,30,0.5,8,13,13,30,,Neutral
0.5,4,8,13,30,4,4,8,13,30,,Happy
4,8,13,30,30,4,8,8,13,30,,Sad
0.5,4,8,13,37,0.5,4,8,22,30,,Anger
2,4,8,13,30,1,8,13,13,30,,Anger
0.5,8,8,13,45,0.5,4,13,30,45,,Anger
0.5,4,8,13,30,0.5,8,8,28,45,,Anger
0.5,4,10,30,45,0.5,4,8,13,30,,Sad
4,8,13,30,45,0.5,4,8,13,30,,Anger
4,8,13,13,43,0.5,4,13,13,45,,Neutral
0.5,8,13,13,30,0.5,4,13,13,45,,Neutral
0.5,4,8,13,45,4,4,8,13,30,,Happy
0.5,8,13,13,30,0.5,4,13,13,30,,Neutral
4,4,8,13,30,0.5,8,13,30,30,,Anger
0.5,4,8,13,30,0.5,4,8,13,30,,Anger
0.5,4,8,13,45,0.5,8,13,13,30,,Anger
4,8,13,30,38,4,4,8,13,30,,Anger
0.5,8,13,13,30,0.5,8,13,13,30,,Neutral
0.5,8,13,13,30,4,4,13,13,45,,Neutral
0.5,8,13,13,30,4,8,13,30,45,,Anger
0.5,8,13,13,30,0.5,8,8,13,30,,Anger
4,8,13,13,30,0.5,4,13,13,45,,Neutral
0.5,8,13,13,30,4,4,13,13,37,,Neutral
0.5,4,8,13,45,4,4,8,13,30,,Happy
4,4,12,30,30,4,8,8,13,30,,Anger
0.5,8,13,13,45,0.5,4,13,13,30,,Neutral
0.5,8,13,13,45,0.5,8,13,13,30,,Neutral
4,8,13,30,45,4,8,13,30,45,,Anger
4,8,13,30,45,4,8,13,13,30,,Happy
4,8,13,30,41,4,4,8,13,30,,Anger
4,4,8,30,30,4,4,13,22,30,,Anger
0.5,8,13,13,30,0.5,4,8,13,30,,Anger
0.5,8,13,13,30,0.5,4,13,13,30,,Neutral
0.5,8,13,13,30,4,8,13,30,30,,Happy
4,8,13,13,30,4,8,8,13,30,,Anger
4,8,13,13,33,4,8,13,30,30,,Anger
0.5,8,13,13,45,0.5,4,8,13,45,,Happy
0.5,4,13,13,30,4,4,13,13,45,,Neutral
0.5,4,8,13,33,0.5,4,8,13,37,,Anger
4,4,8,30,30,0.5,4,8,13,30,,Anger
0.5,4,8,13,30,0.5,8,13,30,30,,Anger
4,8,13,30,45,4,8,8,25,45,,Anger
0.5,8,13,13,30,4,8,13,13,45,,Neutral
4,4,13,30,45,0.5,4,13,30,45,,Sad
0.5,8,13,13,30,4,8,9,13,30,,Happy
4,4,8,30,30,0.5,8,13,30,44,,Anger
4,8,13,30,30,4,8,13,17,30,,Sad
4,4,8,13,30,0.5,4,8,13,30,,Anger
4,8,8,30,30,4,8,8,13,30,,Anger
4,4,8,13,45,0.5,8,13,30,44,,Happy
0.5,4,8,13,30,4,4,8,13,30,,Happy
0.5,4,8,13,30,4,8,13,13,30,,Anger
0.5,4,8,13,30,0.5,4,8,13,30,,Anger
4,8,8,30,30,4,4,8,13,30,,Anger
4,8,13,30,30,0.5,8,13,13,45,,Happy
0.5,4,8,13,30,4,4,8,13,30,,Happy
0.5,8,13,13,45,4,4,13,13,32,,Neutral
0.5,8,13,13,30,4,4,8,13,45,,Sad
4,8,13,16,30,4,7,13,13,30,,Sad
4,8,13,13,30,0.5,4,13,13,45,,Neutral
0.5,4,8,13,45,0.5,8,8,18,30,,Anger
4,4,8,30,30,0.5,4,13,13,30,,Anger
0.5,4,8,13,45,4,4,8,13,45,,Anger
0.5,8,13,13,30,0.5,4,8,13,33,,Anger
4,4,8,30,45,0.5,8,13,13,45,,Anger
0.5,8,13,13,30,4,8,13,13,45,,Neutral
0.5,8,13,13,37,4,4,8,13,45,,Happy
0.5,8,13,13,30,0.5,8,13,13,30,,Neutral
0.5,4,8,13,45,4,8,8,16,30,,Anger
0.5,8,13,13,30,4,8,13,30,30,,Happy
4,8,13,30,30,0.5,8,13,30,45,,Happy
0.5,4,8,13,30,0.5,4,8,13,30,,Anger
4,8,13,30,34,4,8,13,30,43,,Anger
2,4,8,13,30,0.5,4,9,15,30,,Anger
0.5,8,13,13,45,0.5,4,13,13,45,,Neutral
0.5,8,13,13,30,0.5,4,13,13,30,,Neutral
4,8,13,30,30,4,4,8,13,45,,Anger
4,4,8,30,30,0.5,8,8,13,45,,Anger
0.5,8,13,13,30,0.5,4,8,13,30,,Anger
0.5,4,8,13,30,4,8,8,13,30,,Anger
0.5,4,13,13,45,0.5,4,13,13,30,,Neutral
0.5,8,13,13,30,0.5,4,13,13,30,,Neutral
0.5,4,10,13,30,0.5,4,8,14,30,,Anger
0.5,4,8,13,30,0.5,4,8,13,30,,Anger
0.5,4,8,13,45,4,4,8,13,30,,Happy
0.5,4,8,13,37,4,8,8,22,30,,Anger
4,8,13,30,45,4,8,13,13,30,,Happy
0.5,8,13,13,45,4,8,13,13,45,,Neutral
0.5,8,13,13,45,0.5,4,13,13,30,,Neutral
0.5,8,13,13,30,0.5,4,13,13,30,,Neutral
1,8,13,13,45,4,8,13,13,30,,Neutral
0.5,4,8,13,30,4,4,13,14,45,,Sad
0.5,4,8,13,33,0.5,4,8,13,37,,Anger
0.5,4,8,18,30,0.5,4,8,13,45,,Anger
4,5,13,13,30,0.5,4,13,13,45,,Neutral
4,4,8,30,45,4,8,13,30,45,,Anger
0.5,4,8,13,30,0.5,4,8,13,30,,Anger
4,4,8,13,30,1,4,8,13,30,,Anger
0.5,4,8,13,36,0.5,4,8,27,30,,Anger
0.5,4,8,13,30,0.5,4,13,30,30,,Anger
4,8,13,30,30,4,8,8,21,30,,Sad
0.5,8,13,13,30,0.5,4,8,13,30,,Anger
0.5,4,8,13,30,0.5,8,8,23,30,,Anger
4,8,13,13,42,4,8,8,30,30,,Anger
4,4,8,30,45,4,4,8,13,30,,Anger
0.5,8,13,13,30,0.5,4,13,13,34,,Neutral
0.5,8,13,13,30,0.5,8,13,30,45,,Anger
4,4,8,30,30,0.5,8,13,13,30,,Anger
0.5,8,8,13,30,0.5,4,13,30,30,,Anger
0.5,4,13,13,30,4,4,13,13,30,,Neutral
4,8,13,30,39,4,4,8,13,30,,Anger
4,4,8,30,30,4,8,8,13,45,,Anger
0.5,8,13,13,37,4,8,13,13,45,,Neutral
0.5,8,13,13,30,4,4,13,13,30,,Neutral
4,8,12,26,30,0.5,4,8,13,30,,Anger
4,4,8,30,30,0.5,4,13,30,30,,Anger
0.5,4,8,13,30,4,8,13,13,30,,Anger
0.5,8,13,13,30,0.5,4,13,13,30,,Neutral
0.5,4,8,13,30,2,8,13,21,30,,Anger
0.5,8,13,13,30,4,8,13,13,45,,Neutral
4,8,13,30,30,0.5,8,13,13,34,,Sad
0.5,4,8,13,30,0.5,4,13,13,45,,Happy
4,6,8,20,30,4,4,8,13,30,,Happy
0.5,8,13,13,30,4,4,13,13,43,,Neutral
4,8,13,30,45,4,4,13,30,45,,Anger
0.5,4,8,13,30,0.5,4,8,25,30,,Anger
4,8,13,30,45,4,4,13,30,45,,Anger
0.5,8,13,13,30,0.5,8,13,13,45,,Neutral
0.5,4,8,13,30,0.5,4,8,13,30,,Anger
4,8,13,30,30,4,4,8,13,30,,Anger
0.5,4,8,13,30,4,4,8,13,45,,Happy
4,8,8,30,30,4,8,13,30,30,,Anger
0.5,4,8,13,30,0.5,4,8,13,30,,Anger
0.5,8,13,13,30,0.5,8,13,13,30,,Neutral
0.5,4,8,13,34,0.5,4,13,30,30,,Anger
0.5,8,13,13,30,0.5,8,13,13,37,,Neutral
4,8,13,20,31,4,4,13,13,45,,Sad
2,4,8,13,30,0.5,4,8,13,30,,Anger
0.5,8,13,13,30,4,4,13,13,30,,Neutral
0.5,8,13,13,45,0.5,8,13,13,30,,Neutral
4,4,8,19,30,4,8,13,30,45,,Anger
1,8,13,26,45,0.5,8,8,30,30,,Sad
0.5,4,13,13,30,0.5,8,13,13,30,,Neutral
0.5,8,13,13,45,4,4,8,13,35,,Anger
0.5,4,8,13,45,0.5,4,8,30,30,,Anger
4,8,11,27,30,0.5,4,8,13,30,,Anger
0.5,8,13,13,30,0.5,4,13,13,30,,Neutral
0.5,8,13,13,30,2,4,13,13,30,,Neutral
0.5,8,13,13,30,4,4,8,13,45,,Sad
0.5,4,8,13,30,0.5,4,13,13,30,,Anger
4,4,8,23,30,4,4,8,13,30,,Anger
0.5,8,13,13,30,4,4,8,13,45,,Sad
4,8,12,30,30,0.5,4,8,20,30,,Anger
4,8,13,30,30,4,4,13,13,30,,Sad
0.5,8,13,13,30,0.5,4,8,13,30,,Anger
0.5,8,13,13,30,0.5,4,13,13,30,,Neutral
4,4,8,30,45,0.5,4,13,13,30,,Anger
0.5,4,8,13,30,0.5,8,13,13,30,,Anger
0.5,4,8,13,31,4,4,13,13,45,,Sad
0.5,4,8,13,45,4,5,13,13,30,,Happy
4,8,13,30,30,0.5,8,13,30,30,,Sad
0.5,8,13,13,30,0.5,4,8,13,30,,Anger
4,8,13,13,30,4,8,13,13,42,,Neutral
0.5,8,13,13,30,0.5,4,13,13,30,,Neutral
0.5,8,13,13,45,0.5,4,13,13,30,,Neutral
4,4,8,13,30,0.5,4,8,17,30,,Anger
0.5,8,13,13,30,0.5,8,13,13,30,,Neutral
0.5,4,8,30,45,4,4,13,13,45,,Sad
0.5,4,8,13,30,0.5,4,8,13,30,,Anger
0.5,4,8,13,45,0.5,8,13,13,30,,Anger
4,4,8,14,30,0.5,4,8,13,30,,Anger
4,8,13,30,45,4,4,13,13,45,,Happy
0.5,4,8,13,45,4,8,8,30,30,,Anger
0.5,8,13,13,45,4,4,13,13,34,,Neutral
0.5,8,13,13,45,0.5,8,13,30,45,,Anger
0.5,8,13,13,45,0.5,8,13,13,30,,Neutral
0.5,8,13,13,45,0.5,4,8,13,30,,Sad
0.5,8,13,13,45,0.5,8,13,13,45,,Neutral
4,8,13,30,30,0.5,8,13,30,30,,Sad
4,8,13,13,41,4,8,13,13,30,,Neutral
4,4,8,30,45,0.5,8,13,30,30,,Anger
0.5,4,13,13,30,0.5,4,13,13,30,,Neutral
0.5,4,13,13,45,0.5,4,13,13,30,,Neutral
4,4,8,30,30,0.5,8,13,30,30,,Anger
4,4,8,30,45,0.5,8,8,30,45,,Anger
4,8,13,30,30,4,8,13,17,30,,Sad
0.5,4,8,13,45,0.5,4,8,13,30,,Anger
0.5,8,13,13,30,4,8,13,13,30,,Neutral
4,8,8,28,30,0.5,4,8,13,30,,Anger
0.5,4,8,13,30,0.5,4,8,13,30,,Anger
0.5,4,8,13,30,0.5,4,8,13,30,,Anger
4,4,8,20,30,4,8,8,30,30,,Anger
4,8,13,13,30,4,6,13,13,30,,Neutral
0.5,8,8,13,30,0.5,4,13,13,45,,Sad
0.5,4,13,13,30,0.5,8,13,13,30,,Neutral
0.5,4,8,13,30,4,4,8,13,30,,Happy
4,4,8,30,45,0.5,8,8,30,45,,Anger
4,4,13,30,30,4,8,8,13,30,,Anger
0.5,8,13,13,30,4,8,13,30,45,,Anger
4,4,8,30,45,4,4,8,13,30,,Anger
0.5,4,13,13,30,4,4,13,30,30,,Sad
0.5,8,13,13,44,4,4,8,13,30,,Anger
4,4,8,13,30,4,8,8,30,30,,Anger
0.5,8,13,13,30,4,6,8,13,45,,Sad
4,4,13,13,30,4,8,13,13,30,,Neutral
0.5,8,13,13,30,0.5,8,13,13,30,,Neutral
0.5,4,8,13,30,0.5,4,8,13,30,,Anger
4,4,8,30,45,0.5,4,8,13,30,,Anger
0.5,4,11,13,30,0.5,4,13,13,30,,Neutral
4,8,8,30,30,4,4,13,13,30,,Happy
4,8,13,13,30,0.5,8,8,21,34,,Anger
0.5,8,13,13,30,4,8,13,30,30,,Happy
0.5,8,13,13,30,0.5,4,13,13,30,,Neutral
0.5,8,13,13,30,4,8,8,30,30,,Happy
4,8,13,30,45,0.5,4,13,13,30,,Sad
4,8,13,30,45,0.5,4,13,13,30,,Sad
0.5,4,8,13,30,4,4,8,13,45,,Happy
0.5,4,8,13,45,4,4,13,13,30,,Happy
4,4,8,13,45,0.5,8,8,30,30,,Anger
4,4,8,13,30,0.5,4,8,30,30,,Anger
0.5,5,8,13,30,4,4,8,13,30,,Happy
0.5,4,8,13,30,0.5,4,13,13,30,,Anger
4,4,8,30,30,4,4,8,15,30,,Anger
0.5,4,8,13,30,0.5,8,8,30,30,,Anger
0.5,4,8,13,30,4,4,8,13,30,,Happy
4,4,8,30,45,4,8,13,30,45,,Anger
0.5,8,13,13,30,4,4,13,13,30,,Neutral
4,4,8,30,30,0.5,8,13,30,30,,Anger
4,8,13,30,30,4,8,13,30,30,,Sad
4,8,13,30,30,4,8,13,30,45,,Anger
0.5,4,8,13,43,0.5,4,8,13,30,,Anger
4,8,13,30,30,4,4,13,13,45,,Sad
0.5,8,8,13,30,0.5,4,8,13,30,,Happy
0.5,8,13,13,30,4,8,13,13,30,,Neutral
0.5,4,8,13,35,2,8,8,30,45,,Anger
0.5,8,13,13,30,4,4,13,13,30,,Neutral
4,4,8,14,30,4,8,13,29,30,,Anger
4,8,13,30,30,4,4,11,13,30,,Sad
0.5,8,13,13,45,0.5,4,13,13,45,,Neutral
0.5,4,8,13,30,0.5,4,8,13,30,,Anger
0.5,8,13,13,30,0.5,4,8,13,45,,Anger
4,4,8,30,45,4,4,13,13,30,,Anger
0.5,8,13,13,30,4,8,8,13,45,,Sad
0.5,8,13,13,45,0.5,4,8,13,30,,Sad
0.5,4,8,13,45,4,4,8,13,30,,Happy
4,4,8,30,30,0.5,8,8,13,30,,Anger
0.5,8,13,13,30,0.5,8,13,13,30,,Neutral
0.5,8,13,13,30,0.5,4,8,13,42,,Anger
0.5,8,13,13,45,0.5,4,13,13,30,,Neutral
0.5,4,8,13,30,1,4,8,13,30,,Anger
0.5,4,8,13,30,4,8,8,13,30,,Anger
4,8,13,30,30,4,4,8,13,30,,Anger
0.5,8,13,13,45,0.5,8,8,13,30,,Sad
0.5,8,13,13,30,4,8,13,13,30,,Neutral
0.5,8,13,13,30,4,4,8,13,45,,Sad
0.5,4,13,13,30,4,4,13,13,45,,Neutral
0.5,4,8,13,30,0.5,4,8,13,30,,Anger
4,4,8,30,30,3,4,8,30,45,,Anger
4,4,8,30,30,0.5,4,8,13,30,,Anger
0.5,4,8,13,30,4,4,8,27,30,,Happy
0.5,8,13,13,30,0.5,4,8,13,30,,Anger
4,4,8,30,45,0.5,4,13,30,30,,Anger
0.5,4,8,13,30,0.5,4,8,30,30,,Anger
0.5,8,13,13,45,4,4,13,13,30,,Neutral
0.5,8,13,13,30,0.5,4,8,13,40,,Anger
0.5,8,13,13,30,4,4,13,13,30,,Neutral
4,8,13,30,30,0.5,4,8,13,30,,Anger
0.5,8,13,13,30,0.5,4,8,13,30,,Anger
4,8,13,30,45,4,8,8,15,45,,Anger
4,4,13,13,45,0.5,5,13,13,45,,Neutral
4,8,13,30,30,4,4,11,30,30,,Sad
0.5,8,13,13,45,0.5,8,13,13,45,,Neutral
4,8,13,30,30,4,4,8,13,40,,Anger
0.5,8,13,13,45,4,8,8,30,30,,Happy
0.5,8,13,13,45,0.5,4,13,13,30,,Neutral
4,4,9,19,42,4,8,8,13,30,,Anger
0.5,8,13,13,30,0.5,4,8,13,45,,Anger
0.5,8,12,13,45,0.5,4,8,13,45,,Sad
4,8,13,24,45,4,8,13,30,45,,Anger
4,8,13,13,30,4,8,8,13,45,,Anger
0.5,4,8,13,30,0.5,4,8,13,30,,Anger
0.5,8,13,13,45,4,4,8,13,30,,Anger
4,8,13,30,30,4,4,13,13,30,,Sad
0.5,4,8,13,45,4,4,8,22,30,,Anger
4,8,13,30,42,4,4,13,13,30,,Sad
0.5,4,8,13,30,4,8,8,13,30,,Anger
4,4,8,13,30,0.5,4,13,13,45,,Anger
4,4,8,30,45,4,8,13,13,45,,Anger
0.5,8,13,13,30,0.5,4,8,13,30,,Anger
0.5,4,8,13,45,0.5,4,13,13,30,,Happy
4,4,8,27,30,4,8,13,30,30,,Anger
0.5,4,8,13,30,4,4,13,14,30,,Anger
0.5,4,8,13,30,0.5,4,13,13,30,,Anger
0.5,4,8,13,30,4,4,8,13,30,,Happy
4,8,8,27,30,0.5,8,8,13,30,,Anger
4,8,13,30,30,4,4,8,13,45,,Anger
0.5,4,8,13,30,4,4,13,13,30,,Anger
4,8,13,13,39,4,8,13,30,30,,Anger
0.5,8,13,13,45,4,4,13,13,45,,Neutral
0.5,4,8,13,30,0.5,4,8,13,30,,Anger
0.5,4,8,13,30,0.5,4,8,13,30,,Anger
0.5,4,8,13,45,4,4,8,13,30,,Happy
0.5,8,13,13,45,4,4,8,13,30,,Anger
0.5,4,8,13,30,4,4,8,13,30,,Happy
4,8,13,30,45,0.5,8,8,13,45,,Anger
0.5,8,13,13,45,0.5,4,13,13,45,,Neutral
4,8,8,30,30,4,8,8,30,38,,Anger
0.5,4,8,13,30,0.5,4,8,13,30,,Anger
4,4,8,13,30,4,8,8,30,30,,Anger
0.5,4,8,13,30,0.5,4,13,13,30,,Anger
0.5,8,13,13,30,0.5,4,13,13,30,,Neutral
0.5,8,13,13,30,0.5,4,13,13,34,,Neutral
0.5,7,8,13,45,0.5,4,13,30,45,,Anger
0.5,4,8,13,30,0.5,4,8,13,30,,Anger
4,8,12,13,45,4,5,13,13,30,,Sad
4,8,13,30,45,4,4,8,30,30,,Sad
0.5,8,13,13,45,0.5,4,13,13,45,,Neutral
0.5,8,13,13,30,0.5,4,8,13,45,,Anger
0.5,8,13,13,30,0.5,8,8,13,30,,Anger
0.5,8,13,13,45,0.5,8,13,13,45,,Neutral
4,4,8,30,30,4,8,10,13,30,,Anger
0.5,8,13,13,45,0.5,4,13,13,30,,Neutral
4,8,13,30,45,4,4,8,30,30,,Sad
0.5,8,13,13,30,0.5,4,8,13,30,,Anger
4,8,13,30,31,4,8,8,30,30,,Sad
0.5,4,8,13,30,0.5,4,8,30,30,,Anger
0.5,8,13,13,30,0.5,8,13,13,30,,Neutral
0.5,4,8,13,30,4,4,13,13,30,,Anger
0.5,4,8,13,30,0.5,4,8,13,30,,Anger
4,8,13,30,30,4,4,13,13,30,,Sad
0.5,4,8,13,30,4,4,8,13,30,,Happy
4,4,8,30,30,0.5,4,8,13,45,,Anger
0.5,8,13,13,30,0.5,4,8,13,30,,Anger
0.5,4,13,13,36,4,8,13,13,30,,Neutral
0.5,4,8,13,45,4,8,13,30,45,,Anger
0.5,4,8,13,45,4,4,13,13,45,,Sad
0.5,4,8,13,30,4,4,8,13,30,,Happy
0.5,8,13,13,30,0.5,4,13,13,42,,Neutral
0.5,8,13,13,30,0.5,8,13,30,45,,Anger
0.5,8,13,13,45,4,4,13,13,32,,Neutral
0.5,4,8,13,30,0.5,8,8,30,30,,Anger
0.5,5,13,13,45,0.5,4,8,13,30,,Sad
0.5,8,11,13,30,4,8,8,30,30,,Happy
0.5,8,13,13,45,4,4,13,13,45,,Neutral
0.5,8,13,13,30,4,4,8,30,30,,Happy
4,4,8,13,30,2,8,8,13,30,,Anger
0.5,8,13,13,30,0.5,4,8,13,45,,Anger
0.5,8,13,13,30,4,4,8,13,30,,Happy
0.5,8,13,13,30,3,8,13,13,30,,Neutral
4,8,11,27,30,0.5,4,8,13,30,,Anger
4,8,13,30,30,4,4,8,13,30,,Anger
4,8,13,30,30,4,8,13,30,30,,Sad
0.5,4,13,13,30,0.5,8,13,13,30,,Neutral
0.5,8,13,13,45,4,4,13,13,30,,Neutral
4,4,8,30,30,4,4,13,13,30,,Anger
0.5,4,8,13,30,4,4,8,13,30,,Happy
0.5,8,13,13,30,0.5,8,13,30,30,,Anger
0.5,4,8,13,30,4,4,8,13,30,,Happy
4,8,13,30,45,4,4,8,30,45,,Happy
3,8,13,18,30,1,4,8,13,45,,Anger
4,8,13,30,30,0.5,8,13,13,30,,Sad
4,8,13,13,45,0.5,4,13,13,30,,Neutral
0.5,4,8,13,30,4,4,13,13,30,,Anger
0.5,4,8,13,30,0.5,8,8,13,30,,Anger
4,4,8,30,30,4,8,13,30,30,,Anger
0.5,8,13,13,30,4,4,13,13,43,,Neutral
4,4,8,13,30,4,8,8,30,45,,Anger
0.5,4,8,13,30,0.5,4,8,13,30,,Anger
4,8,13,13,43,0.5,4,13,13,45,,Neutral
0.5,4,8,13,45,0.5,4,8,13,45,,Anger
0.5,4,8,13,30,0.5,8,13,30,30,,Anger
0.5,8,13,13,30,0.5,4,13,13,30,,Neutral
4,8,8,30,30,4,8,13,19,30,,Happy
0.5,8,13,13,37,4,7,13,13,32,,Neutral
0.5,8,8,13,30,0.5,4,8,13,30,,Happy
0.5,8,13,13,45,0.5,4,8,13,30,,Sad
3,8,13,13,30,0.5,8,13,13,30,,Neutral
4,8,13,30,30,0.5,8,13,30,30,,Sad
0.5,4,8,13,30,0.5,4,8,13,30,,Anger
4,8,13,30,30,4,8,13,19,30,,Sad
0.5,4,13,13,30,4,4,13,13,30,,Neutral
4,4,12,13,33,0.5,4,8,13,45,,Anger
0.5,8,13,13,31,0.5,4,13,13,30,,Neutral
0.5,8,13,13,45,4,4,8,13,45,,Happy
0.5,8,13,13,45,4,8,13,13,30,,Neutral
0.5,8,13,13,45,0.5,8,8,30,45,,Anger
0.5,8,13,13,45,4,4,13,13,45,,Neutral
0.5,8,10,13,32,4,4,8,13,30,,Happy
0.5,8,13,13,30,4,8,13,13,30,,Neutral
4,8,13,30,30,4,4,13,30,45,,Happy
0.5,8,11,13,30,0.5,8,13,30,30,,Anger
0.5,8,13,13,45,0.5,8,13,13,30,,Neutral
4,4,8,13,30,4,8,8,13,30,,Happy
2,4,8,13,30,0.5,4,13,30,30,,Anger
0.5,4,13,13,30,4,8,13,13,45,,Neutral
4,4,8,30,31,0.5,4,10,30,30,,Anger
0.5,8,13,13,30,4,4,8,13,30,,Happy
0.5,8,13,13,45,4,4,13,13,30,,Neutral
0.5,4,8,13,30,0.5,4,8,13,30,,Anger
0.5,4,8,13,45,4,8,13,30,45,,Anger
4,8,13,21,30,4,4,8,13,30,,Anger
0.5,6,8,13,30,0.5,4,8,13,30,,Anger
0.5,4,8,13,30,0.5,4,8,13,30,,Anger
4,4,8,13,30,0.5,8,13,30,30,,Anger
0.5,8,13,13,45,0.5,4,13,13,30,,Neutral
0.5,4,8,30,45,0.5,8,13,30,30,,Sad
0.5,8,13,13,45,0.5,4,13,13,30,,Neutral
0.5,8,13,13,30,0.5,4,13,13,30,,Neutral
0.5,4,8,13,45,0.5,4,8,13,30,,Anger
0.5,8,13,13,30,0.5,4,13,13,30,,Neutral
2,8,13,13,30,0.5,4,13,13,33,,Neutral
4,4,12,30,30,4,8,8,28,30,,Sad
0.5,8,13,13,30,4,4,13,13,30,,Neutral
0.5,4,8,13,30,0.5,4,8,13,30,,Anger
4,4,8,28,30,4,8,8,13,30,,Anger
0.5,4,8,13,30,0.5,4,13,13,30,,Anger
4,8,13,30,45,4,4,8,30,30,,Sad
4,8,13,13,30,4,4,13,13,37,,Neutral
0.5,8,13,13,30,0.5,4,13,13,30,,Neutral
0.5,8,13,13,30,4,4,8,13,30,,Happy
0.5,8,13,13,30,4,8,13,13,30,,Neutral
0.5,4,8,13,38,0.5,4,8,13,30,,Anger
0.5,4,8,13,30,4,8,13,13,30,,Anger
0.5,4,8,13,30,4,8,13,13,30,,Anger
0.5,8,13,13,30,0.5,8,13,13,45,,Neutral
0.5,4,8,13,30,0.5,4,8,13,30,,Anger
4,4,8,13,30,4,8,8,13,30,,Happy
0.5,8,13,13,30,0.5,4,13,13,30,,Neutral
4,4,13,13,45,0.5,8,13,13,45,,Neutral
0.5,8,13,13,30,4,8,13,13,30,,Neutral
0.5,4,8,30,45,4,8,13,13,45,,Sad
4,8,13,13,45,4,8,13,13,45,,Neutral
0.5,8,13,13,45,0.5,8,13,30,30,,Anger
0.5,4,8,13,30,0.5,4,13,13,38,,Anger
4,4,11,30,30,0.5,8,8,27,30,,Sad
0.5,4,8,13,30,4,4,8,13,30,,Happy
4,8,13,13,30,0.5,8,13,13,30,,Neutral
0.5,8,13,13,45,0.5,4,13,13,45,,Neutral
0.5,4,8,13,30,0.5,4,8,13,30,,Anger
0.5,4,8,13,30,0.5,4,13,13,30,,Anger
4,8,13,13,30,4,4,8,13,30,,Anger
0.5,8,13,13,30,0.5,4,13,13,30,,Neutral
0.5,4,8,13,30,4,4,8,13,45,,Happy
0.5,8,11,13,45,0.5,4,8,27,30,,Happy
0.5,4,8,13,30,0.5,4,8,30,30,,Anger
4,8,13,13,38,4,8,13,13,45,,Neutral
0.5,4,8,13,30,0.5,4,8,13,30,,Anger
0.5,8,13,13,30,4,8,13,13,45,,Neutral
0.5,4,8,13,30,0.5,4,8,13,45,,Happy
4,8,13,30,45,4,8,13,30,45,,Anger
0.5,8,13,13,45,4,8,13,13,45,,Neutral
4,4,8,30,45,0.5,4,8,13,30,,Anger
0.5,8,13,13,30,4,4,13,13,45,,Neutral
4,8,13,30,30,4,8,13,30,45,,Anger
0.5,4,13,13,45,4,8,13,13,30,,Neutral
4,8,8,30,45,4,8,13,23,30,,Anger
0.5,4,8,13,30,0.5,4,8,13,30,,Anger
0.5,8,13,13,30,4,8,8,13,30,,Happy
4,4,8,13,45,0.5,4,8,13,30,,Anger
4,8,13,30,45,4,8,8,13,44,,Anger
0.5,8,11,13,30,0.5,8,13,30,30,,Anger
0.5,8,8,13,30,4,8,8,30,30,,Anger
0.5,4,8,13,30,0.5,8,8,30,30,,Anger
4,8,13,30,30,0.5,8,13,30,45,,Happy
0.5,8,13,13,45,4,8,13,13,30,,Neutral
4,5,8,30,30,0.5,8,13,30,30,,Anger
0.5,4,8,13,30,4,4,13,13,30,,Anger
0.5,4,13,13,30,4,4,13,13,30,,Neutral
4,4,8,29,30,4,4,8,13,30,,Anger
0.5,8,13,13,45,4,4,13,13,30,,Neutral
0.5,8,13,13,30,4,8,13,13,45,,Neutral
4,8,8,30,30,0.5,4,8,13,34,,Anger
0.5,4,8,13,30,0.5,4,8,13,30,,Anger
0.5,4,8,13,45,0.5,4,13,13,45,,Sad
0.5,8,13,13,30,4,8,13,13,45,,Neutral
0.5,4,8,13,30,0.5,4,8,13,30,,Anger
4,8,13,13,45,4,4,13,13,30,,Neutral
0.5,4,8,13,37,0.5,4,8,13,30,,Anger
4,8,13,30,30,0.5,4,8,30,45,,Happy
0.5,8,8,13,30,0.5,4,8,13,30,,Happy
0.5,8,13,13,30,4,8,13,13,30,,Neutral
0.5,8,13,13,45,4,8,13,13,30,,Neutral
0.5,4,8,13,30,4,4,13,13,45,,Sad
0.5,8,13,13,30,0.5,8,13,13,30,,Neutral
0.5,8,13,13,45,4,4,13,13,45,,Neutral
0.5,4,8,13,30,0.5,4,8,13,30,,Anger
4,8,13,13,30,4,4,13,13,30,,Neutral
0.5,8,13,13,37,4,4,8,13,45,,Happy
4,8,13,30,30,4,8,8,13,30,,Sad
0.5,4,8,13,30,0.5,4,8,13,30,,Anger
0.5,4,8,13,45,0.5,8,13,13,30,,Anger
4,8,13,30,30,4,8,13,13,45,,Happy
0.5,8,13,13,45,0.5,8,13,30,45,,Anger
2,8,13,13,30,4,8,13,13,42,,Neutral
0.5,8,13,13,30,4,8,13,13,45,,Neutral
0.5,4,8,13,30,4,4,8,13,30,,Happy
0.5,4,8,13,30,4,4,13,13,45,,Sad
0.5,4,8,13,30,0.5,4,13,13,40,,Happy
4,4,8,23,30,4,4,8,13,30,,Anger
0.5,8,13,13,30,0.5,4,13,13,45,,Neutral
0.5,8,13,13,30,0.5,4,13,13,30,,Neutral
0.5,8,13,13,30,1,8,8,13,30,,Anger
0.5,8,13,13,30,0.5,4,13,13,30,,Neutral
0.5,4,8,13,45,4,8,13,13,30,,Anger
4,4,8,29,30,4,4,13,13,30,,Anger
0.5,8,13,13,45,4,4,13,13,30,,Neutral
0.5,4,8,13,30,0.5,8,13,30,45,,Anger
0.5,8,13,13,30,0.5,4,13,13,30,,Neutral
0.5,4,8,13,30,4,4,8,29,30,,Happy
0.5,4,8,13,30,0.5,8,8,13,30,,Anger
0.5,8,13,13,30,0.5,4,12,13,30,,Sad
4,4,8,30,30,2,4,8,13,30,,Anger
4,8,13,30,45,0.5,8,13,13,45,,Sad
0.5,8,13,13,30,4,8,8,13,30,,Happy
4,4,8,30,45,0.5,8,13,30,30,,Anger
0.5,8,13,13,30,0.5,8,13,13,30,,Neutral
0.5,8,13,13,30,3,8,13,13,30,,Neutral
4,8,8,28,30,0.5,4,8,13,30,,Anger
0.5,8,13,14,45,4,8,8,30,45,,Anger
0.5,4,13,13,30,4,8,8,13,45,,Sad
0.5,4,8,13,30,0.5,4,8,13,30,,Anger
0.5,4,8,13,30,0.5,8,8,13,30,,Anger
4,8,13,13,30,4,4,13,13,30,,Neutral
0.5,4,8,13,30,0.5,4,8,13,30,,Anger
0.5,4,8,13,30,4,4,8,30,45,,Anger
0.5,4,8,13,30,2,4,8,13,30,,Anger
0.5,8,13,13,30,0.5,8,13,30,45,,Anger
4,8,13,30,30,0.5,8,8,30,30,,Sad
4,8,8,13,30,0.5,4,8,13,30,,Anger
0.5,4,8,13,30,4,4,8,13,30,,Happy
0.5,8,13,13,30,0.5,5,13,13,30,,Neutral
0.5,4,8,13,45,0.5,4,8,30,44,,Anger
4,8,8,30,30,0.5,8,13,13,30,,Anger
4,4,8,30,30,4,8,10,13,30,,Anger
0.5,4,8,13,30,0.5,4,10,13,30,,Anger
0.5,8,13,13,30,0.5,4,13,13,30,,Neutral
0.5,8,13,13,30,0.5,8,13,30,30,,Anger
4,4,8,30,30,4,6,13,30,30,,Anger
4,4,8,30,30,4,4,13,30,30,,Anger
0.5,4,8,13,30,4,4,8,30,30,,Happy
4,8,13,13,30,4,4,13,13,30,,Neutral
4,4,8,23,30,0.5,7,13,13,30,,Anger
0.5,4,8,13,30,0.5,4,8,13,30,,Anger
0.5,8,13,13,45,0.5,4,13,13,45,,Neutral
4,4,8,30,45,4,4,8,13,30,,Anger
0.5,8,13,13,30,0.5,4,13,13,45,,Neutral
4,4,8,30,45,0.5,8,8,30,45,,Anger
4,8,13,30,45,4,8,13,13,45,,Happy
0.5,8,13,13,30,0.5,4,13,13,30,,Neutral
4,4,8,30,30,4,8,8,22,30,,Anger
4,4,8,30,30,4,8,13,30,45,,Anger
0.5,8,13,13,30,0.5,8,12,13,30,,Sad
4,4,8,13,30,0.5,8,13,29,45,,Anger
0.5,8,13,13,37,4,8,13,13,45,,Neutral
0.5,8,13,13,30,0.5,4,13,13,45,,Neutral
0.5,8,13,13,30,0.5,8,13,13,45,,Neutral
0.5,8,13,13,30,0.5,4,13,13,30,,Neutral
0.5,4,8,13,30,4,4,8,13,44,,Happy
0.5,4,8,13,30,0.5,4,8,18,30,,Anger
4,8,13,13,30,0.5,8,13,13,45,,Neutral
0.5,5,13,13,45,0.5,4,8,13,30,,Sad
0.5,6,8,13,30,4,4,8,13,30,,Happy
0.5,4,8,13,30,0.5,8,8,30,30,,Anger
0.5,8,13,13,30,0.5,8,13,30,30,,Anger
0.5,8,13,13,30,0.5,4,13,13,45,,Neutral
0.5,4,8,13,30,0.5,8,8,30,30,,Anger
0.5,8,13,13,33,0.5,4,13,13,35,,Neutral
4,8,13,30,45,4,8,8,30,45,,Anger
0.5,8,13,13,30,0.5,4,13,13,30,,Neutral
0.5,4,13,13,30,0.5,8,13,30,45,,Sad
0.5,8,13,13,30,2,4,13,13,30,,Neutral
0.5,8,13,13,45,0.5,4,8,13,34,,Sad
4,8,13,13,30,0.5,8,13,13,45,,Neutral
0.5,8,13,13,45,4,4,13,13,30,,Neutral
0.5,8,10,13,30,4,4,8,13,30,,Happy
0.5,8,13,13,37,4,7,13,13,32,,Neutral
0.5,8,13,13,30,0.5,4,13,13,30,,Neutral
0.5,8,13,13,30,4,8,13,13,30,,Neutral
0.5,8,13,13,30,0.5,4,13,13,30,,Neutral
0.5,4,8,13,30,0.5,4,8,13,36,,Anger
0.5,8,13,13,30,0.5,4,13,13,30,,Neutral
0.5,4,8,13,30,3,4,13,13,30,,Anger
4,8,8,30,30,4,4,13,13,33,,Happy
4,8,13,13,38,4,8,13,13,45,,Neutral
0.5,4,8,13,45,4,4,8,13,30,,Happy
4,4,8,30,30,4,4,13,13,34,,Anger
0.5,8,13,13,45,0.5,4,8,13,45,,Happy
0.5,4,8,13,45,0.5,8,13,30,30,,Anger
4,8,13,30,45,0.5,8,13,21,30,,Sad
4,4,8,30,45,4,4,8,13,30,,Anger
0.5,4,8,13,30,0.5,4,8,13,41,,Happy
0.5,8,13,13,30,0.5,8,8,30,30,,Sad
0.5,8,13,13,30,4,4,13,13,30,,Neutral
0.5,8,13,13,30,0.5,8,13,13,45,,Neutral
0.5,8,13,13,30,0.5,4,8,13,30,,Anger
0.5,4,8,13,30,0.5,4,8,13,30,,Anger
4,4,8,13,30,0.5,4,13,30,30,,Anger
0.5,4,13,13,30,0.5,8,13,13,30,,Neutral
0.5,4,8,13,45,4,8,13,30,45,,Anger
4,4,8,29,45,0.5,8,13,30,30,,Anger
0.5,4,8,13,30,0.5,4,13,13,30,,Anger
4,4,13,30,45,0.5,8,13,30,30,,Sad
0.5,8,13,13,30,4,4,8,13,44,,Sad
0.5,4,8,13,30,0.5,8,13,16,30,,Anger
0.5,8,13,13,30,0.5,8,13,13,30,,Neutral
0.5,4,8,30,45,0.5,4,13,13,30,,Sad
0.5,4,8,13,30,0.5,4,8,13,30,,Anger
0.5,4,8,13,30,0.5,8,13,30,30,,Anger
4,8,13,13,30,4,8,13,13,44,,Neutral
0.5,4,8,13,30,0.5,4,8,13,45,,Happy
4,8,13,24,30,0.5,8,13,13,39,,Sad
0.5,4,13,13,45,4,8,13,13,30,,Neutral
0.5,8,11,13,45,4,8,11,13,45,,Sad
0.5,4,8,13,30,0.5,8,8,13,30,,Anger
0.5,8,13,13,30,0.5,4,13,13,30,,Neutral
4,8,13,30,45,0.5,4,13,13,30,,Sad
4,8,13,30,30,4,8,13,30,45,,Anger
3,4,8,13,30,4,4,8,13,45,,Happy
0.5,8,13,13,30,0.5,4,13,13,45,,Neutral
4,4,8,30,30,4,4,8,13,30,,Anger
0.5,8,13,13,30,0.5,4,8,13,30,,Anger
0.5,8,13,13,30,0.5,4,8,13,45,,Anger
0.5,4,8,13,30,0.5,4,8,13,30,,Anger
4,8,13,27,36,4,8,13,26,45,,Anger
0.5,8,13,13,30,0.5,8,13,30,45,,Anger
0.5,4,8,13,36,4,8,8,21,30,,Anger
4,8,13,13,30,4,8,13,13,30,,Neutral
4,8,13,30,30,4,4,13,13,30,,Sad
0.5,4,8,13,30,4,4,8,30,45,,Anger
4,4,8,28,30,4,4,8,13,30,,Anger
4,8,13,30,45,0.5,8,8,30,30,,Sad
0.5,8,13,13,30,4,4,8,30,30,,Happy
4,4,8,30,35,4,4,8,13,32,,Anger
0.5,4,8,13,30,0.5,4,8,13,30,,Anger
0.5,8,13,13,45,4,4,13,13,45,,Neutral
4,4,8,30,30,4,8,10,13,30,,Anger
4,4,8,30,30,0.5,8,8,13,30,,Anger
0.5,4,8,19,30,4,4,8,13,30,,Anger
0.5,8,13,13,30,4,4,13,13,30,,Neutral
0.5,4,8,13,45,4,8,13,16,30,,Anger
4,4,8,13,30,4,8,13,21,30,,Sad
0.5,8,13,13,45,4,4,13,13,30,,Neutral
4,4,8,13,30,4,4,8,13,45,,Happy
4,4,8,13,30,0.5,4,8,13,30,,Anger
4,8,13,30,30,0.5,8,13,13,30,,Sad
0.5,4,8,13,30,0.5,4,13,13,30,,Anger
0.5,8,13,13,30,4,4,13,13,30,,Neutral
0.5,4,8,13,30,0.5,4,8,13,30,,Anger
0.5,4,8,13,45,0.5,8,8,30,45,,Anger
0.5,4,8,13,30,0.5,8,8,26,34,,Anger
4,8,13,30,30,0.5,8,13,30,45,,Happy
0.5,4,8,13,30,0.5,4,8,13,30,,Anger
0.5,8,13,13,30,0.5,8,13,13,45,,Neutral
4,4,8,30,45,0.5,8,13,18,30,,Anger
4,8,13,13,30,4,4,13,13,30,,Neutral
0.5,8,11,13,30,0.5,8,8,13,30,,Anger
0.5,4,8,13,30,4,4,8,13,30,,Happy
4,4,8,28,30,4,8,8,13,30,,Anger
4,4,8,30,30,1,8,8,30,30,,Anger
0.5,8,13,13,30,4,4,13,20,30,,Anger
0.5,8,13,13,45,4,4,13,13,30,,Neutral
0.5,8,13,13,45,0.5,4,13,13,30,,Neutral
0.5,8,13,13,30,4,4,8,13,30,,Happy
0.5,4,8,13,30,0.5,8,13,30,30,,Anger
0.5,8,13,13,30,0.5,8,8,13,30,,Anger
0.5,8,13,13,30,0.5,8,10,30,45,,Sad
0.5,4,8,13,36,4,8,8,21,30,,Anger
4,8,13,13,30,4,4,8,30,45,,Happy
4,4,8,30,37,4,7,13,13,30,,Anger
0.5,4,8,13,30,0.5,4,8,13,30,,Anger
0.5,8,13,13,30,0.5,8,8,30,45,,Sad
0.5,4,8,13,30,0.5,4,13,13,30,,Anger
4,8,13,13,30,4,4,8,13,30,,Anger
4,4,8,30,30,4,8,8,30,45,,Anger
0.5,8,13,13,30,0.5,4,13,13,30,,Neutral
4,8,13,13,45,4,4,13,13,30,,Neutral
4,4,8,13,30,4,4,13,13,30,,Happy
0.5,4,13,13,30,4,8,13,13,45,,Neutral
0.5,8,13,13,30,0.5,4,13,13,30,,Neutral
4,4,13,23,30,0.5,4,8,13,30,,Anger
4,8,13,30,31,4,8,13,13,45,,Happy
4,4,13,13,30,4,4,8,30,30,,Sad
4,4,8,30,30,4,4,8,15,30,,Anger
0.5,4,8,13,30,4,4,13,13,45,,Sad
0.5,4,13,13,30,4,4,13,13,45,,Neutral
0.5,8,13,13,30,0.5,4,13,13,30,,Neutral
0.5,8,13,13,30,4,8,13,30,45,,Anger
0.5,4,13,13,30,4,4,13,30,30,,Sad
4,8,13,13,30,4,8,13,13,30,,Neutral
4,8,13,30,30,4,8,13,30,30,,Sad
0.5,8,8,13,30,0.5,4,8,13,30,,Happy
4,8,13,30,30,0.5,5,13,13,30,,Anger
4,8,13,30,30,0.5,8,13,30,45,,Happy
0.5,4,12,13,30,0.5,4,13,30,30,,Sad
0.5,8,13,13,30,0.5,8,13,13,44,,Neutral
0.5,8,13,13,30,0.5,8,8,30,45,,Sad
0.5,8,8,13,30,0.5,4,8,13,30,,Happy
0.5,8,13,13,30,4,4,13,13,30,,Neutral
4,4,8,30,45,4,4,8,13,30,,Anger
4,4,8,13,30,0.5,8,8,30,30,,Anger
4,8,13,13,43,0.5,4,13,13,45,,Neutral
4,4,8,30,43,4,8,8,13,41,,Anger
0.5,4,8,13,30,0.5,4,8,13,30,,Anger
0.5,4,8,13,30,0.5,4,10,13,30,,Anger
0.5,4,8,13,38,4,4,8,13,30,,Happy
0.5,4,8,13,45,4,4,13,13,30,,Happy
4,8,13,13,30,4,8,13,30,45,,Anger
0.5,4,8,13,30,4,4,13,30,30,,Anger
0.5,8,13,13,45,4,4,13,13,30,,Neutral
0.5,8,13,13,30,0.5,4,13,30,45,,Sad
4,4,8,30,30,0.5,8,13,13,30,,Anger
4,8,13,25,30,0.5,8,8,13,35,,Anger
4,4,8,30,30,0.5,8,13,30,45,,Anger
0.5,4,8,13,30,0.5,4,8,13,30,,Anger
0.5,4,8,13,30,0.5,8,13,13,30,,Anger
4,4,8,30,30,4,8,8,30,30,,Anger
0.5,8,13,13,30,4,4,13,20,30,,Anger
0.5,4,8,13,30,4,4,8,13,45,,Happy
4,4,13,13,30,0.5,8,13,13,30,,Neutral
4,4,8,23,30,4,4,8,13,30,,Anger
0.5,4,8,13,41,4,4,8,13,30,,Happy
0.5,7,13,13,30,0.5,4,8,13,45,,Anger
0.5,8,13,13,45,4,4,8,24,45,,Happy
0.5,4,13,13,30,0.5,4,13,30,30,,Sad
0.5,8,8,13,30,0.5,4,8,13,30,,Happy
0.5,4,8,13,30,0.5,4,8,13,30,,Anger
4,4,8,30,30,0.5,8,11,30,30,,Anger
0.5,4,8,13,45,0.5,4,8,13,30,,Anger
4,4,8,30,30,4,8,8,13,30,,Anger
4,8,13,13,42,4,4,13,13,30,,Neutral
0.5,8,13,13,45,0.5,4,13,13,30,,Neutral
0.5,8,13,13,30,4,4,13,30,30,,Happy
0.5,8,13,13,45,4,4,13,13,30,,Neutral
4,8,13,30,30,4,6,13,13,45,,Sad
0.5,8,13,13,30,0.5,4,13,13,45,,Neutral
4,4,8,30,45,0.5,8,13,30,30,,Anger
0.5,4,8,13,30,0.5,4,8,13,30,,Anger
0.5,4,8,13,30,0.5,8,8,13,30,,Anger
2,4,8,13,30,0.5,8,8,30,45,,Anger
0.5,4,8,13,45,4,8,13,30,30,,Anger
0.5,8,13,13,45,0.5,4,8,13,30,,Sad
4,8,13,13,30,0.5,4,13,13,30,,Neutral
0.5,8,13,13,30,0.5,4,13,13,45,,Neutral
4,8,13,24,30,0.5,8,13,23,30,,Sad
4,8,13,30,30,0.5,8,8,13,30,,Anger
0.5,8,13,13,45,4,4,13,13,45,,Neutral
0.5,4,8,13,30,0.5,4,13,13,30,,Anger
0.5,4,8,13,30,0.5,4,13,30,45,,Anger
0.5,8,13,13,30,0.5,4,13,13,30,,Neutral
0.5,8,13,13,30,0.5,4,8,13,30,,Anger
2,8,13,13,30,4,8,13,13,42,,Neutral
0.5,8,13,13,45,4,4,13,13,45,,Neutral
0.5,8,13,13,30,4,4,13,13,30,,Neutral
0.5,8,13,13,45,4,8,13,14,30,,Neutral
0.5,4,9,13,30,4,8,8,30,45,,Anger
4,8,13,26,30,4,8,8,30,45,,Happy
4,8,13,14,30,0.5,4,8,13,45,,Anger
4,4,8,30,30,0.5,8,13,25,30,,Anger
0.5,8,13,13,30,4,4,13,13,30,,Neutral
0.5,4,8,13,30,0.5,8,8,26,30,,Anger
0.5,4,8,13,30,0.5,4,13,13,30,,Anger
4,8,13,30,30,4,8,13,30,45,,Anger
0.5,4,8,13,30,0.5,4,8,13,30,,Anger
0.5,8,13,13,30,0.5,8,13,13,30,,Neutral
0.5,8,13,13,30,4,8,13,13,30,,Neutral
4,4,8,22,30,4,8,13,30,30,,Anger
4,4,8,13,30,4,8,13,13,30,,Happy
0.5,4,8,13,30,0.5,4,8,13,30,,Anger
0.5,4,8,13,30,0.5,8,8,13,30,,Anger
0.5,4,8,13,30,4,4,8,13,30,,Happy
4,8,8,30,30,4,8,13,25,30,,Anger
4,4,8,30,30,0.5,8,13,30,30,,Anger
0.5,4,8,13,30,4,8,8,30,45,,Anger
4,4,8,30,30,4,4,8,13,30,,Anger
0.5,4,8,13,30,0.5,4,8,13,30,,Anger
4,4,8,22,30,4,4,8,13,30,,Anger
0.5,8,13,13,30,2,4,13,13,30,,Neutral
0.5,4,8,13,30,0.5,4,13,17,30,,Anger
0.5,8,13,13,30,4,8,13,30,45,,Anger
4,8,13,30,45,0.5,4,13,13,30,,Sad
4,8,13,30,30,0.5,8,13,13,30,,Sad
2,8,13,13,33,4,4,8,13,30,,Anger
0.5,4,13,13,30,4,8,13,13,45,,Neutral
4,8,13,13,45,4,4,8,13,45,,Happy
4,8,8,30,44,4,8,13,30,30,,Anger
0.5,4,9,13,30,0.5,8,13,19,30,,Anger
0.5,8,13,13,37,4,7,13,13,32,,Neutral
4,4,8,30,37,4,7,13,13,30,,Anger
4,8,13,30,45,4,4,13,13,30,,Sad
0.5,8,13,13,45,0.5,4,13,30,30,,Sad
4,4,8,27,30,0.5,8,8,13,45,,Anger
4,8,13,30,30,4,8,13,30,30,,Sad
4,4,8,30,30,0.5,4,13,13,30,,Anger
0.5,8,13,13,45,0.5,4,13,13,30,,Neutral
0.5,8,13,13,30,0.5,8,13,13,30,,Neutral
0.5,8,11,13,31,0.5,8,8,30,30,,Anger
0.5,8,13,13,45,4,4,13,30,30,,Anger
0.5,4,8,13,30,0.5,4,8,13,30,,Anger
0.5,8,13,13,30,0.5,8,13,13,30,,Neutral
0.5,8,13,13,30,4,4,13,13,30,,Neutral
0.5,8,13,13,30,0.5,4,13,13,30,,Neutral
4,8,13,30,30,4,4,8,30,30,,Sad
4,4,8,30,30,4,8,13,30,45,,Anger
0.5,8,13,13,45,0.5,4,13,13,30,,Neutral
4,4,8,30,30,0.5,8,8,14,30,,Anger
0.5,8,13,13,30,4,4,8,13,30,,Happy
0.5,4,13,13,30,0.5,4,13,13,30,,Neutral
0.5,8,13,30,45,0.5,4,8,30,30,,Sad
0.5,8,13,13,45,0.5,8,8,13,30,,Sad
0.5,4,8,13,30,0.5,8,8,13,30,,Anger
0.5,4,8,13,30,4,4,8,13,30,,Happy
4,4,8,30,30,4,8,13,30,30,,Anger
0.5,4,12,13,30,4,4,8,13,30,,Anger
4,8,13,30,30,4,8,8,30,45,,Happy
0.5,4,8,13,30,0.5,4,8,13,30,,Anger
0.5,7,13,13,30,0.5,4,13,13,31,,Neutral
4,8,13,30,30,0.5,8,13,30,45,,Happy
4,4,8,30,30,0.5,8,13,13,45,,Anger
4,8,13,30,45,0.5,4,8,30,30,,Sad
0.5,4,8,13,30,4,4,8,13,30,,Happy
0.5,8,13,13,45,0.5,8,13,13,30,,Neutral
0.5,4,8,13,30,4,4,13,13,30,,Anger
4,4,8,13,30,0.5,4,8,13,30,,Anger
0.5,4,8,13,30,4,4,8,13,30,,Happy
0.5,8,13,13,45,0.5,8,13,13,30,,Neutral
0.5,8,13,13,30,0.5,8,8,13,45,,Anger
0.5,4,8,13,30,0.5,4,8,13,31,,Anger
0.5,8,13,13,30,0.5,4,13,13,30,,Neutral
0.5,8,13,13,30,4,8,8,13,38,,Happy
4,4,8,30,30,4,4,13,13,30,,Anger
0.5,4,8,13,30,0.5,8,8,13,30,,Anger
0.5,4,8,13,30,0.5,4,8,13,30,,Anger
4,8,8,30,30,4,8,13,30,30,,Anger
0.5,8,13,13,30,4,8,13,13,30,,Neutral
0.5,4,8,13,30,0.5,4,8,13,30,,Anger
4,4,8,30,30,0.5,4,8,13,30,,Anger
0.5,8,13,13,45,4,8,13,13,30,,Neutral
0.5,8,13,13,30,4,8,13,13,45,,Neutral
4,8,13,30,30,4,8,8,13,33,,Sad
4,4,8,30,30,4,8,13,23,30,,Anger
0.5,8,8,13,30,0.5,4,13,13,30,,Anger
0.5,4,13,13,45,4,8,13,13,30,,Neutral
4,4,8,30,30,4,8,8,14,30,,Anger
0.5,4,8,13,30,4,8,13,30,45,,Anger
0.5,4,8,13,30,0.5,4,13,30,30,,Anger
0.5,4,8,13,45,0.5,4,8,15,30,,Anger
4,8,13,30,30,4,4,13,13,30,,Sad
0.5,8,13,13,45,4,4,13,13,30,,Neutral
4,8,13,13,43,0.5,4,13,13,45,,Neutral
0.5,8,13,13,30,0.5,8,13,13,30,,Neutral
0.5,7,8,13,30,4,6,8,30,30,,Happy
0.5,8,13,13,30,4,8,13,13,30,,Neutral
0.5,8,13,13,45,4,4,13,13,30,,Neutral
0.5,4,8,13,30,0.5,4,8,13,30,,Anger
4,8,13,30,45,4,8,8,30,45,,Anger
0.5,4,8,13,30,4,8,8,13,30,,Anger
4,8,13,13,45,4,8,13,13,45,,Neutral
0.5,4,8,13,30,0.5,8,8,16,30,,Anger
0.5,4,8,18,30,0.5,8,13,13,30,,Anger
0.5,8,13,13,45,4,4,13,13,45,,Neutral
0.5,4,8,19,44,0.5,8,8,21,30,,Anger
0.5,8,13,13,30,0.5,4,8,13,36,,Anger
4,8,13,30,30,4,4,8,30,45,,Happy
0.5,4,13,13,30,4,8,13,13,30,,Neutral
0.5,8,13,13,30,0.5,8,13,13,30,,Neutral
0.5,8,13,30,30,4,4,13,13,30,,Happy
0.5,8,13,13,45,0.5,4,8,15,45,,Happy
0.5,8,13,13,30,0.5,4,13,13,30,,Neutral
0.5,8,13,13,45,0.5,8,13,13,30,,Neutral
4,8,13,30,30,4,8,8,30,41,,Happy
0.5,8,13,13,30,4,4,13,13,45,,Neutral
0.5,8,13,13,30,4,8,13,13,30,,Neutral
0.5,8,13,13,30,4,8,13,13,45,,Neutral
0.5,4,8,13,30,0.5,4,8,13,30,,Anger
4,4,8,30,45,4,8,13,30,45,,Anger
0.5,4,8,13,43,4,4,13,13,30,,Happy
0.5,4,13,13,30,4,4,13,13,45,,Neutral
4,4,8,30,30,0.5,4,8,13,30,,Anger
0.5,8,13,13,45,4,8,13,13,45,,Neutral
0.5,6,8,13,30,4,4,8,13,30,,Happy
4,8,13,30,30,4,8,8,30,30,,Sad
0.5,8,13,13,30,4,8,13,13,45,,Neutral
4,8,13,30,31,4,8,13,13,45,,Happy
0.5,4,8,13,30,4,4,8,13,30,,Happy
0.5,4,8,13,30,0.5,4,8,13,30,,Anger
0.5,8,13,13,30,0.5,8,13,13,30,,Neutral
4,8,10,30,30,4,8,13,30,30,,Anger
0.5,8,13,13,45,0.5,8,13,13,30,,Neutral
0.5,4,8,13,45,0.5,4,8,13,30,,Anger
0.5,8,13,13,30,0.5,4,8,30,45,,Sad
4,4,8,30,30,0.5,8,8,13,45,,Anger
4,8,13,13,30,0.5,8,8,13,30,,Anger
0.5,8,13,13,30,3,8,8,13,30,,Happy
0.5,8,13,13,30,4,8,8,30,30,,Happy
0.5,8,13,13,30,4,8,13,30,45,,Anger
4,8,13,30,45,0.5,4,13,13,45,,Sad
0.5,8,8,30,30,4,4,13,13,45,,Sad
4,4,8,30,45,4,8,13,30,41,,Anger
0.5,4,8,13,30,0.5,8,8,13,30,,Anger
0.5,8,13,13,30,0.5,4,8,13,35,,Anger
0.5,4,13,13,30,0.5,8,13,13,30,,Neutral
4,8,13,13,30,4,4,13,13,30,,Neutral
4,8,13,30,30,0.5,4,8,13,30,,Anger
0.5,8,13,13,30,0.5,4,13,13,45,,Neutral
0.5,8,13,13,30,0.5,8,13,13,30,,Neutral
4,4,8,13,30,0.5,8,8,30,30,,Anger
0.5,8,8,13,30,0.5,4,8,13,30,,Happy
4,8,13,13,30,4,8,8,13,30,,Anger
4,8,8,30,30,4,4,8,30,30,,Anger
0.5,4,8,13,30,0.5,4,8,13,30,,Anger
0.5,8,13,13,30,0.5,4,13,30,45,,Sad
0.5,8,13,13,30,0.5,4,13,13,30,,Neutral
4,8,13,30,30,0.5,8,13,30,30,,Sad
0.5,8,13,13,30,4,8,13,13,45,,Neutral
4,8,13,30,34,4,8,13,30,43,,Anger
0.5,8,13,13,30,0.5,8,13,13,30,,Neutral
0.5,8,13,13,30,0.5,4,8,13,30,,Anger
4,4,8,30,30,4,8,8,17,45,,Anger
4,4,8,30,30,0.5,4,8,13,30,,Anger
4,8,13,16,30,2,8,8,13,30,,Anger
4,8,13,30,30,4,4,13,13,30,,Sad
0.5,4,8,13,30,0.5,4,13,13,30,,Anger
4,4,13,30,45,0.5,4,8,30,45,,Sad
0.5,4,8,13,30,4,4,8,29,30,,Happy
0.5,4,8,13,30,0.5,4,8,13,30,,Anger
0.5,4,8,13,30,0.5,4,8,13,30,,Anger
4,4,8,30,30,4,8,13,13,30,,Anger
4,4,13,13,30,0.5,4,13,13,30,,Neutral
0.5,4,8,13,30,0.5,4,8,13,30,,Anger
0.5,8,13,13,45,4,8,13,13,30,,Neutral
0.5,4,8,13,30,0.5,4,8,13,30,,Anger
4,8,10,30,30,4,8,13,30,30,,Anger
0.5,8,13,13,30,0.5,4,13,13,30,,Neutral
4,8,13,30,36,4,8,8,20,30,,Sad
0.5,4,13,13,30,4,4,13,13,30,,Neutral
0.5,8,13,13,30,0.5,4,13,13,30,,Neutral
0.5,4,8,13,30,0.5,4,8,13,30,,Anger
0.5,8,13,20,45,4,4,13,30,30,,Sad
0.5,7,13,13,30,0.5,4,13,13,31,,Neutral
0.5,8,13,13,45,4,8,13,13,30,,Neutral
0.5,4,8,13,45,0.5,4,8,13,45,,Anger
0.5,8,13,13,30,4,4,13,13,30,,Neutral
0.5,8,13,13,30,0.5,4,13,21,30,,Anger
4,4,13,13,45,0.5,5,13,13,45,,Neutral
0.5,4,8,13,30,4,4,8,13,30,,Happy
0.5,4,8,13,30,4,4,8,13,30,,Happy
4,4,8,30,30,0.5,4,13,13,30,,Anger
4,4,8,30,45,4,8,8,30,45,,Anger
0.5,8,13,13,45,4,4,8,13,45,,Happy
4,4,8,30,30,0.5,8,13,13,45,,Anger
4,4,8,30,45,4,4,13,13,30,,Anger
0.5,4,8,13,30,4,8,8,13,30,,Anger
4,4,8,30,30,0.5,4,13,13,30,,Anger
0.5,4,8,13,30,4,4,8,30,30,,Happy
4,8,13,30,30,4,8,13,13,30,,Sad
0.5,4,8,13,30,0.5,4,8,13,38,,Anger
4,5,8,30,30,0.5,8,13,30,30,,Anger
4,8,13,30,45,4,4,8,13,31,,Anger
4,8,13,13,45,4,4,13,13,30,,Neutral
0.5,4,8,13,30,2,8,8,13,30,,Anger
4,8,13,13,45,4,4,8,13,30,,Anger
0.5,4,8,13,30,0.5,4,8,13,30,,Anger
4,4,8,30,45,0.5,8,8,30,45,,Anger
0.5,4,8,13,30,0.5,4,8,13,30,,Anger
0.5,8,13,13,30,4,4,13,13,37,,Neutral
0.5,4,8,13,30,0.5,8,13,30,45,,Anger
0.5,8,13,13,30,0.5,4,13,26,30,,Anger
4,4,8,30,45,4,5,13,18,30,,Happy
4,8,13,30,45,0.5,4,13,30,30,,Sad
4,8,9,30,30,0.5,8,8,13,30,,Anger
0.5,8,13,13,45,4,8,13,13,30,,Neutral
0.5,4,8,13,45,0.5,4,13,30,30,,Anger
0.5,4,8,13,30,4,4,8,13,30,,Happy
4,4,8,13,30,0.5,4,8,13,30,,Anger
0.5,8,13,13,45,4,4,8,13,30,,Anger
0.5,8,8,13,45,4,4,13,13,30,,Happy
0.5,8,13,13,30,4,4,13,13,45,,Neutral
0.5,8,13,13,45,0.5,4,13,13,45,,Neutral
0.5,8,13,13,30,0.5,4,13,13,39,,Neutral
0.5,8,13,13,30,0.5,4,13,13,30,,Neutral
0.5,4,13,13,30,4,4,13,13,45,,Neutral
4,8,13,30,30,4,4,13,13,30,,Sad
0.5,8,13,13,30,4,8,13,13,30,,Neutral
0.5,8,13,13,30,0.5,8,13,30,30,,Anger
4,8,13,13,39,4,5,13,13,37,,Neutral
0.5,8,13,13,30,0.5,8,8,13,30,,Anger
4,8,13,30,45,4,8,13,30,30,,Anger
0.5,8,13,13,30,0.5,4,13,13,30,,Neutral
0.5,8,13,13,45,4,4,13,13,45,,Neutral
0.5,4,8,13,45,0.5,8,13,30,30,,Anger
4,8,13,30,45,4,8,13,30,30,,Anger
4,4,8,25,30,4,8,13,30,30,,Anger
0.5,8,13,13,30,0.5,4,8,30,39,,Happy
0.5,8,13,13,30,0.5,8,13,13,30,,Neutral
0.5,4,13,13,30,4,4,13,13,45,,Neutral
0.5,8,13,13,30,4,4,13,13,30,,Neutral
0.5,8,13,13,30,0.5,8,13,13,45,,Neutral
4,8,13,13,45,0.5,4,13,13,30,,Neutral
0.5,8,13,13,30,0.5,4,13,13,30,,Neutral
4,8,13,30,30,0.5,8,13,30,45,,Happy
0.5,4,8,13,30,0.5,4,8,13,30,,Anger
4,7,8,30,30,4,4,8,13,30,,Anger
4,8,13,13,39,4,7,8,30,45,,Anger
0.5,4,8,13,30,0.5,4,13,13,30,,Anger
0.5,8,8,13,30,4,4,8,13,30,,Happy
4,4,8,13,30,4,4,8,30,45,,Happy
0.5,4,8,13,30,0.5,4,8,13,30,,Anger
0.5,4,8,13,30,4,4,8,13,30,,Happy
4,4,8,30,30,0.5,8,13,13,30,,Anger
0.5,4,8,13,30,0.5,7,8,30,30,,Anger
0.5,8,13,13,45,4,4,13,13,30,,Neutral
4,8,13,30,30,4,8,8,30,30,,Sad
0.5,4,13,13,30,0.5,4,13,13,45,,Neutral
4,4,8,30,45,0.5,8,13,30,30,,Anger
4,8,13,30,30,4,8,13,30,45,,Anger
0.5,8,13,13,30,0.5,4,13,30,45,,Sad
0.5,8,13,13,30,0.5,4,13,13,30,,Neutral
4,4,8,30,45,0.5,8,13,13,45,,Anger
0.5,8,13,13,30,4,4,8,13,30,,Happy
4,4,13,13,33,4,8,13,13,30,,Neutral
0.5,8,9,13,30,4,4,8,30,30,,Happy
4,4,8,13,30,4,8,13,30,45,,Anger
0.5,8,13,13,45,4,8,13,13,30,,Neutral
0.5,8,13,13,30,0.5,8,13,13,30,,Neutral
4,4,8,30,45,4,4,8,13,30,,Anger
4,4,8,13,30,4,4,8,30,45,,Happy
0.5,8,13,13,30,4,8,13,13,30,,Neutral
4,8,13,13,30,0.5,8,8,13,45,,Anger
0.5,4,8,13,45,4,8,8,13,30,,Anger
0.5,8,13,13,30,4,4,13,13,30,,Neutral
4,4,8,30,30,0.5,8,13,30,45,,Anger
0.5,4,8,13,45,4,8,8,30,45,,Anger
0.5,8,13,13,30,0.5,4,8,13,45,,Anger
0.5,8,13,13,30,0.5,8,13,30,45,,Anger
0.5,8,13,13,30,0.5,4,13,13,30,,Neutral
0.5,8,13,13,30,4,8,13,13,45,,Neutral
0.5,8,13,13,30,4,4,13,13,45,,Neutral
0.5,8,13,13,30,4,4,13,13,45,,Neutral
0.5,4,8,13,45,4,4,8,13,30,,Happy
0.5,4,8,13,30,0.5,4,8,13,30,,Anger
4,4,13,13,30,0.5,4,13,13,30,,Neutral
0.5,4,8,13,45,4,4,8,13,31,,Happy
0.5,4,8,13,30,4,8,13,13,30,,Anger
0.5,4,8,13,30,0.5,4,13,13,30,,Anger
0.5,8,13,13,30,0.5,4,13,13,45,,Neutral
4,4,8,15,30,4,8,8,15,30,,Happy
4,4,8,30,30,0.5,4,8,13,30,,Anger
0.5,8,13,13,30,3,8,13,13,30,,Neutral
0.5,4,8,13,30,0.5,4,8,13,30,,Anger
0.5,8,13,13,30,0.5,8,13,13,30,,Neutral
0.5,4,8,13,30,4,4,8,13,30,,Happy
4,4,8,30,30,0.5,4,13,30,30,,Anger
2,8,13,13,30,4,8,13,13,30,,Neutral
4,4,8,29,30,0.5,8,8,13,30,,Anger
4,8,13,20,30,0.5,4,13,13,30,,Anger
4,4,8,30,30,4,8,13,30,30,,Anger
4,8,10,19,30,0.5,8,8,13,30,,Anger
4,4,8,30,30,4,4,13,30,30,,Anger
0.5,8,13,13,30,4,8,13,13,30,,Neutral
0.5,8,13,13,30,0.5,8,13,13,30,,Neutral
0.5,8,13,13,30,0.5,8,13,13,30,,Neutral
4,8,13,30,45,4,4,8,13,45,,Anger
2,8,13,13,30,0.5,4,13,13,33,,Neutral
0.5,8,13,13,45,0.5,4,13,13,30,,Neutral
4,8,13,13,30,0.5,8,8,13,42,,Anger
0.5,8,13,13,45,4,8,13,13,30,,Neutral
4,4,8,30,45,0.5,4,8,25,30,,Anger
0.5,4,8,13,30,0.5,4,8,13,30,,Anger
4,8,13,13,30,0.5,4,13,13,30,,Neutral
4,4,8,30,45,4,4,8,30,45,,Anger
4,4,8,13,30,4,4,13,13,30,,Happy
4,8,13,30,30,0.5,4,8,30,45,,Happy
4,8,13,13,30,0.5,8,13,13,30,,Neutral
4,8,13,13,45,4,4,13,13,30,,Neutral
4,8,13,13,30,0.5,4,13,13,30,,Neutral
4,4,8,25,30,0.5,8,8,30,30,,Anger
0.5,4,8,13,45,4,4,8,13,30,,Happy
0.5,7,8,13,30,4,8,8,30,30,,Anger
0.5,8,13,13,30,4,8,13,13,30,,Neutral
4,4,8,30,30,4,8,13,13,32,,Anger
0.5,4,8,13,41,0.5,4,8,13,30,,Anger
0.5,8,13,13,30,0.5,4,13,13,45,,Neutral
4,4,8,30,34,0.5,8,13,28,45,,Anger
4,4,8,30,45,0.5,4,12,13,30,,Anger
0.5,4,8,13,30,0.5,4,13,13,30,,Anger
4,8,13,13,45,4,8,13,13,45,,Neutral
0.5,4,8,13,30,0.5,4,8,13,30,,Anger
0.5,8,13,13,30,0.5,4,8,13,45,,Anger
0.5,8,13,13,45,4,4,13,13,30,,Neutral
0.5,8,13,13,45,4,4,13,13,30,,Neutral
4,4,8,13,30,0.5,8,13,30,30,,Anger
0.5,4,13,13,45,0.5,4,13,13,30,,Neutral
0.5,4,8,13,30,0.5,8,8,13,30,,Anger
0.5,8,13,13,30,4,8,8,30,30,,Happy
0.5,8,13,13,45,4,4,13,13,34,,Neutral
0.5,8,13,13,30,4,4,13,13,45,,Neutral
0.5,8,13,13,30,4,4,13,13,30,,Neutral
4,4,8,30,45,4,8,13,13,45,,Anger
4,8,13,30,38,4,4,13,13,45,,Sad
4,8,13,13,45,0.5,8,13,13,30,,Neutral
4,4,8,13,45,0.5,4,13,30,30,,Anger
0.5,4,8,13,30,4,4,8,13,30,,Happy
4,4,8,28,30,4,4,8,13,30,,Anger
4,4,8,21,30,4,4,13,13,30,,Happy
4,4,8,30,30,0.5,4,8,13,30,,Anger
4,4,8,30,30,4,4,13,13,30,,Anger
0.5,8,13,13,45,0.5,4,13,13,45,,Neutral
0.5,8,13,13,30,4,8,8,30,45,,Happy
4,4,8,30,34,4,4,13,13,30,,Anger
0.5,8,13,13,30,0.5,8,8,30,30,,Sad
0.5,6,13,13,39,4,4,8,13,30,,Anger
0.5,8,13,13,30,0.5,4,13,13,30,,Neutral
0.5,4,8,13,30,0.5,4,8,13,30,,Anger
0.5,4,8,13,30,0.5,8,13,30,30,,Anger
0.5,4,8,26,30,4,4,8,13,30,,Anger
4,4,8,30,30,4,4,13,13,30,,Anger
0.5,4,8,13,45,0.5,4,8,13,45,,Anger
0.5,8,13,13,30,0.5,4,13,13,30,,Neutral
0.5,8,13,13,30,0.5,4,13,13,30,,Neutral
0.5,8,13,13,30,4,4,13,13,45,,Neutral
0.5,4,8,13,30,4,4,8,13,30,,Happy
0.5,8,13,13,45,0.5,8,13,13,30,,Neutral
0.5,4,8,13,45,0.5,4,8,13,30,,Anger
0.5,4,8,24,30,0.5,8,8,22,45,,Anger
0.5,8,8,13,30,0.5,4,8,13,30,,Happy
0.5,4,8,13,30,4,4,8,13,30,,Happy
0.5,8,13,13,30,4,4,8,30,30,,Happy
4,8,13,13,30,4,4,13,13,30,,Neutral
0.5,4,8,13,30,0.5,4,8,13,30,,Anger
0.5,8,8,13,30,0.5,4,8,13,30,,Happy
0.5,4,13,13,45,4,8,13,13,30,,Neutral
4,8,13,13,43,0.5,4,13,13,45,,Neutral
4,4,8,30,30,0.5,5,8,13,45,,Anger
0.5,8,13,13,30,0.5,8,13,13,30,,Neutral
0.5,8,13,13,30,0.5,4,8,30,30,,Sad
4,4,8,30,30,4,8,8,30,45,,Anger
0.5,4,8,13,30,4,4,8,13,30,,Happy
0.5,6,13,13,45,4,8,13,13,30,,Neutral
0.5,8,13,13,30,4,4,13,13,45,,Neutral
4,4,8,30,30,0.5,4,13,13,30,,Anger
0.5,8,13,13,30,0.5,8,8,13,30,,Anger
0.5,4,8,13,30,0.5,8,8,30,45,,Anger
4,4,8,20,30,0.5,4,8,13,45,,Anger
0.5,4,8,13,30,0.5,4,13,13,30,,Anger
4,8,13,30,45,4,4,8,13,45,,Anger
4,4,8,22,30,0.5,8,13,29,45,,Anger
0.5,8,13,13,30,0.5,4,13,13,30,,Neutral
0.5,4,8,13,30,0.5,4,13,13,40,,Happy
4,8,8,30,45,0.5,4,8,13,30,,Anger
0.5,7,8,13,45,0.5,4,8,13,30,,Happy
4,4,12,28,30,4,8,8,13,30,,Anger
0.5,4,8,13,30,0.5,4,8,13,30,,Anger
0.5,4,8,18,45,4,8,8,13,30,,Anger
4,4,13,13,30,0.5,4,13,13,30,,Neutral
4,8,13,13,45,4,8,13,13,30,,Neutral
4,8,13,30,41,0.5,8,13,30,45,,Happy
4,4,8,13,30,0.5,4,8,30,30,,Anger
0.5,8,13,13,30,4,4,13,13,40,,Neutral
0.5,8,13,13,30,0.5,4,8,13,30,,Anger
4,4,8,30,30,4,8,13,30,45,,Anger
4,4,8,22,30,4,4,13,30,30,,Anger
4,8,13,30,30,4,8,13,30,45,,Anger
4,8,13,30,30,0.5,4,13,13,30,,Anger
4,4,8,13,30,4,4,8,13,45,,Happy
4,8,13,13,42,4,4,13,13,30,,Neutral
0.5,8,13,13,30,0.5,8,13,13,30,,Neutral
4,4,8,30,30,0.5,4,13,13,30,,Anger
0.5,8,13,13,30,0.5,4,13,13,30,,Neutral
4,4,13,30,45,0.5,8,13,13,34,,Sad
0.5,4,8,13,30,4,4,8,13,45,,Happy
4,8,13,30,45,4,8,13,28,39,,Anger
0.5,4,8,13,30,4,4,13,13,30,,Anger
0.5,8,13,13,45,4,8,13,13,30,,Neutral
4,8,13,30,30,4,4,13,30,45,,Happy
4,8,13,14,30,0.5,8,8,30,30,,Anger
0.5,8,13,13,45,0.5,8,13,13,39,,Neutral
4,8,13,13,39,4,5,13,13,37,,Neutral
4,8,9,30,30,0.5,8,13,30,30,,Anger
0.5,8,13,13,30,0.5,4,13,13,30,,Neutral
0.5,4,8,13,30,4,8,8,30,45,,Anger
0.5,8,13,13,30,4,4,13,13,30,,Neutral
0.5,4,8,13,30,0.5,4,8,13,30,,Anger
4,8,13,13,30,4,4,13,13,37,,Neutral
0.5,8,13,13,45,4,8,13,13,45,,Neutral
4,8,8,30,45,4,8,13,13,30,,Happy
2,4,8,13,30,0.5,4,8,13,30,,Anger
0.5,8,13,13,30,0.5,4,13,13,30,,Neutral
0.5,8,13,13,30,4,4,13,13,30,,Neutral
0.5,8,13,13,30,0.5,4,13,13,35,,Neutral
4,8,13,13,30,0.5,8,13,13,45,,Neutral
0.5,4,8,13,30,0.5,4,13,13,30,,Anger
4,4,8,30,45,0.5,8,13,23,30,,Anger
0.5,8,13,13,30,0.5,4,13,13,30,,Neutral
0.5,4,8,13,30,0.5,4,13,13,30,,Anger
0.5,8,13,13,30,4,4,13,13,43,,Neutral
0.5,8,13,13,30,0.5,4,13,13,45,,Neutral
0.5,4,8,13,45,4,8,8,13,30,,Anger
0.5,4,8,13,30,0.5,4,8,13,30,,Anger
0.5,8,13,13,30,4,4,13,13,30,,Neutral
0.5,8,13,13,30,0.5,4,13,13,30,,Neutral
4,4,8,30,30,0.5,8,13,13,30,,Anger
4,8,8,25,30,4,8,13,13,30,,Happy
0.5,4,13,13,30,4,8,13,13,45,,Neutral
0.5,4,8,13,30,0.5,4,8,13,30,,Anger
0.5,8,13,13,30,0.5,8,13,13,45,,Neutral
0.5,4,8,13,33,4,4,8,13,30,,Happy
4,8,8,27,38,4,8,8,13,30,,Happy
0.5,8,13,13,45,4,8,8,30,45,,Anger
4,4,8,25,45,0.5,4,13,13,30,,Anger
0.5,5,8,13,45,0.5,4,8,13,30,,Anger
0.5,8,13,13,45,4,8,8,30,45,,Anger
0.5,8,13,13,45,4,8,13,13,30,,Neutral
4,8,13,19,45,4,8,8,30,30,,Happy
0.5,4,8,13,30,0.5,4,8,13,30,,Anger
0.5,8,13,13,30,0.5,4,13,13,30,,Neutral
0.5,8,13,13,30,4,4,13,13,45,,Neutral
4,4,8,30,30,0.5,8,8,13,30,,Anger
0.5,8,12,13,30,0.5,8,13,30,39,,Anger
0.5,8,13,13,45,4,4,13,30,30,,Anger
4,4,8,13,30,4,4,8,13,30,,Happy
0.5,8,13,13,45,0.5,4,13,13,30,,Neutral
4,4,8,30,30,4,4,8,13,30,,Anger
0.5,8,13,13,30,4,4,13,13,30,,Neutral
4,4,8,30,45,0.5,8,8,30,30,,Anger
0.5,8,13,13,45,0.5,8,13,13,30,,Neutral
4,8,13,30,30,0.5,8,8,16,30,,Sad
4,8,13,30,45,4,4,8,30,30,,Sad
4,4,8,13,30,4,8,13,28,30,,Anger
1,4,8,13,38,0.5,4,13,13,30,,Anger
0.5,8,13,13,30,4,8,13,13,30,,Neutral
4,8,10,30,30,2,4,13,13,30,,Anger
4,8,13,13,30,4,4,8,30,30,,Happy
4,8,13,30,30,0.5,4,8,13,35,,Anger
0.5,4,13,13,45,0.5,4,13,13,30,,Neutral
0.5,4,8,13,30,0.5,4,13,30,30,,Anger
4,8,13,30,45,0.5,8,13,13,30,,Sad
0.5,8,13,13,30,4,4,13,13,30,,Neutral
0.5,8,13,13,45,4,8,13,13,45,,Neutral
4,4,8,30,45,0.5,4,8,30,45,,Anger
4,8,13,30,30,4,8,13,30,30,,Sad
4,4,8,30,30,0.5,8,8,13,30,,Anger
4,8,13,30,45,4,4,13,13,45,,Happy
4,8,13,30,45,0.5,4,8,30,30,,Sad
0.5,4,8,13,30,4,8,8,13,30,,Anger
0.5,4,8,13,30,0.5,8,8,13,30,,Anger
0.5,8,13,13,45,4,8,13,13,30,,Neutral
0.5,8,13,13,30,0.5,4,8,13,36,,Anger
0.5,4,8,13,30,4,4,8,13,30,,Happy
0.5,4,8,13,30,0.5,4,8,13,30,,Anger
0.5,8,13,13,30,0.5,4,8,13,33,,Anger
4,8,13,13,30,4,4,13,13,38,,Neutral
4,4,8,30,30,0.5,8,13,13,30,,Anger
0.5,8,13,13,30,4,4,13,13,30,,Neutral
0.5,8,13,13,30,4,4,13,13,30,,Neutral
0.5,8,13,13,30,0.5,4,13,13,30,,Neutral
0.5,8,13,13,45,0.5,4,13,13,30,,Neutral
0.5,8,13,13,30,4,4,13,13,30,,Neutral
0.5,8,13,13,45,0.5,8,13,13,45,,Neutral
0.5,4,8,13,30,0.5,4,8,13,30,,Anger
0.5,8,13,13,30,4,8,13,13,30,,Neutral
0.5,4,13,13,30,0.5,8,13,13,45,,Neutral
4,8,13,14,30,0.5,4,8,13,45,,Anger
4,8,13,30,45,4,8,13,30,45,,Anger
0.5,8,13,13,45,4,4,13,13,45,,Neutral
0.5,4,13,13,45,0.5,4,13,13,30,,Neutral
4,4,8,30,30,0.5,8,13,21,36,,Anger
0.5,4,12,13,45,0.5,4,8,30,38,,Sad
0.5,8,13,13,30,0.5,4,13,13,45,,Neutral
4,4,8,30,30,0.5,4,8,13,35,,Anger
0.5,8,13,13,30,4,4,13,13,45,,Neutral
4,8,13,30,30,4,8,13,30,42,,Anger
4,8,13,13,45,4,4,13,13,30,,Neutral
0.5,8,13,13,30,0.5,8,13,13,30,,Neutral
0.5,8,13,13,30,2,4,13,13,30,,Neutral
0.5,4,13,13,30,0.5,4,13,13,30,,Neutral
4,8,13,30,30,4,8,13,30,42,,Anger
0.5,8,8,30,30,0.5,4,8,16,30,,Anger
0.5,8,13,13,45,0.5,4,8,27,30,,Sad
4,4,8,14,43,4,8,13,30,30,,Anger
0.5,8,13,13,30,0.5,8,8,30,45,,Sad
0.5,8,13,13,30,0.5,4,13,13,45,,Neutral
4,8,13,13,45,0.5,4,13,13,30,,Neutral
4,4,8,14,30,0.5,4,8,13,30,,Anger
0.5,8,13,13,30,0.5,8,13,13,30,,Neutral
0.5,4,8,13,30,4,4,8,13,30,,Happy
0.5,8,13,13,30,0.5,4,13,13,30,,Neutral
4,4,8,30,39,4,8,8,30,30,,Anger
0.5,4,8,13,30,4,8,13,13,30,,Anger
4,4,8,13,41,4,4,8,13,30,,Anger
0.5,8,13,13,45,0.5,4,13,13,30,,Neutral
4,4,8,13,45,4,5,8,30,30,,Anger
4,8,13,30,30,0.5,8,13,30,45,,Happy
0.5,4,8,13,30,0.5,4,8,13,30,,Anger
0.5,4,13,13,30,0.5,4,13,13,45,,Neutral
4,4,8,30,45,0.5,4,8,13,45,,Anger
4,4,8,30,30,0.5,4,8,13,30,,Anger
0.5,8,13,30,30,2,4,8,13,30,,Sad
0.5,8,13,13,30,0.5,4,13,13,34,,Neutral
4,4,8,30,45,0.5,8,13,30,30,,Anger
4,8,10,30,30,4,8,13,30,30,,Anger
0.5,8,13,13,30,4,4,8,30,30,,Happy
0.5,8,13,13,30,1,4,12,13,30,,Sad
4,6,13,30,30,4,8,13,30,45,,Anger
0.5,4,8,13,30,0.5,4,8,13,30,,Anger
0.5,8,13,13,30,4,4,8,13,45,,Sad
4,8,8,13,30,4,8,13,30,30,,Anger
4,4,8,30,45,0.5,8,8,30,45,,Anger
4,4,8,22,45,4,4,13,13,30,,Happy
0.5,4,8,13,45,0.5,8,8,13,30,,Anger
4,4,8,30,30,4,4,13,13,45,,Anger
0.5,8,13,13,30,0.5,4,13,13,45,,Neutral
0.5,8,13,13,30,4,4,13,13,37,,Neutral
0.5,4,8,13,30,4,4,8,13,30,,Happy
4,4,8,30,45,4,4,8,13,30,,Anger
0.5,8,13,13,45,4,8,8,13,30,,Anger
4,4,8,13,30,0.5,7,8,24,30,,Anger
4,8,13,13,30,0.5,8,13,30,30,,Anger
0.5,8,13,13,30,0.5,8,10,30,45,,Sad
4,8,13,13,30,4,8,8,13,42,,Anger
0.5,4,8,13,30,0.5,4,8,13,31,,Anger
0.5,4,8,13,30,0.5,4,8,13,30,,Anger
0.5,8,13,13,30,0.5,8,13,13,30,,Neutral
0.5,4,8,13,30,4,4,8,13,30,,Happy
4,8,13,30,45,4,8,13,30,45,,Anger
4,4,8,30,45,4,8,13,30,45,,Anger
4,8,13,21,45,0.5,8,13,30,45,,Happy
0.5,4,8,13,30,0.5,4,8,13,30,,Anger
0.5,4,8,13,30,4,4,8,13,30,,Happy
0.5,8,13,13,30,0.5,4,13,13,30,,Neutral
0.5,4,8,13,30,0.5,4,8,13,30,,Anger
4,8,8,19,30,0.5,8,11,30,43,,Anger
4,8,12,30,30,0.5,6,13,30,30,,Sad
0.5,8,13,13,30,0.5,4,8,30,30,,Sad
0.5,4,8,13,30,0.5,4,8,13,30,,Anger
0.5,8,13,13,30,0.5,4,13,13,30,,Neutral
3,4,8,13,30,0.5,4,8,13,30,,Anger
4,4,8,30,30,0.5,4,8,30,30,,Anger
0.5,4,8,13,30,0.5,4,8,13,30,,Anger
4,4,8,30,45,4,5,13,18,30,,Happy
0.5,8,13,13,45,0.5,4,13,13,30,,Neutral
1,8,8,21,30,4,4,8,13,30,,Happy
4,8,13,13,45,4,8,13,13,45,,Neutral
0.5,4,8,13,30,0.5,4,13,17,30,,Anger
4,8,13,13,30,4,4,8,30,45,,Happy
0.5,8,13,13,30,4,4,13,13,30,,Neutral
0.5,4,8,13,30,4,8,8,30,45,,Anger
0.5,8,13,13,30,4,4,8,13,45,,Sad
4,8,13,13,45,4,8,13,30,30,,Happy
0.5,4,8,13,30,4,4,8,13,30,,Happy
0.5,8,13,13,30,4,8,13,13,30,,Neutral
0.5,8,13,13,30,0.5,4,13,13,30,,Neutral
0.5,8,13,13,30,0.5,4,13,13,30,,Neutral
1,4,8,13,30,4,4,10,13,30,,Happy
0.5,8,13,13,30,0.5,4,13,13,45,,Neutral
4,4,8,30,30,1,4,8,13,30,,Anger
4,7,8,30,30,4,4,8,13,30,,Anger
0.5,8,8,13,30,0.5,4,13,13,34,,Happy
4,8,13,30,45,4,8,13,30,45,,Anger
4,8,8,13,30,0.5,4,8,13,30,,Anger
0.5,8,13,13,35,4,4,8,18,35,,Happy
4,8,13,13,33,4,8,13,13,30,,Neutral
4,4,8,30,30,4,8,8,30,45,,Anger
0.5,8,13,13,30,0.5,8,13,13,30,,Neutral
0.5,8,13,13,39,0.5,4,13,13,30,,Neutral
4,4,8,25,30,4,8,13,13,45,,Happy
4,4,8,16,30,4,4,13,13,30,,Happy
0.5,4,8,13,45,0.5,4,8,13,30,,Anger
4,8,13,30,45,4,8,13,30,45,,Anger
4,4,13,13,30,0.5,8,8,13,30,,Anger
4,8,13,30,30,4,8,8,30,30,,Sad
0.5,8,13,13,45,4,4,13,13,45,,Neutral
4,8,13,16,30,0.5,4,8,30,30,,Sad
0.5,8,13,13,30,4,8,13,30,45,,Anger
0.5,8,13,13,30,0.5,8,13,13,30,,Neutral
4,4,8,30,30,4,8,13,13,45,,Anger
4,4,8,24,30,0.5,8,13,30,30,,Anger
0.5,4,13,13,43,4,8,13,27,30,,Sad
4,8,13,30,45,4,4,13,13,30,,Sad
4,8,13,30,30,0.5,8,8,13,30,,Anger
0.5,8,13,13,45,0.5,8,13,13,45,,Neutral
0.5,8,13,13,45,0.5,4,13,13,30,,Neutral
4,8,13,13,45,4,4,13,13,30,,Neutral
4,4,8,30,30,0.5,8,13,13,30,,Anger
0.5,4,8,13,30,0.5,4,13,13,30,,Anger
4,4,8,13,30,4,8,8,30,30,,Anger
0.5,8,13,13,30,0.5,4,8,13,30,,Anger
0.5,8,13,13,37,4,4,8,13,45,,Happy
4,8,13,30,45,4,8,13,30,45,,Anger
0.5,4,8,13,30,0.5,4,13,13,45,,Happy
4,4,8,13,30,0.5,8,8,27,30,,Anger
0.5,4,13,13,30,0.5,8,8,13,30,,Sad
4,8,8,19,30,0.5,8,8,13,30,,Anger
4,8,13,13,30,0.5,8,13,13,30,,Neutral
4,8,13,30,34,0.5,8,13,24,32,,Sad
3,8,13,13,30,4,4,13,13,30,,Neutral
0.5,4,8,13,30,0.5,8,8,13,30,,Anger
4,8,13,13,45,4,8,13,30,45,,Happy
0.5,8,13,13,30,4,4,13,13,30,,Neutral
0.5,8,13,13,30,4,8,13,13,30,,Neutral
0.5,4,8,13,30,4,4,8,13,30,,Happy
4,4,8,30,30,0.5,8,13,30,45,,Anger
4,8,13,13,42,4,4,13,13,30,,Neutral
0.5,4,8,13,30,4,4,8,13,30,,Happy
0.5,8,13,13,30,0.5,4,8,13,37,,Anger
0.5,8,13,13,30,4,4,13,13,43,,Neutral
4,4,8,30,45,4,4,10,13,30,,Anger
0.5,8,13,13,30,0.5,4,13,13,45,,Neutral
0.5,8,13,13,30,4,4,13,13,30,,Neutral
4,8,13,22,30,4,8,13,30,31,,Happy
0.5,8,11,13,32,4,4,8,13,30,,Happy
4,4,8,30,30,4,6,13,30,30,,Anger
0.5,4,8,13,30,4,4,8,14,30,,Happy
0.5,8,13,13,42,0.5,8,13,13,30,,Neutral
4,8,13,28,30,4,8,13,13,30,,Sad
4,8,13,13,30,4,4,13,21,45,,Sad
0.5,8,13,13,30,0.5,8,8,16,30,,Anger
1,8,13,13,45,3,8,8,30,30,,Anger
4,4,8,30,30,4,4,8,13,30,,Anger
0.5,4,8,13,30,0.5,4,8,13,30,,Anger
0.5,8,13,13,30,4,4,13,13,30,,Neutral
0.5,4,8,13,30,0.5,4,8,13,30,,Anger
0.5,8,13,13,30,0.5,4,8,13,45,,Anger
4,4,8,13,30,2,4,8,30,45,,Happy
0.5,8,13,13,30,4,8,13,13,30,,Neutral
4,8,8,30,30,0.5,4,8,30,30,,Anger
4,4,8,21,33,4,8,8,30,45,,Anger
0.5,4,8,13,45,4,4,8,13,30,,Happy
0.5,8,13,13,30,4,4,13,13,30,,Neutral
0.5,8,13,13,30,4,4,8,13,45,,Sad
0.5,8,13,13,30,0.5,4,8,13,45,,Anger
0.5,4,8,13,30,0.5,4,8,30,30,,Anger
0.5,4,8,13,39,0.5,4,13,13,30,,Anger
0.5,4,8,13,30,4,4,8,14,30,,Happy
2,8,13,13,32,4,8,13,13,36,,Neutral
4,8,8,30,30,0.5,8,13,13,30,,Anger
4,4,8,30,30,0.5,4,8,13,30,,Anger
0.5,4,8,13,30,0.5,4,13,13,30,,Anger
4,8,13,13,45,4,8,8,30,30,,Anger
0.5,8,8,13,33,0.5,4,8,13,44,,Happy
0.5,4,8,13,30,0.5,8,8,13,30,,Anger
0.5,8,13,13,45,4,4,13,13,45,,Neutral
0.5,8,13,13,30,4,4,13,13,39,,Neutral
4,8,13,13,45,4,4,13,13,30,,Neutral
0.5,8,13,13,30,0.5,4,13,13,30,,Neutral
4,8,8,30,30,4,4,13,13,33,,Happy
0.5,8,13,13,30,4,8,13,13,45,,Neutral
4,4,13,13,30,4,4,13,13,40,,Neutral
4,4,8,29,30,4,4,8,13,30,,Anger
4,4,8,30,30,4,8,13,13,32,,Anger
0.5,8,13,13,45,4,8,13,13,30,,Neutral
4,8,13,24,45,4,8,13,30,30,,Anger
0.5,8,13,13,30,0.5,4,8,13,45,,Anger
0.5,4,8,13,30,4,4,8,13,30,,Happy
2,4,8,13,45,4,4,8,13,30,,Anger
4,4,8,30,30,0.5,8,13,13,30,,Anger
4,4,8,30,45,4,8,13,30,30,,Anger
0.5,8,13,13,30,4,8,13,13,30,,Neutral
4,4,8,26,30,0.5,4,13,13,45,,Anger
0.5,4,8,13,30,4,8,8,22,30,,Anger
1,8,13,13,30,4,4,13,13,39,,Neutral
4,8,13,20,30,0.5,8,13,30,30,,Sad
0.5,8,13,13,30,4,4,13,13,45,,Neutral
0.5,8,13,13,30,0.5,4,13,13,30,,Neutral
0.5,4,8,13,30,4,8,13,30,45,,Anger
0.5,4,8,13,30,0.5,4,8,13,30,,Anger
0.5,8,13,13,30,4,4,13,30,30,,Happy
0.5,8,13,13,30,4,4,13,13,30,,Neutral
4,4,8,13,30,0.5,4,8,13,30,,Anger
0.5,8,13,13,30,0.5,4,13,13,30,,Neutral
0.5,8,13,13,30,4,8,13,13,30,,Neutral
0.5,4,8,13,30,0.5,4,9,13,30,,Anger
4,8,13,26,45,0.5,8,13,13,45,,Happy
0.5,8,13,13,45,0.5,4,13,13,33,,Neutral
4,8,13,30,30,0.5,8,13,30,30,,Sad
0.5,4,13,13,30,4,4,13,30,30,,Sad
0.5,4,13,13,30,4,8,13,21,30,,Sad
0.5,4,8,13,31,4,4,8,13,30,,Happy
4,8,13,30,45,4,4,13,15,30,,Sad
0.5,4,8,13,30,4,4,8,30,45,,Anger
0.5,4,8,13,30,4,4,8,13,30,,Happy
0.5,8,13,13,30,0.5,4,13,30,30,,Anger
0.5,4,8,13,30,0.5,4,8,13,30,,Anger
4,8,13,30,30,4,8,13,13,45,,Happy
0.5,8,13,13,30,4,8,13,13,30,,Neutral
0.5,4,8,13,30,4,4,13,30,30,,Anger
0.5,8,13,13,30,0.5,4,13,13,45,,Neutral
0.5,8,13,13,30,4,8,13,13,30,,Neutral
4,8,13,30,34,4,8,13,30,43,,Anger
0.5,4,8,13,30,0.5,8,8,13,30,,Anger
4,8,13,29,30,0.5,8,8,30,30,,Sad
0.5,8,13,13,30,0.5,7,13,13,30,,Neutral
2,8,13,13,30,4,8,13,13,30,,Neutral
0.5,4,8,13,30,0.5,4,8,13,30,,Anger
0.5,4,8,13,30,0.5,8,13,13,30,,Anger
4,4,8,30,30,0.5,4,8,13,30,,Anger
0.5,8,13,13,45,4,4,8,13,30,,Anger
0.5,4,8,13,30,4,4,8,13,40,,Happy
0.5,8,13,13,30,4,8,13,13,30,,Neutral
0.5,8,13,13,45,4,8,13,13,30,,Neutral
0.5,8,13,13,34,4,4,8,13,45,,Sad
0.5,8,13,13,30,0.5,8,8,13,30,,Anger
4,8,13,30,30,4,4,8,13,34,,Anger
0.5,8,13,13,30,0.5,4,8,13,30,,Anger
0.5,4,8,13,30,0.5,4,13,13,45,,Happy
0.5,4,8,13,45,0.5,8,8,13,30,,Anger
0.5,4,13,13,36,4,8,13,13,30,,Neutral
0.5,4,8,13,35,0.5,4,8,13,30,,Anger
0.5,4,8,13,30,0.5,4,8,30,30,,Anger
0.5,8,13,13,30,0.5,4,13,13,45,,Neutral
0.5,8,13,13,45,0.5,4,13,13,30,,Neutral
4,4,8,22,30,0.5,4,8,13,30,,Anger
0.5,4,8,13,45,4,8,13,30,45,,Anger
0.5,8,13,13,30,0.5,8,13,13,37,,Neutral
4,8,13,30,30,0.5,4,8,30,30,,Sad
0.5,8,13,13,30,0.5,4,13,13,30,,Neutral
0.5,8,13,13,30,0.5,8,8,13,34,,Anger
0.5,8,13,13,30,0.5,4,13,13,30,,Neutral
4,8,13,30,42,0.5,8,13,30,31,,Sad
0.5,4,8,13,37,0.5,4,8,13,30,,Anger
4,8,8,26,30,4,4,13,13,34,,Happy
0.5,6,8,13,30,4,4,8,30,30,,Happy
0.5,8,13,13,30,4,4,8,30,30,,Happy
4,4,8,30,30,4,4,8,13,30,,Anger
0.5,8,8,21,45,0.5,4,13,13,45,,Sad
0.5,4,8,13,30,4,8,8,30,30,,Anger
0.5,8,13,13,30,0.5,4,13,13,30,,Neutral
0.5,8,13,13,30,4,4,8,13,30,,Happy
4,4,8,30,30,4,6,13,13,30,,Anger
0.5,8,13,13,30,0.5,4,8,13,30,,Anger
4,4,8,30,45,0.5,8,8,30,45,,Anger
0.5,4,8,13,30,4,4,8,13,30,,Happy
0.5,4,8,13,30,0.5,8,8,30,30,,Anger
0.5,4,8,13,30,4,8,13,16,30,,Anger
0.5,4,8,13,30,0.5,8,13,30,30,,Anger
0.5,4,8,13,30,0.5,4,8,13,30,,Anger
4,8,13,25,45,4,4,13,13,34,,Happy
0.5,4,8,13,30,0.5,4,8,13,30,,Anger
0.5,8,13,13,45,0.5,8,13,13,30,,Neutral
0.5,8,13,13,30,0.5,8,13,30,45,,Anger
4,4,8,27,45,0.5,4,13,13,30,,Anger
0.5,4,8,13,31,4,4,8,13,30,,Happy
4,4,8,25,30,4,8,13,30,30,,Anger
4,8,13,13,45,0.5,4,13,13,45,,Neutral
4,4,8,13,30,0.5,4,8,13,30,,Anger
4,4,8,13,41,4,4,8,13,30,,Anger
0.5,4,8,13,30,0.5,4,8,13,30,,Anger
0.5,8,13,13,45,0.5,4,13,13,30,,Neutral
4,8,8,13,30,0.5,4,8,18,30,,Anger
0.5,4,8,13,30,0.5,4,8,13,30,,Anger
0.5,8,13,13,30,4,4,8,16,45,,Sad
0.5,8,13,13,30,0.5,4,13,13,30,,Neutral
4,4,8,22,43,0.5,4,8,13,30,,Anger
4,4,8,30,45,4,4,13,13,30,,Anger
0.5,8,13,13,30,4,4,8,13,35,,Happy
4,4,13,30,30,0.5,4,8,13,30,,Anger
0.5,8,13,13,30,4,4,8,20,30,,Happy
0.5,8,13,13,30,0.5,4,13,13,30,,Neutral
4,8,13,30,40,4,8,8,13,31,,Sad
0.5,4,8,13,45,0.5,4,8,30,45,,Anger
0.5,4,8,13,45,0.5,4,8,13,30,,Anger
4,4,8,30,30,4,8,8,30,45,,Anger
0.5,4,8,13,30,4,4,9,18,39,,Happy
4,4,8,30,30,0.5,4,8,30,41,,Anger
0.5,8,13,13,30,0.5,4,13,13,30,,Neutral
4,4,13,13,30,4,8,13,13,30,,Neutral
4,4,8,30,43,4,8,13,13,30,,Happy
0.5,8,13,13,30,4,4,8,13,45,,Sad
4,4,8,30,45,0.5,8,8,13,30,,Anger
0.5,4,8,13,30,0.5,4,8,13,30,,Anger
0.5,4,13,13,30,0.5,8,13,30,45,,Sad
0.5,8,13,13,30,0.5,8,13,13,30,,Neutral
4,4,8,30,30,0.5,4,8,13,30,,Anger
4,4,8,30,30,4,8,8,30,30,,Anger
0.5,8,13,13,30,0.5,8,13,13,30,,Neutral
2,8,8,13,42,0.5,8,8,30,30,,Anger
0.5,4,11,30,30,0.5,4,8,13,30,,Sad
0.5,4,8,13,30,0.5,4,8,15,30,,Anger
0.5,4,8,13,30,0.5,4,8,13,30,,Anger
0.5,4,8,13,45,0.5,8,8,30,30,,Anger
4,4,8,30,30,0.5,8,8,13,30,,Anger
0.5,4,8,13,30,0.5,4,8,13,30,,Anger
0.5,8,8,13,30,4,8,8,13,30,,Happy
0.5,8,13,13,30,2,4,8,13,30,,Happy
4,8,13,30,30,4,8,13,30,30,,Sad
4,8,13,30,30,4,4,13,13,30,,Sad
0.5,8,13,13,30,4,4,8,13,45,,Sad
0.5,4,8,13,45,0.5,8,13,30,30,,Anger
4,4,8,30,30,0.5,8,13,13,30,,Anger
0.5,4,8,13,30,0.5,4,8,13,30,,Anger
4,4,8,30,30,0.5,8,13,30,30,,Anger
0.5,8,13,13,30,4,8,13,13,45,,Neutral
4,4,8,30,30,1,8,13,30,45,,Anger
4,4,8,19,45,0.5,8,13,30,30,,Anger
4,8,8,30,45,0.5,8,13,13,33,,Happy
0.5,8,13,13,45,4,8,13,13,45,,Neutral
0.5,8,13,13,30,4,4,8,30,30,,Happy
0.5,8,13,13,45,4,4,13,13,30,,Neutral
4,8,13,13,30,4,8,13,13,30,,Neutral
0.5,8,13,13,30,0.5,4,13,13,30,,Neutral
0.5,8,13,21,45,0.5,8,8,30,30,,Sad
0.5,8,13,30,30,4,4,13,13,30,,Happy
4,4,8,30,30,0.5,4,8,13,45,,Anger
2,8,13,13,30,4,8,13,13,42,,Neutral
0.5,7,13,13,30,0.5,4,13,13,31,,Neutral
0.5,8,13,13,30,2,4,13,13,30,,Neutral
0.5,8,13,13,30,0.5,8,8,30,45,,Sad
0.5,8,13,13,45,0.5,4,13,13,30,,Neutral
4,4,8,30,45,0.5,8,8,13,30,,Anger
0.5,4,8,13,30,0.5,4,8,13,30,,Anger
0.5,8,13,13,45,4,4,13,13,30,,Neutral
0.5,8,13,13,30,4,8,8,13,30,,Happy
4,8,13,30,45,4,8,13,30,45,,Anger
4,8,13,30,30,0.5,8,13,30,30,,Sad
0.5,4,13,13,30,0.5,4,13,13,30,,Neutral
4,8,13,19,30,0.5,8,8,13,30,,Anger
4,4,8,30,30,0.5,8,13,13,30,,Anger
4,8,8,30,30,0.5,8,8,13,34,,Anger
0.5,4,8,13,30,0.5,4,8,13,45,,Happy
0.5,8,13,13,45,4,8,13,13,45,,Neutral
0.5,8,13,13,45,0.5,8,8,30,45,,Anger
4,8,13,29,45,4,8,13,25,30,,Anger
0.5,8,13,13,30,4,4,8,13,30,,Happy
0.5,4,8,13,45,4,4,13,13,45,,Sad
0.5,8,13,13,30,4,8,8,13,45,,Sad
4,4,8,15,45,4,4,8,13,30,,Anger
4,4,8,30,45,0.5,8,8,30,45,,Anger
0.5,8,13,13,30,0.5,8,13,13,30,,Neutral
0.5,8,13,13,30,0.5,8,13,13,45,,Neutral
0.5,8,13,13,30,0.5,8,13,13,30,,Neutral
0.5,8,13,13,30,4,4,13,13,30,,Neutral
4,8,13,13,30,4,8,13,30,30,,Anger
0.5,8,13,13,42,0.5,8,13,13,30,,Neutral
0.5,8,13,13,45,0.5,8,8,13,30,,Sad
1,4,8,22,30,4,4,13,27,30,,Anger
4,4,8,30,30,0.5,8,13,30,30,,Anger
4,4,8,28,30,4,4,8,13,30,,Anger
0.5,8,13,13,45,4,4,8,13,30,,Anger
4,8,13,26,30,0.5,8,8,13,45,,Anger
0.5,4,8,13,30,0.5,8,8,30,30,,Anger
4,8,8,30,45,0.5,8,8,30,41,,Anger
0.5,8,13,13,30,0.5,4,13,13,45,,Neutral
0.5,4,8,13,45,0.5,8,13,30,45,,Anger
0.5,8,13,13,45,4,4,13,13,30,,Neutral
0.5,4,8,13,30,4,8,11,13,30,,Anger
0.5,8,13,13,30,0.5,4,13,13,30,,Neutral
3,8,11,13,45,0.5,4,8,13,45,,Happy
4,8,13,30,30,0.5,8,13,28,30,,Sad
0.5,8,13,13,45,4,4,13,13,30,,Neutral
4,8,13,13,30,4,6,13,13,30,,Neutral
0.5,8,13,13,45,0.5,4,13,13,30,,Neutral
4,8,9,30,30,4,4,9,13,30,,Anger
4,8,13,30,45,4,8,13,30,45,,Anger
4,4,8,30,30,0.5,8,8,14,30,,Anger
0.5,8,13,13,30,0.5,8,13,13,45,,Neutral
4,4,8,30,45,0.5,4,8,30,30,,Sad
0.5,4,8,13,45,4,8,13,30,45,,Anger
0.5,8,13,13,30,0.5,4,13,30,30,,Anger
4,4,8,30,45,4,5,13,18,30,,Happy
0.5,8,13,13,30,0.5,4,13,13,34,,Neutral
0.5,8,13,13,30,0.5,4,13,13,45,,Neutral
4,8,13,26,30,4,8,8,30,45,,Happy
0.5,8,13,13,30,0.5,4,8,13,30,,Anger
4,4,8,24,30,4,8,13,30,30,,Anger
0.5,8,13,13,30,0.5,8,13,13,30,,Neutral
4,4,8,30,45,0.5,8,13,29,45,,Anger
0.5,8,13,13,45,4,8,13,13,30,,Neutral
4,8,13,13,45,0.5,4,13,13,30,,Neutral
0.5,4,8,13,30,4,4,8,13,37,,Happy
0.5,4,8,13,30,4,8,8,30,30,,Anger
0.5,4,8,13,30,1,4,13,13,30,,Anger
0.5,4,8,13,30,4,4,8,13,30,,Happy
0.5,4,8,13,45,0.5,4,13,30,30,,Anger
4,8,13,13,41,4,8,13,13,30,,Neutral
0.5,4,8,13,30,0.5,4,8,13,30,,Anger
0.5,8,13,13,30,4,4,11,13,30,,Anger
0.5,8,13,13,30,4,8,13,13,45,,Neutral
0.5,8,13,13,30,0.5,4,8,30,30,,Sad
4,8,13,13,30,0.5,8,13,13,45,,Neutral
4,4,8,30,30,4,8,8,30,45,,Anger
0.5,4,13,13,45,0.5,4,13,13,30,,Neutral
4,4,13,30,45,0.5,8,13,30,30,,Sad
0.5,4,8,13,31,0.5,8,13,13,30,,Anger
0.5,8,13,13,45,3,4,9,13,30,,Anger
0.5,4,8,13,30,0.5,8,13,17,30,,Anger
0.5,4,8,13,30,0.5,8,8,13,30,,Anger
0.5,8,13,13,45,0.5,8,8,22,30,,Sad
4,8,13,28,30,0.5,4,8,16,30,,Anger
4,4,8,30,45,4,8,13,30,37,,Anger
0.5,4,8,13,30,0.5,8,13,30,30,,Anger
4,4,8,30,45,0.5,4,8,13,30,,Anger
4,8,13,16,42,4,8,13,13,30,,Sad
0.5,4,8,13,30,1,4,8,13,30,,Anger
0.5,8,13,13,30,4,4,13,13,30,,Neutral
0.5,8,13,13,30,0.5,8,13,13,30,,Neutral
0.5,8,13,13,30,4,4,13,13,30,,Neutral
4,4,8,13,30,0.5,4,13,30,30,,Anger
0.5,4,8,13,30,4,7,13,13,30,,Anger
0.5,4,8,13,30,0.5,4,8,13,30,,Anger
0.5,4,8,13,30,0.5,4,8,13,30,,Anger
0.5,4,8,13,45,4,8,13,30,30,,Anger
0.5,8,13,13,30,4,4,13,13,30,,Neutral
0.5,8,13,13,45,4,8,13,13,45,,Neutral
0.5,8,13,13,30,4,5,8,30,30,,Happy
0.5,8,13,13,30,0.5,4,13,13,30,,Neutral
0.5,4,8,13,30,4,4,8,30,45,,Anger
4,8,13,13,30,0.5,8,13,30,30,,Anger
4,8,13,30,32,0.5,4,8,30,30,,Sad
0.5,8,13,13,30,0.5,8,13,13,30,,Neutral
4,8,13,30,30,4,4,13,13,30,,Sad
0.5,8,13,13,38,0.5,4,8,13,45,,Happy
0.5,8,13,13,30,4,4,13,13,45,,Neutral
0.5,4,8,13,30,0.5,4,8,13,30,,Anger
4,4,8,30,30,4,8,8,30,30,,Anger
4,4,8,30,45,4,8,13,30,43,,Anger
0.5,8,13,13,45,4,8,13,13,30,,Neutral
0.5,8,13,13,30,2,4,13,13,30,,Neutral
0.5,8,13,13,45,0.5,4,13,13,30,,Neutral
4,8,13,30,30,0.5,8,13,30,45,,Happy
4,8,13,13,30,0.5,4,13,13,30,,Neutral
4,8,13,13,30,0.5,8,13,13,45,,Neutral
4,8,13,13,30,0.5,8,13,13,30,,Neutral
0.5,4,8,13,45,4,8,8,30,30,,Anger
0.5,8,13,13,45,4,4,13,13,30,,Neutral
0.5,8,13,13,30,0.5,4,8,13,30,,Anger
4,8,13,13,45,0.5,8,13,13,45,,Neutral
0.5,4,8,13,30,0.5,8,13,30,30,,Anger
4,4,8,30,30,4,8,13,30,45,,Anger
0.5,8,13,13,45,4,4,13,13,30,,Neutral
0.5,8,13,13,30,0.5,4,13,13,30,,Neutral
3,8,13,17,30,4,4,8,13,30,,Anger
4,8,13,30,45,4,8,13,30,30,,Anger
4,8,13,13,45,0.5,4,13,13,30,,Neutral
0.5,4,13,13,30,4,4,13,13,45,,Neutral
0.5,4,13,13,45,0.5,4,13,13,30,,Neutral
0.5,8,13,13,45,4,8,13,13,30,,Neutral
0.5,4,8,13,45,4,8,13,30,30,,Anger
4,4,8,13,45,4,4,13,13,30,,Anger
4,8,8,30,45,4,8,13,23,30,,Anger
4,8,13,13,45,0.5,4,13,13,45,,Neutral
4,4,8,30,30,0.5,8,13,13,30,,Anger
0.5,4,8,13,30,0.5,4,8,13,45,,Happy
4,4,12,30,30,0.5,8,13,19,30,,Sad
0.5,4,8,13,45,4,8,8,13,30,,Anger
0.5,8,13,13,30,0.5,8,8,13,30,,Anger
0.5,8,13,13,30,0.5,4,13,13,30,,Neutral
0.5,4,8,13,30,0.5,8,13,30,45,,Anger
4,8,13,13,45,4,8,13,30,30,,Happy
0.5,4,8,13,30,4,8,8,13,45,,Anger
4,8,13,13,30,4,4,13,13,45,,Neutral
4,4,8,30,45,4,8,8,13,45,,Anger
0.5,4,8,13,30,0.5,4,8,13,30,,Anger
0.5,8,13,13,30,0.5,8,8,13,30,,Anger
0.5,8,13,13,30,0.5,4,13,13,30,,Neutral
0.5,4,8,13,30,0.5,4,8,13,30,,Anger
4,4,13,30,30,4,8,13,30,45,,Anger
4,4,13,13,30,0.5,4,13,13,30,,Neutral
0.5,8,13,13,30,0.5,8,13,30,30,,Anger
4,4,8,30,30,4,8,8,30,30,,Anger
4,4,8,30,39,0.5,8,13,30,30,,Anger
0.5,4,8,13,30,0.5,4,8,13,30,,Anger
0.5,4,8,13,30,4,4,8,13,30,,Happy
0.5,4,8,13,30,0.5,4,13,13,30,,Anger
4,8,13,30,30,4,8,13,30,30,,Sad
2,8,13,13,30,0.5,4,13,13,33,,Neutral
4,4,8,30,30,0.5,4,13,13,45,,Anger
4,4,8,26,30,4,4,8,13,30,,Anger
4,8,13,25,30,4,4,13,13,30,,Sad
0.5,8,13,13,45,4,4,13,13,30,,Neutral
0.5,4,8,13,30,4,4,8,13,30,,Happy
4,8,13,30,30,4,8,8,21,30,,Sad
0.5,4,8,13,30,4,4,8,13,30,,Happy
4,8,8,22,30,0.5,8,8,22,45,,Anger
4,4,8,13,30,0.5,4,13,22,30,,Anger
0.5,4,8,13,30,0.5,8,8,13,30,,Anger
0.5,4,8,13,30,4,8,8,29,30,,Anger
0.5,8,13,13,45,4,8,13,13,30,,Neutral
0.5,4,8,13,30,0.5,4,13,13,30,,Anger
0.5,4,11,13,30,4,4,8,13,30,,Anger
0.5,8,13,13,45,0.5,4,13,13,33,,Neutral
4,8,13,13,45,4,8,13,13,45,,Neutral
0.5,4,8,13,30,0.5,8,8,13,30,,Anger
4,8,13,30,30,4,8,8,30,45,,Happy
0.5,8,8,13,45,0.5,4,13,13,30,,Happy
4,8,13,30,30,4,4,13,13,36,,Sad
4,8,13,13,30,0.5,4,13,13,45,,Neutral
0.5,8,13,13,30,0.5,4,13,13,30,,Neutral
4,8,13,30,45,4,4,13,13,30,,Sad
0.5,8,13,13,30,4,4,13,13,30,,Neutral
0.5,4,13,13,30,0.5,4,13,13,30,,Neutral
0.5,4,8,13,30,0.5,4,13,13,30,,Anger
0.5,8,13,13,30,4,4,8,13,37,,Happy
0.5,4,8,13,30,0.5,8,8,13,30,,Anger
4,8,11,30,30,4,8,13,30,30,,Anger
1,4,8,13,32,0.5,4,8,13,30,,Anger
0.5,4,8,13,30,4,4,13,13,30,,Anger
4,8,13,13,30,0.5,4,8,30,30,,Anger
0.5,4,8,13,30,4,4,8,13,30,,Happy
0.5,8,13,13,30,4,4,13,13,30,,Neutral
4,8,13,13,45,4,4,13,13,30,,Neutral
0.5,4,8,13,30,4,4,8,13,30,,Happy
0.5,8,8,13,45,0.5,8,8,13,45,,Anger
0.5,6,8,13,30,4,4,8,13,30,,Happy
0.5,8,13,13,30,0.5,8,13,30,30,,Anger
4,8,13,15,30,4,4,8,13,45,,Anger
4,4,8,30,30,0.5,8,8,13,30,,Anger
3,8,13,13,30,4,4,13,13,30,,Neutral
4,4,8,13,30,0.5,4,8,13,30,,Anger
4,8,13,30,45,0.5,8,13,30,30,,Sad
0.5,8,13,13,30,0.5,4,8,13,45,,Anger
0.5,8,13,13,30,4,8,13,13,30,,Neutral
4,8,13,30,45,4,8,13,30,45,,Anger
0.5,8,8,13,30,4,4,8,13,30,,Happy
0.5,8,13,13,30,0.5,6,13,13,45,,Neutral
0.5,8,13,13,45,0.5,4,13,13,30,,Neutral
4,4,8,30,45,4,4,13,13,30,,Anger
0.5,8,13,13,30,0.5,4,13,13,30,,Neutral
0.5,8,13,13,45,4,4,13,13,45,,Neutral
0.5,8,13,13,45,0.5,8,13,13,30,,Neutral
0.5,8,13,13,45,0.5,4,8,13,30,,Sad
0.5,8,13,13,45,4,4,13,13,30,,Neutral
0.5,4,8,13,30,0.5,8,13,13,45,,Sad
0.5,8,13,13,30,0.5,4,13,13,30,,Neutral
4,4,8,30,30,0.5,4,13,13,30,,Anger
0.5,8,13,13,30,0.5,8,13,13,30,,Neutral
4,4,8,30,30,2,8,13,13,30,,Anger
0.5,4,8,13,30,4,8,8,30,45,,Anger
4,8,13,30,45,4,8,13,30,39,,Anger
1,8,13,13,30,4,8,13,27,30,,Anger
4,4,8,13,30,4,4,13,13,31,,Happy
0.5,4,8,13,30,0.5,4,8,13,45,,Happy
0.5,8,13,13,30,0.5,4,13,13,30,,Neutral
0.5,4,8,13,30,0.5,4,8,13,30,,Anger
0.5,4,8,13,45,4,4,8,13,45,,Anger
0.5,4,9,13,30,4,8,8,30,45,,Anger
4,4,8,30,30,0.5,4,8,13,30,,Anger
0.5,4,8,13,30,0.5,4,8,13,30,,Anger
0.5,4,8,13,30,0.5,4,13,13,30,,Anger
0.5,8,8,13,30,0.5,4,12,13,30,,Anger
4,4,8,13,30,0.5,8,13,21,30,,Sad
0.5,8,13,13,30,0.5,4,13,13,30,,Neutral
0.5,8,13,13,30,0.5,4,8,13,45,,Anger
4,8,13,30,45,4,8,13,30,35,,Anger
4,8,13,13,41,4,8,13,13,30,,Neutral
4,7,13,30,30,0.5,8,13,30,30,,Sad
4,4,8,23,30,0.5,4,8,13,30,,Anger
4,8,13,24,30,4,8,8,30,32,,Sad
0.5,4,8,13,30,0.5,4,8,13,30,,Anger
0.5,8,13,13,45,0.5,4,13,13,30,,Neutral
4,4,8,30,30,4,8,13,30,30,,Anger
0.5,8,13,13,30,0.5,4,8,30,30,,Sad
0.5,8,13,13,30,4,8,8,13,30,,Happy
0.5,8,13,13,30,0.5,8,13,13,30,,Neutral
4,8,13,13,30,0.5,8,13,13,30,,Neutral
0.5,4,8,13,30,0.5,4,13,17,30,,Anger
4,4,8,22,43,0.5,4,8,13,30,,Anger
0.5,8,13,13,30,0.5,4,13,13,30,,Neutral
0.5,8,13,13,30,0.5,8,13,13,37,,Neutral
0.5,4,8,13,45,4,4,8,13,30,,Happy
0.5,4,13,13,45,0.5,4,13,13,30,,Neutral
4,4,8,30,45,4,8,8,13,45,,Anger
0.5,8,13,13,30,0.5,4,13,13,30,,Neutral
0.5,8,13,13,30,0.5,4,8,13,30,,Anger
0.5,8,8,13,30,0.5,4,13,13,30,,Anger
0.5,8,13,13,30,0.5,4,13,13,45,,Neutral
0.5,8,13,13,30,4,8,13,13,30,,Neutral
0.5,8,13,13,45,0.5,4,13,13,45,,Neutral
0.5,4,8,13,30,4,4,8,13,30,,Happy
0.5,8,13,13,30,0.5,4,13,13,45,,Neutral
0.5,8,13,13,40,4,8,13,13,33,,Neutral
1,8,13,13,30,4,8,13,27,30,,Anger
0.5,4,8,13,30,4,8,13,30,30,,Anger
0.5,8,13,13,30,4,8,13,13,30,,Neutral
0.5,8,13,13,45,4,8,13,13,30,,Neutral
0.5,8,8,13,30,0.5,4,8,13,30,,Happy
0.5,4,8,13,30,0.5,4,8,13,30,,Anger
0.5,8,13,13,45,4,4,13,13,45,,Neutral
0.5,8,13,13,37,4,8,13,13,45,,Neutral
4,4,8,22,30,0.5,4,8,13,30,,Anger
4,8,13,13,45,4,8,13,13,45,,Neutral
0.5,4,8,13,30,0.5,4,8,13,30,,Anger
4,5,9,30,30,4,8,13,21,40,,Anger
0.5,4,8,13,30,0.5,8,8,28,30,,Anger
0.5,8,13,13,30,4,4,8,13,30,,Happy
0.5,8,13,13,30,4,4,8,13,45,,Sad
4,4,8,23,45,0.5,8,13,30,30,,Anger
0.5,8,13,13,30,4,8,8,30,30,,Happy
0.5,8,13,13,30,4,4,13,13,30,,Neutral
0.5,8,13,13,45,0.5,8,13,30,30,,Anger
4,8,13,13,39,4,5,13,13,37,,Neutral
0.5,4,8,13,30,0.5,4,8,13,30,,Anger
4,4,8,30,30,4,8,13,30,30,,Anger
4,4,8,24,30,0.5,4,13,13,45,,Anger
4,8,13,30,45,4,8,13,30,45,,Anger
4,8,13,28,36,4,8,11,13,30,,Sad
0.5,8,13,13,45,0.5,4,8,13,30,,Sad
0.5,4,8,13,45,4,8,13,30,45,,Anger
0.5,4,8,13,30,4,4,8,13,30,,Happy
4,4,8,19,30,4,8,13,30,45,,Anger
0.5,4,8,13,30,4,4,8,13,30,,Happy
0.5,8,13,13,30,0.5,8,8,30,45,,Sad
0.5,4,13,13,30,4,4,13,13,30,,Neutral
0.5,8,13,13,30,0.5,8,13,13,30,,Neutral
4,8,13,13,45,0.5,4,13,13,45,,Neutral
0.5,8,8,13,30,0.5,4,13,13,45,,Sad
4,4,8,30,30,4,4,13,30,30,,Anger
0.5,8,11,13,45,4,8,11,13,45,,Sad
0.5,8,13,13,30,4,4,13,13,45,,Neutral
0.5,8,13,13,45,4,8,13,13,45,,Neutral
4,4,8,30,31,4,8,13,30,30,,Anger
4,4,8,13,30,0.5,8,13,13,30,,Anger
0.5,8,13,13,30,0.5,4,13,13,30,,Neutral
0.5,8,13,13,45,0.5,4,13,13,30,,Neutral
0.5,4,8,13,30,0.5,8,13,19,30,,Anger
4,4,8,13,30,1,4,8,13,30,,Anger
0.5,8,13,13,30,0.5,8,13,13,30,,Neutral
0.5,8,13,13,30,0.5,8,13,13,30,,Neutral
0.5,8,13,13,30,4,4,13,13,45,,Neutral
0.5,4,8,13,30,0.5,4,8,13,30,,Anger
4,8,13,13,30,0.5,4,11,13,30,,Anger
0.5,8,13,13,45,0.5,4,13,13,30,,Neutral
0.5,8,13,13,30,4,4,13,13,45,,Neutral
0.5,8,13,13,30,0.5,8,13,13,30,,Neutral
0.5,8,13,13,45,4,8,8,30,30,,Happy
0.5,4,8,13,30,4,8,13,30,30,,Anger
0.5,8,8,13,30,4,8,8,13,30,,Happy
0.5,8,13,13,45,4,4,13,13,30,,Neutral
4,4,8,13,45,4,8,8,13,45,,Happy
0.5,4,8,13,30,0.5,4,8,13,30,,Anger
0.5,8,13,13,30,0.5,4,8,13,30,,Anger
4,8,13,30,30,4,8,13,30,45,,Anger
4,4,8,20,30,4,8,13,13,35,,Happy
0.5,8,13,13,30,4,4,13,13,30,,Neutral
4,8,13,13,30,0.5,8,13,13,30,,Neutral
0.5,8,13,13,45,0.5,8,13,13,45,,Neutral
4,8,13,30,45,4,4,8,30,45,,Happy
0.5,8,13,13,45,0.5,8,8,30,30,,Anger
0.5,4,8,13,30,0.5,8,8,28,45,,Anger
4,6,8,30,30,0.5,8,13,13,30,,Anger
0.5,4,8,13,30,0.5,4,8,13,30,,Anger
4,8,13,30,30,4,8,13,30,45,,Anger
0.5,8,13,13,30,0.5,8,13,13,30,,Neutral
4,4,8,13,45,4,8,8,13,45,,Happy
0.5,8,13,13,30,4,4,13,13,30,,Neutral
0.5,8,13,13,30,4,4,13,13,30,,Neutral
0.5,4,8,13,30,0.5,4,8,13,30,,Anger
4,4,8,30,45,0.5,8,13,13,45,,Anger
4,8,13,30,30,4,4,12,13,30,,Sad
3,8,13,13,30,4,4,13,13,30,,Neutral
0.5,4,8,13,30,0.5,4,8,13,30,,Anger
0.5,4,8,13,30,0.5,8,8,15,30,,Anger
0.5,8,13,13,45,4,4,13,13,30,,Neutral
0.5,8,13,13,45,4,4,13,13,45,,Neutral
0.5,4,8,13,30,4,4,11,13,30,,Happy
4,4,8,25,30,0.5,8,8,13,30,,Anger
0.5,4,8,13,43,4,4,8,13,30,,Happy
0.5,4,8,13,30,0.5,4,8,13,30,,Anger
4,4,8,30,45,4,4,13,13,30,,Anger
4,4,8,30,30,0.5,4,13,30,30,,Anger
0.5,4,8,30,45,0.5,4,13,13,30,,Sad
0.5,4,8,13,33,1,4,8,13,30,,Anger
4,8,13,30,30,0.5,4,8,13,45,,Anger
4,4,8,18,45,4,8,13,30,30,,Anger
0.5,4,8,13,30,0.5,8,8,13,30,,Anger
0.5,8,13,13,30,4,4,8,30,30,,Happy
4,4,8,20,30,4,8,8,30,30,,Anger
0.5,8,13,13,30,3,8,13,13,30,,Neutral
4,8,13,30,30,3,4,11,19,30,,Sad
0.5,8,13,13,30,4,4,8,13,35,,Happy
4,8,8,30,30,4,4,8,13,30,,Anger
0.5,8,13,13,30,4,8,13,13,45,,Neutral
0.5,8,13,13,45,4,4,8,13,30,,Anger
4,8,13,30,45,4,8,13,28,45,,Anger
4,4,8,15,30,4,8,8,13,30,,Happy
4,8,8,13,30,0.5,4,8,13,30,,Anger
0.5,4,8,13,30,0.5,4,8,13,30,,Anger
4,8,13,30,45,0.5,4,13,13,45,,Sad
0.5,8,13,13,30,4,4,8,13,30,,Happy
4,4,8,13,30,4,8,13,13,30,,Happy
0.5,4,13,13,30,0.5,4,13,13,45,,Neutral
0.5,8,13,13,30,0.5,4,13,13,30,,Neutral
0.5,8,13,13,30,4,4,8,13,45,,Sad
4,8,13,30,45,4,4,8,30,30,,Sad
0.5,8,13,13,30,4,4,13,13,30,,Neutral
0.5,8,13,13,43,4,8,13,13,45,,Neutral
0.5,4,8,13,30,4,4,8,13,30,,Happy
0.5,8,13,13,30,0.5,4,13,13,30,,Neutral
0.5,4,8,13,30,0.5,8,13,30,30,,Anger
4,8,13,20,30,3,8,8,13,30,,Anger
4,8,13,30,45,0.5,4,8,30,30,,Sad
0.5,4,8,13,30,4,8,8,30,45,,Anger
0.5,8,13,13,45,0.5,8,8,13,30,,Sad
4,4,8,30,45,4,8,13,30,45,,Anger
0.5,8,13,13,30,4,4,8,13,30,,Happy
0.5,4,8,13,30,0.5,4,8,13,30,,Anger
0.5,8,13,13,30,0.5,4,13,13,30,,Neutral
4,8,8,30,45,4,4,8,13,45,,Happy
0.5,4,8,13,30,4,4,8,13,30,,Happy
4,8,8,30,30,4,8,13,25,30,,Anger
0.5,8,13,13,30,0.5,4,13,13,30,,Neutral
4,4,8,30,45,0.5,4,8,30,45,,Anger
0.5,6,8,13,30,4,8,8,30,32,,Anger
4,8,13,30,41,0.5,8,13,30,45,,Happy
0.5,4,8,13,30,4,8,13,13,31,,Anger
0.5,4,8,13,30,0.5,4,8,18,30,,Anger
4,4,8,13,30,4,4,13,13,31,,Happy
4,4,8,30,30,0.5,8,8,13,30,,Anger
0.5,8,13,13,30,0.5,4,13,30,45,,Sad
4,8,13,13,45,0.5,4,13,13,30,,Neutral
0.5,4,8,13,45,0.5,8,8,30,30,,Anger
4,4,8,30,30,0.5,8,8,13,45,,Anger
4,8,9,30,30,0.5,8,8,13,30,,Anger
4,4,13,13,30,0.5,4,8,13,30,,Anger
0.5,8,13,13,30,4,4,13,13,37,,Neutral
0.5,8,13,13,45,4,4,13,13,45,,Neutral
0.5,8,13,13,30,0.5,4,13,30,45,,Sad
0.5,4,8,13,45,0.5,8,13,30,30,,Anger
0.5,8,13,13,30,4,4,13,13,45,,Neutral
0.5,8,13,22,30,0.5,8,8,13,30,,Sad
0.5,4,8,13,30,4,4,8,13,30,,Happy
0.5,8,13,13,45,0.5,4,13,13,45,,Neutral
4,4,8,30,30,0.5,4,9,13,30,,Anger
4,4,8,30,45,0.5,8,13,25,30,,Anger
0.5,4,8,13,30,0.5,4,8,25,30,,Anger
4,8,13,13,30,0.5,4,13,13,45,,Neutral
0.5,8,13,13,45,0.5,8,13,13,45,,Neutral
0.5,4,9,13,30,0.5,4,8,13,30,,Anger
4,8,13,30,30,0.5,8,13,30,30,,Sad
4,4,8,30,45,0.5,4,8,13,30,,Anger
0.5,8,13,13,30,4,4,13,13,30,,Neutral
4,4,8,30,45,4,4,13,13,30,,Anger
0.5,4,8,13,30,4,8,8,13,30,,Anger
0.5,4,8,13,36,4,8,8,21,30,,Anger
4,4,8,19,30,0.5,8,13,30,30,,Anger
0.5,4,8,13,30,0.5,5,8,13,30,,Anger
4,8,13,28,30,0.5,4,13,30,45,,Happy
0.5,4,8,13,30,0.5,4,8,13,30,,Anger
0.5,6,8,13,45,4,4,8,13,30,,Happy
0.5,8,13,13,30,0.5,8,13,13,45,,Neutral
4,8,13,30,30,4,4,13,13,30,,Sad
0.5,8,13,13,30,0.5,4,13,13,30,,Neutral
0.5,4,8,13,30,0.5,4,8,13,30,,Anger
4,8,13,30,45,4,8,13,28,45,,Anger
4,8,13,13,45,4,8,13,13,45,,Neutral
0.5,8,13,13,30,4,8,8,30,30,,Happy
0.5,4,8,13,30,3,8,8,13,30,,Anger
0.5,8,13,13,30,0.5,8,8,30,30,,Sad
0.5,8,13,13,30,0.5,8,13,13,30,,Neutral
4,8,13,30,30,4,8,13,30,45,,Anger
0.5,4,8,13,30,0.5,8,8,13,45,,Anger
0.5,4,8,13,30,4,8,12,13,30,,Anger
4,4,8,30,45,0.5,8,13,30,30,,Anger
0.5,4,8,13,30,0.5,4,8,13,30,,Anger
4,8,13,13,45,0.5,6,8,15,45,,Happy
3,8,13,30,30,4,8,13,13,30,,Sad
4,4,8,30,45,0.5,8,13,30,30,,Anger
4,4,8,13,30,0.5,4,8,13,30,,Anger
0.5,4,8,13,30,0.5,4,10,13,30,,Anger
0.5,8,8,13,30,4,8,8,13,30,,Happy
0.5,8,11,13,30,0.5,8,8,13,30,,Anger
4,4,8,13,30,4,8,8,30,45,,Anger
0.5,4,8,13,45,4,4,8,13,30,,Happy
0.5,4,8,13,30,0.5,8,8,13,30,,Anger
0.5,8,13,13,30,0.5,8,13,30,45,,Anger
0.5,4,8,13,30,4,4,8,13,30,,Happy
0.5,5,13,13,30,4,4,8,13,30,,Anger
1,4,8,13,30,0.5,8,13,13,30,,Anger
0.5,4,8,13,30,0.5,8,8,13,30,,Anger
0.5,8,13,13,30,0.5,8,8,13,30,,Anger
4,8,13,13,30,4,8,13,13,45,,Neutral
0.5,8,13,13,30,4,8,13,13,45,,Neutral
3,8,13,23,45,4,4,8,13,35,,Anger
0.5,8,13,13,30,0.5,4,13,13,30,,Neutral
0.5,8,13,13,30,4,4,13,13,30,,Neutral
4,8,13,13,45,4,8,13,30,30,,Happy
4,4,8,13,30,4,8,13,30,30,,Anger
4,8,13,13,45,4,4,13,13,30,,Neutral
0.5,8,13,13,30,0.5,4,8,13,45,,Anger
4,4,8,22,30,0.5,4,13,13,45,,Anger
4,8,13,13,30,0.5,8,8,13,42,,Anger
0.5,8,13,13,30,0.5,8,13,13,45,,Neutral
0.5,8,13,13,45,0.5,4,13,13,30,,Neutral
4,8,13,15,30,0.5,8,8,13,30,,Anger
0.5,8,13,13,44,0.5,8,8,30,30,,Anger
0.5,8,13,13,45,0.5,8,8,13,30,,Sad
4,4,8,21,30,4,8,13,13,30,,Happy
0.5,4,8,13,30,4,8,13,15,30,,Anger
0.5,7,8,13,30,0.5,4,13,13,30,,Anger
4,8,13,18,30,4,4,8,13,30,,Anger
0.5,4,8,13,30,4,4,13,13,45,,Sad
4,4,13,13,30,0.5,4,13,13,30,,Neutral
4,4,8,30,45,0.5,8,13,13,30,,Anger
0.5,8,13,13,30,0.5,4,13,13,30,,Neutral
0.5,4,8,13,30,4,4,13,14,45,,Sad
0.5,8,13,13,30,4,4,13,13,37,,Neutral
4,8,13,13,30,0.5,8,13,13,30,,Neutral
0.5,4,8,13,30,4,4,8,13,30,,Happy
0.5,8,13,13,30,4,8,13,13,30,,Neutral
4,8,13,30,36,4,8,13,30,45,,Anger
0.5,8,13,13,45,0.5,4,13,13,30,,Neutral
0.5,4,8,13,30,0.5,4,8,13,30,,Anger
4,8,13,30,30,4,4,8,13,30,,Anger
0.5,8,13,13,30,4,4,13,13,45,,Neutral
0.5,4,8,13,30,0.5,8,13,30,30,,Anger
4,8,13,30,45,0.5,4,13,13,30,,Sad
4,4,8,13,30,4,8,13,21,30,,Sad
0.5,8,13,13,45,0.5,4,13,13,30,,Neutral
0.5,4,8,13,45,0.5,4,13,13,34,,Happy
0.5,8,13,13,30,0.5,4,13,13,30,,Neutral
0.5,8,13,13,45,4,8,8,30,30,,Happy
0.5,8,13,13,45,4,4,13,13,30,,Neutral
0.5,4,8,13,30,0.5,4,8,13,30,,Anger
4,8,13,13,45,4,4,8,13,45,,Happy
0.5,8,13,13,30,4,8,13,13,45,,Neutral
4,8,13,30,45,4,8,8,13,30,,Anger
0.5,4,13,13,30,0.5,4,13,13,45,,Neutral
0.5,8,13,13,30,0.5,8,13,13,30,,Neutral
0.5,8,13,13,30,4,4,13,13,30,,Neutral
0.5,8,13,13,30,0.5,4,13,13,45,,Neutral
4,8,13,30,45,4,4,8,13,30,,Anger
0.5,8,13,13,30,0.5,4,8,13,30,,Anger
4,8,12,30,45,4,8,13,30,45,,Anger
0.5,8,13,13,42,4,8,8,13,30,,Anger
4,8,12,13,45,4,5,13,13,30,,Sad
4,4,8,29,45,4,4,8,13,45,,Anger
4,8,13,30,45,4,8,13,13,45,,Happy
4,8,12,13,45,4,5,13,13,30,,Sad
0.5,8,13,13,30,0.5,4,13,13,30,,Neutral
0.5,4,8,13,30,0.5,4,8,13,30,,Anger
0.5,8,13,13,30,0.5,8,13,30,45,,Anger
0.5,4,8,13,45,4,4,13,13,30,,Happy
4,4,8,16,30,4,8,13,30,30,,Anger
0.5,4,8,13,30,0.5,4,8,13,30,,Anger
0.5,8,13,13,30,0.5,4,13,13,30,,Neutral
4,8,13,24,45,4,4,13,13,42,,Happy
0.5,4,8,13,30,0.5,4,13,13,30,,Anger
0.5,8,13,13,30,4,4,8,13,45,,Sad
0.5,8,13,13,30,0.5,4,13,13,30,,Neutral
0.5,8,13,13,30,4,8,13,30,30,,Happy
0.5,4,13,13,45,0.5,4,13,13,30,,Neutral
0.5,8,13,13,30,0.5,4,13,13,45,,Neutral
4,8,13,30,30,0.5,8,8,30,30,,Sad
4,8,13,13,45,0.5,4,13,13,30,,Neutral
4,8,13,30,30,0.5,8,13,30,45,,Happy
0.5,8,13,13,30,0.5,8,13,13,30,,Neutral
4,4,8,30,30,4,4,13,13,45,,Anger
0.5,4,13,13,45,0.5,4,13,13,30,,Neutral
0.5,8,13,13,30,4,8,13,13,45,,Neutral
0.5,4,8,13,30,0.5,8,13,13,30,,Anger
0.5,8,13,13,30,4,4,13,13,30,,Neutral
4,8,13,13,30,0.5,8,13,13,30,,Neutral
4,4,8,13,42,0.5,8,8,13,30,,Anger
0.5,8,13,13,42,4,4,8,13,45,,Happy
4,8,13,13,30,4,4,8,13,30,,Anger
4,4,8,26,30,4,7,8,13,45,,Happy
0.5,4,8,13,45,0.5,4,13,13,30,,Happy
0.5,8,13,13,30,0.5,4,8,13,30,,Anger
4,4,8,30,30,0.5,8,11,13,30,,Anger
0.5,8,8,13,30,4,8,13,30,45,,Anger
0.5,8,13,13,30,0.5,4,13,13,30,,Neutral
4,4,8,30,30,0.5,4,8,13,30,,Anger
0.5,8,13,13,30,0.5,4,13,30,30,,Anger
4,8,11,30,30,2,8,8,27,30,,Sad
0.5,4,8,13,30,0.5,4,8,13,45,,Happy
0.5,4,8,13,30,0.5,4,8,13,30,,Anger
0.5,8,13,13,30,0.5,4,13,13,30,,Neutral
4,4,8,13,30,0.5,8,13,26,30,,Sad
4,4,8,13,30,4,7,8,30,30,,Happy
0.5,4,8,13,30,0.5,4,8,13,30,,Anger
4,4,13,30,43,1,8,13,13,30,,Sad
0.5,4,8,13,30,0.5,4,8,13,45,,Happy
0.5,8,13,13,30,4,4,13,13,30,,Neutral
0.5,4,8,13,30,0.5,8,8,13,30,,Anger
0.5,4,8,13,30,0.5,4,8,13,30,,Anger
4,8,13,30,45,4,8,13,30,45,,Anger
0.5,8,13,13,30,4,4,8,13,30,,Happy
0.5,8,13,13,30,4,4,13,13,45,,Neutral
0.5,4,8,13,30,0.5,4,8,13,30,,Anger
0.5,4,8,13,30,4,4,8,13,30,,Happy
4,4,13,13,30,4,4,13,13,40,,Neutral
4,4,8,30,30,0.5,4,8,30,30,,Anger
4,8,13,13,30,4,4,8,30,30,,Happy
0.5,4,8,13,30,4,8,13,30,45,,Anger
4,8,13,29,45,4,8,13,25,30,,Anger
4,4,13,30,45,0.5,4,13,13,30,,Sad
0.5,8,13,13,30,0.5,4,13,13,30,,Neutral
4,4,8,30,30,0.5,4,8,13,30,,Anger
4,4,8,15,30,4,8,8,15,30,,Happy
0.5,8,8,13,30,0.5,4,8,13,30,,Happy
0.5,4,8,13,30,0.5,4,8,13,30,,Anger
4,4,8,30,30,0.5,4,8,30,30,,Anger
4,8,13,23,30,0.5,8,13,23,30,,Sad
0.5,8,13,13,40,4,8,13,13,33,,Neutral
0.5,4,8,13,30,0.5,4,8,13,30,,Anger
0.5,8,13,13,30,4,4,13,13,30,,Neutral
0.5,8,13,13,37,4,4,8,13,30,,Anger
4,4,8,13,30,0.5,8,8,16,45,,Anger
0.5,8,8,13,45,4,4,8,30,45,,Anger
0.5,8,13,13,45,0.5,8,13,30,45,,Anger
0.5,8,13,13,45,0.5,4,13,13,30,,Neutral
4,8,13,13,30,0.5,4,8,13,30,,Anger
0.5,4,8,13,45,4,4,8,13,30,,Happy
0.5,8,13,13,30,0.5,4,13,13,30,,Neutral
0.5,4,8,13,30,0.5,4,8,13,30,,Anger
0.5,8,8,21,45,0.5,4,13,13,45,,Sad
0.5,8,13,13,30,0.5,4,13,13,30,,Neutral
4,8,13,30,30,4,8,13,13,37,,Sad
0.5,4,8,13,30,4,8,13,30,45,,Anger
0.5,4,8,13,30,4,4,8,30,45,,Anger
4,8,13,30,30,0.5,8,8,13,45,,Anger
0.5,8,13,13,30,0.5,4,13,13,30,,Neutral
4,8,13,30,45,4,8,13,13,30,,Happy
4,8,13,30,45,0.5,8,13,30,30,,Sad
0.5,8,13,13,45,0.5,8,8,30,45,,Anger
0.5,8,13,13,45,0.5,4,8,30,30,,Sad
0.5,8,13,13,30,0.5,4,13,13,30,,Neutral
4,4,8,30,30,0.5,4,8,14,31,,Anger
0.5,8,13,13,45,4,4,13,13,45,,Neutral
0.5,4,8,13,30,0.5,4,8,13,30,,Anger
0.5,4,8,13,45,0.5,4,8,13,30,,Anger
4,4,11,30,30,0.5,8,8,13,45,,Anger
0.5,8,13,13,30,0.5,4,13,13,30,,Neutral
0.5,4,8,13,30,0.5,8,13,13,30,,Anger
0.5,4,8,13,30,0.5,4,8,13,30,,Anger
0.5,8,13,13,30,4,4,13,13,45,,Neutral
0.5,4,8,13,30,4,4,8,13,30,,Happy
0.5,4,8,30,30,0.5,8,8,13,30,,Anger
4,4,8,30,30,0.5,8,13,13,30,,Anger
0.5,8,13,13,30,0.5,8,8,30,30,,Sad
0.5,4,8,13,30,4,4,8,13,42,,Happy
4,4,8,30,30,0.5,8,13,13,30,,Anger
0.5,4,8,13,30,0.5,4,8,13,38,,Anger
4,8,13,30,45,4,8,13,30,45,,Anger
4,4,13,13,30,4,4,8,30,30,,Sad
0.5,8,13,13,30,4,4,13,13,30,,Neutral
0.5,4,8,13,45,4,8,13,13,30,,Anger
0.5,8,13,13,45,0.5,4,13,13,30,,Neutral
4,4,8,13,30,0.5,4,8,13,30,,Anger
0.5,8,13,13,30,0.5,8,8,14,30,,Anger
0.5,4,8,13,30,4,8,8,13,30,,Anger
4,4,8,30,45,4,4,13,13,30,,Anger
0.5,4,13,13,30,0.5,4,13,13,45,,Neutral
0.5,8,13,13,45,0.5,4,13,13,30,,Neutral
0.5,8,13,13,30,0.5,4,13,13,30,,Neutral
4,8,13,13,30,4,4,8,30,45,,Happy
4,8,13,30,30,4,8,8,30,30,,Sad
4,8,13,30,30,4,8,13,30,30,,Sad
0.5,8,13,13,30,4,4,13,13,39,,Neutral
0.5,4,8,13,30,0.5,8,8,13,30,,Anger
4,4,8,13,36,4,8,13,30,30,,Anger
0.5,4,8,13,30,0.5,4,8,13,30,,Anger
0.5,8,13,13,30,4,8,13,30,45,,Anger
4,4,8,13,30,0.5,4,8,13,45,,Anger
0.5,4,8,13,45,4,8,13,30,30,,Anger
4,8,13,30,30,4,4,13,13,30,,Sad
4,8,13,30,30,0.5,4,13,30,30,,Sad
0.5,4,8,13,30,0.5,8,8,13,30,,Anger
0.5,4,8,13,30,0.5,4,8,13,30,,Anger
0.5,4,8,13,30,0.5,8,13,30,30,,Anger
0.5,4,13,13,45,0.5,4,13,13,30,,Neutral
4,4,8,30,30,0.5,4,8,13,45,,Anger
0.5,8,13,13,30,4,5,8,30,30,,Happy
1,8,13,30,30,4,8,13,30,30,,Anger
4,4,8,30,30,0.5,4,8,17,30,,Anger
0.5,4,8,13,30,3,4,8,13,30,,Happy
4,4,8,30,30,0.5,4,8,13,30,,Anger
4,4,8,13,30,0.5,4,8,17,30,,Anger
0.5,4,13,13,30,4,4,13,13,45,,Neutral
0.5,8,13,13,30,0.5,4,13,13,30,,Neutral
0.5,8,13,13,30,0.5,4,13,13,45,,Neutral
0.5,4,8,13,30,0.5,4,8,13,30,,Anger
4,8,13,30,45,0.5,4,8,30,30,,Sad
0.5,8,13,13,30,0.5,8,13,13,45,,Neutral
0.5,4,8,13,30,0.5,4,8,13,30,,Anger
0.5,4,8,13,30,0.5,4,8,13,30,,Anger
4,8,13,30,45,4,4,8,13,45,,Anger
0.5,4,11,13,30,0.5,4,8,13,30,,Anger
0.5,4,8,13,30,0.5,4,8,13,30,,Anger
0.5,4,8,13,30,4,4,13,30,30,,Anger
0.5,4,8,13,30,4,4,13,13,30,,Anger
4,4,8,30,30,0.5,4,8,13,30,,Anger
4,4,8,13,30,0.5,4,13,22,30,,Anger
4,4,8,30,30,2,8,13,13,30,,Anger
0.5,8,8,13,30,4,8,13,13,45,,Happy
0.5,8,13,13,45,4,8,13,13,30,,Neutral
0.5,4,8,13,30,0.5,4,13,22,30,,Anger
4,4,8,30,30,4,4,8,13,30,,Anger
4,4,8,13,30,4,4,13,13,31,,Happy
0.5,4,8,13,30,4,8,8,30,30,,Anger
0.5,4,8,13,30,0.5,8,8,13,30,,Anger
0.5,4,8,13,30,0.5,8,8,13,30,,Anger
0.5,4,8,13,30,4,4,13,13,30,,Anger
4,4,8,30,30,4,8,13,30,30,,Anger
1,4,8,13,30,4,8,8,13,30,,Happy
4,8,13,30,30,0.5,8,8,13,45,,Anger
4,8,13,16,30,4,4,13,18,45,,Sad
0.5,8,13,13,30,4,4,8,13,30,,Happy
4,4,8,30,30,0.5,8,13,13,30,,Anger
0.5,8,13,13,30,0.5,4,13,13,30,,Neutral
4,8,9,30,30,4,4,9,13,30,,Anger
0.5,4,8,13,30,0.5,8,13,30,45,,Anger
0.5,4,8,13,30,0.5,4,8,13,30,,Anger
0.5,4,8,13,30,4,4,8,13,30,,Happy
3,4,8,13,30,4,8,8,13,30,,Happy
0.5,4,8,13,30,0.5,4,8,30,30,,Anger
0.5,4,13,13,30,0.5,8,13,13,45,,Neutral
0.5,8,13,13,30,0.5,4,13,13,30,,Neutral
2,8,8,13,30,0.5,4,13,13,45,,Happy
0.5,4,8,13,30,0.5,4,8,13,30,,Anger
0.5,8,13,13,45,4,4,13,13,32,,Neutral
4,4,8,19,45,0.5,8,13,30,30,,Anger
4,8,13,30,30,0.5,8,8,21,30,,Sad
4,4,8,17,30,0.5,4,8,13,30,,Anger
0.5,4,8,13,45,0.5,4,8,13,30,,Anger
0.5,4,13,13,30,0.5,8,13,13,30,,Neutral
0.5,8,13,13,30,0.5,4,8,13,30,,Anger
0.5,6,13,13,30,0.5,8,13,13,45,,Neutral
0.5,8,13,13,30,4,4,13,13,30,,Neutral
4,8,13,13,30,0.5,8,13,13,45,,Neutral
0.5,8,13,13,30,4,8,13,13,30,,Neutral
4,8,13,30,30,4,4,8,13,30,,Anger
0.5,7,13,13,30,0.5,4,13,13,31,,Neutral
0.5,4,8,13,30,4,4,13,13,30,,Anger
0.5,4,8,13,30,0.5,4,8,30,30,,Anger
0.5,4,8,13,30,0.5,8,8,13,30,,Anger
0.5,4,8,13,30,0.5,4,13,13,30,,Anger
0.5,8,13,13,45,0.5,4,13,13,45,,Neutral
0.5,4,8,13,30,3,4,8,13,30,,Happy
0.5,4,8,13,30,0.5,8,8,13,33,,Anger
0.5,8,13,13,30,0.5,4,13,13,45,,Neutral
0.5,8,13,13,30,0.5,8,8,13,30,,Anger
0.5,8,8,13,45,0.5,4,13,13,30,,Happy
0.5,8,13,13,45,4,8,13,13,30,,Neutral
4,4,13,19,30,4,4,8,13,30,,Anger
0.5,4,8,30,30,0.5,8,8,13,45,,Sad
4,4,8,30,30,0.5,8,8,13,30,,Anger
4,8,13,30,35,4,4,13,30,30,,Sad
0.5,4,8,13,30,0.5,4,8,13,30,,Anger
0.5,4,13,13,30,4,4,13,13,45,,Neutral
0.5,4,8,13,30,0.5,4,13,13,30,,Anger
0.5,8,13,13,45,4,4,13,30,30,,Anger
0.5,4,8,13,30,0.5,4,12,13,30,,Anger
0.5,8,13,13,30,0.5,4,13,13,30,,Neutral
0.5,4,8,13,45,4,4,8,13,30,,Happy
4,4,8,30,36,4,8,13,30,30,,Anger
0.5,4,8,13,30,4,4,8,13,30,,Happy
0.5,4,8,13,30,4,8,8,30,45,,Anger
4,8,13,30,30,0.5,8,8,30,30,,Sad
4,8,13,13,30,4,4,8,30,30,,Happy
0.5,8,13,13,30,4,4,13,30,30,,Happy
4,8,13,30,30,4,8,8,13,30,,Sad
0.5,4,10,13,30,0.5,4,8,13,30,,Anger
4,4,8,30,45,2,8,8,13,30,,Anger
0.5,8,13,13,30,0.5,4,8,13,30,,Anger
2,8,13,13,30,4,8,8,30,30,,Happy
4,8,13,30,30,0.5,4,8,13,30,,Anger
4,4,8,30,45,4,8,8,13,45,,Anger
4,8,13,18,45,0.5,8,13,30,40,,Happy
4,8,13,30,30,0.5,8,8,21,30,,Sad
0.5,4,8,13,30,0.5,4,8,13,30,,Anger
0.5,4,8,13,37,0.5,4,8,13,30,,Anger
0.5,8,13,13,30,0.5,4,13,13,30,,Neutral
4,4,8,30,30,0.5,4,12,13,30,,Anger
4,4,8,30,45,0.5,8,8,30,30,,Anger
0.5,8,13,13,45,0.5,4,13,13,45,,Neutral
0.5,4,8,13,30,4,4,8,13,30,,Happy
0.5,8,13,13,30,4,4,13,13,30,,Neutral
0.5,8,13,13,45,0.5,4,13,13,45,,Neutral
4,4,8,30,30,0.5,8,13,30,45,,Anger
0.5,4,8,13,30,4,8,13,30,30,,Anger
0.5,4,8,13,30,0.5,4,8,13,30,,Anger
0.5,8,13,13,30,4,4,13,13,45,,Neutral
0.5,8,13,13,45,4,8,13,13,45,,Neutral
0.5,4,8,13,30,0.5,4,8,13,30,,Anger
4,8,13,30,30,4,4,8,13,30,,Anger
0.5,8,13,13,45,4,8,13,13,30,,Neutral
0.5,4,8,13,30,0.5,8,12,18,30,,Anger
0.5,8,13,13,30,0.5,4,13,13,45,,Neutral
0.5,4,8,13,30,4,8,8,13,30,,Anger
0.5,8,13,13,30,4,8,13,13,30,,Neutral
0.5,8,13,13,45,0.5,4,8,13,30,,Sad
4,8,13,30,30,4,8,13,16,30,,Sad
4,8,13,30,30,4,8,13,13,45,,Happy
0.5,4,8,13,30,0.5,4,8,13,30,,Anger
0.5,4,8,13,45,4,4,13,13,30,,Happy
4,8,13,13,30,0.5,8,13,13,30,,Neutral
0.5,8,13,13,30,0.5,4,13,13,45,,Neutral
3,4,8,13,36,0.5,4,13,13,30,,Anger
4,4,8,25,45,4,4,8,30,45,,Anger
0.5,4,8,13,30,0.5,8,13,13,30,,Anger
4,8,13,30,30,0.5,4,8,13,30,,Anger
0.5,4,8,13,45,0.5,4,8,13,30,,Anger
0.5,8,13,13,45,0.5,8,13,13,30,,Neutral
4,4,8,25,30,0.5,8,13,30,30,,Anger
0.5,4,8,13,30,0.5,4,8,13,30,,Anger
0.5,4,8,13,30,0.5,4,8,13,45,,Happy
0.5,4,8,13,45,0.5,4,8,13,30,,Anger
0.5,8,13,13,45,0.5,4,13,13,30,,Neutral
0.5,8,13,13,45,0.5,8,13,13,30,,Neutral
0.5,8,13,13,30,4,4,13,13,45,,Neutral
0.5,4,13,13,30,4,8,13,13,45,,Neutral
0.5,8,13,13,30,0.5,4,13,13,45,,Neutral
0.5,8,13,13,30,4,8,13,13,30,,Neutral
0.5,4,8,13,30,4,8,13,13,30,,Anger
0.5,4,8,13,30,0.5,4,13,13,30,,Anger
4,4,8,26,30,0.5,6,8,13,30,,Anger
4,4,8,23,30,0.5,7,13,13,30,,Anger
4,4,8,30,30,0.5,8,13,13,30,,Anger
4,8,13,13,30,0.5,4,13,13,30,,Neutral
4,8,13,30,45,4,8,13,13,45,,Happy
0.5,8,13,13,30,3,8,8,13,30,,Happy
4,8,13,30,30,3,8,13,30,45,,Anger
0.5,8,13,13,30,4,4,8,13,30,,Happy
4,8,13,30,30,0.5,8,13,30,33,,Sad
0.5,4,8,13,30,0.5,4,13,13,30,,Anger
0.5,8,13,30,45,0.5,4,8,30,30,,Sad
4,8,13,30,45,4,4,13,13,30,,Sad
0.5,8,13,13,30,4,4,13,13,30,,Neutral
0.5,8,13,13,45,4,8,13,30,45,,Anger
0.5,7,13,13,30,0.5,4,8,13,45,,Anger
4,8,13,30,32,0.5,8,13,13,30,,Anger
0.5,4,8,13,30,0.5,4,8,13,30,,Anger
4,4,8,30,30,0.5,8,13,30,30,,Anger
4,8,13,30,30,4,8,13,13,45,,Happy
0.5,4,8,13,30,4,4,8,13,30,,Happy
0.5,4,8,13,30,0.5,4,8,13,30,,Anger
4,8,12,27,30,3,4,13,14,30,,Sad
0.5,8,13,13,30,4,4,13,13,45,,Neutral
4,4,8,30,45,0.5,4,8,30,45,,Anger
4,4,8,30,30,4,8,13,30,30,,Anger
4,4,13,30,30,4,4,13,30,30,,Anger
0.5,8,13,13,30,0.5,4,13,13,30,,Neutral
3,8,13,13,30,0.5,8,13,13,30,,Neutral
0.5,4,8,13,42,0.5,4,8,13,45,,Anger
4,4,13,13,45,0.5,8,13,14,30,,Neutral
4,8,13,30,45,4,8,13,30,45,,Anger
0.5,8,13,13,30,0.5,4,13,13,30,,Neutral
0.5,8,13,13,45,4,4,8,30,45,,Anger
0.5,8,13,13,30,4,8,8,13,31,,Happy
0.5,8,13,13,30,0.5,4,8,13,30,,Anger
0.5,8,13,13,35,4,4,8,18,35,,Happy
0.5,4,8,13,30,4,4,8,13,30,,Happy
0.5,8,13,13,30,0.5,8,13,30,45,,Anger
0.5,8,13,13,37,4,8,13,13,45,,Neutral
0.5,8,13,13,30,4,4,8,13,45,,Sad
4,8,9,30,45,4,4,8,13,30,,Anger
0.5,8,13,13,30,2,4,13,13,30,,Neutral
0.5,4,8,13,30,0.5,8,8,30,30,,Anger
0.5,4,8,13,30,4,4,13,14,45,,Sad
0.5,8,13,13,45,0.5,8,13,13,30,,Neutral
4,8,13,30,30,4,4,8,13,45,,Anger
4,4,8,13,30,3,8,13,30,30,,Anger
4,8,13,13,30,0.5,8,13,13,30,,Neutral
0.5,8,13,22,30,0.5,8,8,13,30,,Sad
0.5,8,13,13,45,4,8,13,13,30,,Neutral
0.5,8,8,13,30,4,4,13,13,44,,Sad
4,8,13,23,30,0.5,8,13,26,45,,Sad
0.5,8,13,13,45,4,8,13,13,30,,Neutral
0.5,4,8,13,30,0.5,4,8,13,30,,Anger
4,4,8,14,30,0.5,8,13,30,45,,Anger
0.5,4,8,13,30,0.5,4,8,13,30,,Anger
0.5,4,8,13,30,0.5,4,8,13,30,,Anger
4,8,13,30,34,4,8,13,30,43,,Anger
3,8,13,13,30,4,4,13,13,30,,Neutral
0.5,4,8,13,30,0.5,8,8,13,30,,Anger
0.5,8,13,13,30,0.5,4,13,13,45,,Neutral
0.5,8,8,13,30,0.5,4,8,13,30,,Happy
0.5,8,13,13,30,0.5,4,8,13,45,,Anger
0.5,8,13,13,30,4,8,13,13,30,,Neutral
0.5,8,13,13,30,0.5,4,13,13,30,,Neutral
0.5,8,13,13,30,0.5,8,13,30,30,,Anger
0.5,8,13,13,30,4,8,13,13,45,,Neutral
4,5,8,15,30,3,8,8,29,30,,Anger
0.5,4,8,13,30,0.5,4,8,13,30,,Anger
4,4,8,13,30,0.5,7,12,13,30,,Anger
0.5,4,8,13,33,0.5,4,8,13,37,,Anger
0.5,8,13,13,30,4,4,8,13,30,,Happy
4,8,13,30,30,4,4,13,13,30,,Sad
0.5,4,8,13,30,0.5,8,13,30,45,,Anger
0.5,4,8,13,30,4,4,8,13,30,,Happy
0.5,8,13,13,45,4,4,13,13,45,,Neutral
0.5,8,13,30,45,4,8,8,30,45,,Anger
4,8,9,30,30,4,4,8,30,30,,Anger
0.5,8,13,13,30,0.5,8,13,13,45,,Neutral
4,4,8,14,30,4,8,13,29,30,,Anger
0.5,8,13,13,30,0.5,8,13,13,30,,Neutral
0.5,8,13,13,45,4,4,8,13,30,,Anger
0.5,4,8,13,30,0.5,4,13,13,30,,Anger
4,4,8,30,30,4,8,13,28,30,,Anger
4,8,13,16,30,4,7,13,13,30,,Sad
4,4,8,30,30,0.5,4,8,13,30,,Anger
4,8,13,30,30,0.5,4,13,13,43,,Anger
0.5,4,8,13,30,0.5,4,10,13,30,,Anger
0.5,8,13,13,30,0.5,4,13,13,30,,Neutral
4,4,8,30,30,0.5,8,13,13,30,,Anger
0.5,8,13,13,45,0.5,4,13,13,30,,Neutral
0.5,8,13,13,30,4,8,13,13,30,,Neutral
0.5,8,13,13,30,4,4,8,13,30,,Happy
0.5,8,13,13,30,4,4,13,13,45,,Neutral
0.5,4,8,13,30,0.5,4,8,30,30,,Anger
4,4,8,13,30,4,8,8,23,30,,Happy
4,8,13,13,30,2,4,13,30,30,,Anger
0.5,8,13,13,45,4,8,13,13,30,,Neutral
0.5,4,8,13,30,0.5,4,8,13,30,,Anger
0.5,4,8,13,30,0.5,8,8,30,30,,Anger
0.5,8,13,13,37,4,7,13,13,32,,Neutral
0.5,8,13,13,45,0.5,8,13,13,30,,Neutral
0.5,4,8,13,30,0.5,4,8,13,30,,Anger
4,4,8,13,45,4,4,13,13,30,,Anger
0.5,4,8,13,30,0.5,8,13,30,30,,Anger
4,8,13,30,30,0.5,8,8,30,41,,Sad
4,8,8,13,30,4,8,9,16,30,,Happy
0.5,4,8,13,30,4,8,8,29,30,,Anger
0.5,4,8,13,30,4,8,8,20,45,,Anger
4,8,13,30,30,0.5,8,8,30,30,,Sad
4,4,8,30,43,4,4,13,13,30,,Anger
0.5,4,8,13,30,0.5,4,8,13,30,,Anger
0.5,8,13,13,30,0.5,4,13,13,45,,Neutral
4,4,8,13,30,4,4,8,13,30,,Happy
0.5,8,13,13,30,0.5,4,8,13,45,,Anger
4,4,8,13,30,0.5,8,8,30,30,,Anger
4,8,13,13,30,0.5,4,11,23,30,,Anger
0.5,4,8,13,45,4,8,13,30,30,,Anger
0.5,8,13,13,30,0.5,8,13,30,30,,Anger
0.5,8,13,13,45,4,4,8,13,45,,Happy
4,8,13,13,30,0.5,4,13,13,45,,Neutral
0.5,8,13,13,30,4,4,13,13,30,,Neutral
4,4,8,30,30,0.5,4,13,30,30,,Anger
4,8,8,30,45,4,8,13,30,45,,Anger
4,5,13,13,30,0.5,4,13,13,45,,Neutral
0.5,4,8,13,45,4,8,13,30,30,,Anger
4,8,13,13,30,0.5,8,13,13,45,,Neutral
0.5,8,13,13,30,4,8,13,13,45,,Neutral
0.5,4,8,13,34,0.5,4,8,13,39,,Anger
4,4,11,30,30,4,8,13,30,45,,Anger
0.5,4,8,13,30,4,4,13,13,30,,Anger
4,4,8,30,45,4,4,13,15,30,,Happy
0.5,4,8,13,45,0.5,8,13,13,45,,Sad
0.5,4,8,13,30,4,8,8,18,30,,Anger
0.5,8,13,13,30,4,4,8,30,45,,Happy
0.5,4,13,13,45,0.5,4,13,13,30,,Neutral
0.5,4,8,13,30,0.5,4,8,13,30,,Anger
0.5,4,13,13,45,4,4,13,13,30,,Neutral
0.5,8,13,13,45,4,4,13,13,30,,Neutral
0.5,8,13,13,45,4,4,8,13,45,,Happy
0.5,8,13,13,30,0.5,8,8,18,45,,Sad
0.5,4,13,13,30,0.5,4,8,13,30,,Anger
4,4,8,30,33,0.5,8,13,30,30,,Anger
0.5,4,8,13,37,0.5,4,8,22,30,,Anger
0.5,8,13,13,30,4,4,13,13,45,,Neutral
0.5,8,13,13,30,0.5,4,13,13,35,,Neutral
3,8,13,13,30,4,8,13,30,30,,Anger
0.5,8,13,13,30,0.5,8,8,13,45,,Anger
0.5,4,8,13,30,0.5,4,8,13,30,,Anger
0.5,4,8,13,45,0.5,8,8,30,30,,Anger
4,8,13,27,30,4,4,8,13,30,,Anger
0.5,8,13,13,45,0.5,4,13,13,30,,Neutral
4,4,8,26,32,4,4,8,28,30,,Anger
0.5,4,8,13,45,0.5,8,8,30,45,,Anger
0.5,4,8,13,30,0.5,8,8,27,45,,Anger
0.5,8,13,13,30,4,8,13,13,30,,Neutral
4,4,8,30,30,4,4,8,17,30,,Anger
0.5,4,11,13,30,0.5,4,8,13,30,,Anger
4,8,10,19,30,0.5,8,8,13,30,,Anger
4,4,8,28,30,4,8,8,13,30,,Anger
4,4,8,30,30,0.5,4,8,13,30,,Anger
0.5,4,8,13,30,4,8,13,13,30,,Anger
0.5,8,13,13,45,4,8,13,13,30,,Neutral
4,8,13,13,45,0.5,4,13,13,30,,Neutral
0.5,8,13,13,30,0.5,4,13,13,30,,Neutral
4,8,13,30,30,0.5,8,8,30,30,,Sad
4,4,8,30,30,4,8,13,13,30,,Anger
0.5,8,13,13,30,4,8,13,13,45,,Neutral
4,8,13,30,30,0.5,8,13,30,30,,Sad
3,8,13,13,30,4,4,13,13,30,,Neutral
0.5,8,13,13,30,0.5,4,13,13,30,,Neutral
0.5,4,8,13,30,4,4,13,13,30,,Anger
0.5,4,8,13,30,0.5,4,8,13,30,,Anger
0.5,4,10,30,45,0.5,4,8,13,30,,Sad
0.5,8,13,13,45,4,8,13,13,30,,Neutral
4,8,13,30,30,4,4,13,30,45,,Happy
0.5,8,13,13,30,0.5,4,8,13,30,,Anger
2,8,13,13,32,4,8,13,13,36,,Neutral
0.5,8,13,13,45,0.5,8,13,13,45,,Neutral
4,4,8,30,30,4,4,13,30,45,,Anger
4,4,8,30,30,4,4,13,13,38,,Anger
0.5,8,11,13,30,4,4,8,13,30,,Happy
4,4,8,21,45,4,4,8,13,30,,Anger
0.5,4,8,13,30,0.5,4,13,30,30,,Anger
0.5,4,8,13,30,1,8,8,13,30,,Anger
4,8,13,30,45,4,8,13,30,30,,Anger
0.5,8,13,13,30,0.5,4,8,13,30,,Anger
0.5,8,13,13,30,2,8,8,30,30,,Happy
4,8,13,16,30,0.5,4,13,13,30,,Sad
4,4,8,30,30,0.5,8,13,30,30,,Anger
0.5,4,8,13,30,0.5,4,13,13,30,,Anger
0.5,8,13,13,30,4,4,8,13,30,,Happy
0.5,4,8,13,45,0.5,4,13,30,30,,Anger
0.5,8,13,13,30,4,8,8,30,45,,Happy
0.5,4,13,13,30,0.5,4,13,13,30,,Neutral
4,8,13,30,30,4,8,13,30,30,,Sad
4,8,13,30,30,4,4,8,13,30,,Anger
4,8,8,15,30,4,8,8,30,30,,Anger
0.5,4,13,13,45,0.5,8,8,30,30,,Sad
0.5,8,13,13,30,4,4,13,13,30,,Neutral
0.5,4,8,13,30,0.5,8,8,13,30,,Anger
0.5,4,8,13,30,0.5,4,8,13,30,,Anger
0.5,8,13,13,45,0.5,4,13,13,30,,Neutral
0.5,8,13,13,45,4,8,13,13,30,,Neutral
4,4,8,13,30,0.5,4,8,30,30,,Anger
0.5,4,8,13,30,4,8,8,30,30,,Anger
4,8,13,13,45,4,8,8,13,30,,Anger
0.5,4,8,13,45,4,8,8,13,30,,Anger
1,8,13,30,30,4,4,13,13,30,,Anger
4,5,8,13,33,4,4,8,13,30,,Happy
0.5,4,8,13,30,0.5,8,13,13,30,,Anger
0.5,4,8,13,30,0.5,6,8,13,30,,Anger
0.5,4,8,13,30,0.5,4,8,13,30,,Anger
0.5,8,13,13,45,4,4,13,13,30,,Neutral
0.5,4,8,13,38,0.5,4,8,13,30,,Anger
0.5,4,8,13,30,4,4,8,29,30,,Happy
0.5,8,11,13,30,4,4,8,13,30,,Happy
0.5,8,11,13,30,0.5,4,8,13,30,,Anger
0.5,4,8,13,45,0.5,4,13,13,30,,Happy
0.5,4,8,13,45,4,4,12,13,30,,Happy
0.5,4,8,13,45,4,8,8,13,30,,Anger
4,4,8,19,45,0.5,8,13,30,30,,Anger
4,4,8,30,30,4,8,13,13,30,,Anger
4,4,8,18,30,4,8,13,30,30,,Anger
4,4,8,30,43,4,4,13,13,45,,Anger
0.5,8,13,13,45,4,4,8,22,36,,Happy
0.5,4,8,13,45,4,4,8,30,30,,Anger
0.5,4,8,13,45,4,4,8,30,30,,Anger
0.5,4,8,13,45,4,4,8,17,45,,Anger
0.5,8,13,13,30,4,4,13,13,30,,Neutral
0.5,8,13,13,30,4,4,13,13,30,,Neutral
4,5,8,15,30,3,8,8,29,30,,Anger
0.5,4,8,13,30,0.5,4,8,13,30,,Anger
4,4,8,30,45,4,4,13,13,30,,Anger
0.5,4,8,13,30,0.5,4,8,13,30,,Anger
4,4,8,30,45,0.5,4,13,13,30,,Anger
0.5,8,13,13,30,0.5,8,13,30,45,,Anger
0.5,4,13,13,45,0.5,4,13,13,30,,Neutral
0.5,4,8,30,30,4,7,8,30,45,,Anger
0.5,8,13,13,30,4,4,13,13,30,,Neutral
4,4,8,30,45,0.5,4,8,13,45,,Anger
0.5,8,13,13,30,0.5,4,13,13,30,,Neutral
4,4,8,14,30,4,8,8,30,30,,Anger
0.5,8,13,14,45,4,8,8,30,45,,Anger
4,8,13,30,30,4,8,8,13,45,,Happy
0.5,4,8,13,30,4,4,8,13,30,,Happy
0.5,8,13,13,30,4,4,8,13,30,,Happy
0.5,4,8,13,30,4,4,8,30,45,,Anger
0.5,4,8,13,30,0.5,4,8,13,30,,Anger
0.5,4,8,13,30,0.5,4,13,13,30,,Anger
4,8,8,13,30,4,8,13,30,30,,Anger
4,4,8,30,45,0.5,8,8,30,30,,Anger
0.5,4,8,13,30,0.5,4,8,13,30,,Anger
0.5,4,8,13,30,0.5,4,8,13,30,,Anger
4,8,8,30,30,0.5,4,8,13,30,,Anger
4,8,13,13,45,4,8,13,30,45,,Happy
4,4,8,30,30,0.5,4,13,13,30,,Anger
0.5,8,13,13,30,0.5,4,8,13,45,,Anger
4,8,13,30,45,0.5,4,13,13,30,,Sad
4,4,13,13,45,0.5,8,13,13,45,,Neutral
0.5,8,13,13,45,0.5,4,13,13,30,,Neutral
0.5,8,13,13,37,0.5,8,8,13,30,,Anger
0.5,8,13,13,30,2,4,8,13,35,,Happy
0.5,8,13,13,30,0.5,4,13,13,30,,Neutral
4,4,13,13,30,4,4,13,13,40,,Neutral
4,8,13,30,30,0.5,8,8,30,30,,Sad
0.5,5,13,13,30,4,8,8,30,30,,Happy
0.5,4,8,13,30,0.5,4,13,13,30,,Anger
0.5,4,13,13,30,0.5,8,8,30,45,,Sad
0.5,8,13,13,30,0.5,4,13,13,30,,Neutral
4,4,8,30,30,4,4,13,13,30,,Anger
0.5,4,8,13,45,0.5,4,8,13,30,,Anger
0.5,8,13,13,30,4,4,8,13,45,,Sad
0.5,8,13,13,30,4,4,13,13,37,,Neutral
0.5,8,13,13,45,4,8,8,30,30,,Happy
0.5,4,8,13,45,4,4,13,13,30,,Happy
4,8,13,13,30,0.5,4,13,13,30,,Neutral
0.5,4,8,13,30,0.5,4,8,21,30,,Anger
0.5,4,8,13,30,4,4,8,13,30,,Happy
0.5,8,8,13,30,0.5,4,13,13,30,,Anger
0.5,8,13,13,30,4,4,8,13,30,,Happy
4,4,8,30,30,4,8,13,13,45,,Anger
0.5,4,8,18,43,4,4,8,13,45,,Happy
0.5,8,11,13,38,4,4,13,13,30,,Happy
0.5,8,13,13,30,4,4,13,13,30,,Neutral
0.5,8,13,13,30,4,4,13,13,30,,Neutral
0.5,4,8,13,30,0.5,8,8,13,30,,Anger
0.5,8,13,13,30,4,4,8,13,45,,Sad
4,4,8,24,30,0.5,8,13,28,30,,Anger
4,8,13,30,30,0.5,8,8,13,30,,Anger
0.5,8,13,13,32,4,4,8,13,30,,Happy
0.5,4,8,13,45,4,4,13,13,30,,Happy
0.5,4,8,13,30,4,4,8,13,30,,Happy
0.5,8,13,13,30,0.5,4,13,13,30,,Neutral
0.5,4,8,13,30,0.5,5,8,13,30,,Anger
0.5,8,13,13,30,0.5,8,13,13,45,,Neutral
0.5,8,13,13,45,4,8,13,30,45,,Anger
4,4,8,30,30,4,8,13,20,45,,Anger
0.5,6,13,13,30,0.5,4,13,13,30,,Neutral
0.5,8,13,13,30,0.5,4,13,13,30,,Neutral
0.5,4,8,13,30,4,8,8,27,30,,Anger
0.5,6,13,13,45,4,8,13,13,30,,Neutral
0.5,8,13,13,30,0.5,4,8,13,37,,Anger
0.5,8,13,13,30,0.5,8,13,13,45,,Neutral
0.5,8,13,13,45,4,8,13,13,30,,Neutral
4,8,13,13,45,4,4,13,13,30,,Neutral
0.5,4,8,13,30,0.5,4,8,13,30,,Anger
0.5,8,13,13,30,0.5,4,13,13,45,,Neutral
4,8,13,30,30,4,4,8,30,45,,Happy
4,8,13,30,30,4,4,13,13,30,,Sad
0.5,8,13,13,30,0.5,8,13,30,30,,Anger
4,8,13,30,30,0.5,4,8,30,30,,Sad
0.5,4,8,13,30,4,8,8,30,30,,Anger
4,4,8,13,30,4,4,13,13,30,,Happy
4,8,13,24,45,4,8,13,30,30,,Anger
4,8,13,30,30,4,8,13,30,30,,Sad
0.5,4,8,13,45,4,4,8,13,45,,Anger
0.5,8,13,13,39,4,8,13,13,45,,Neutral
4,8,13,15,30,4,8,8,30,45,,Happy
4,8,13,30,45,4,4,13,13,45,,Happy
0.5,4,8,13,30,0.5,4,8,13,30,,Anger
0.5,8,13,13,30,4,8,13,13,30,,Neutral
0.5,8,8,13,45,0.5,4,8,13,30,,Happy
4,4,8,22,44,0.5,8,8,16,30,,Anger
0.5,4,8,13,30,0.5,4,8,13,30,,Anger
4,4,8,29,30,0.5,8,8,13,30,,Anger
0.5,4,8,13,30,4,4,13,13,30,,Anger
0.5,8,13,30,30,4,8,8,13,45,,Sad
0.5,4,8,13,30,0.5,4,8,13,30,,Anger
0.5,8,13,13,45,4,4,13,13,30,,Neutral
0.5,4,8,13,30,0.5,8,8,30,45,,Anger
0.5,4,13,13,45,4,8,8,30,44,,Anger
0.5,4,8,13,30,4,8,8,13,45,,Anger
4,4,8,15,30,0.5,4,13,13,30,,Anger
0.5,8,13,13,30,4,4,13,13,30,,Neutral
4,8,13,30,45,4,4,13,13,45,,Happy
0.5,8,13,13,30,0.5,8,13,13,45,,Neutral
0.5,4,8,13,30,0.5,4,8,13,30,,Anger
0.5,4,8,13,30,0.5,4,13,13,30,,Anger
4,8,13,23,45,0.5,4,13,30,45,,Happy
3,4,8,13,30,0.5,8,13,22,30,,Anger
0.5,4,8,13,30,0.5,4,8,25,30,,Anger
4,8,13,30,30,4,4,8,30,30,,Sad
0.5,8,13,13,30,4,4,13,13,45,,Neutral
0.5,8,13,13,30,0.5,4,13,13,30,,Neutral
4,8,13,13,30,0.5,8,13,30,30,,Anger
4,8,13,30,30,0.5,4,8,13,30,,Anger
4,4,10,30,30,4,8,13,30,45,,Anger
4,7,13,30,30,0.5,8,13,30,30,,Sad
4,8,13,30,45,4,8,13,30,45,,Anger
4,8,13,30,30,4,8,13,30,30,,Sad
0.5,4,8,13,30,0.5,8,8,13,30,,Anger
0.5,4,8,13,30,0.5,4,8,13,30,,Anger
4,8,13,30,45,0.5,4,13,13,30,,Sad
4,4,8,23,30,4,4,8,13,30,,Anger
0.5,8,13,13,45,4,8,13,13,30,,Neutral
0.5,4,8,13,30,0.5,8,13,30,30,,Anger
4,4,8,30,30,4,4,8,13,30,,Anger
0.5,4,8,13,30,0.5,4,8,13,30,,Anger
4,4,8,13,30,4,4,13,13,30,,Happy
4,8,13,30,30,0.5,8,13,30,30,,Sad
0.5,8,13,13,30,0.5,4,13,13,30,,Neutral
4,8,13,30,45,4,8,13,30,45,,Anger
4,8,13,13,30,4,4,9,13,30,,Anger
0.5,4,8,13,30,4,4,8,13,30,,Happy
0.5,8,13,13,39,0.5,4,13,13,30,,Neutral
0.5,8,13,13,30,4,8,13,13,45,,Neutral
0.5,4,8,13,45,4,4,8,13,30,,Happy
0.5,4,8,13,30,0.5,4,8,13,30,,Anger
0.5,8,13,13,45,0.5,4,13,13,30,,Neutral
4,4,8,30,30,0.5,8,13,30,45,,Anger
0.5,4,8,13,30,0.5,4,8,30,30,,Anger
0.5,8,13,13,30,4,8,13,13,30,,Neutral
0.5,4,8,13,30,4,4,11,30,30,,Anger
4,4,8,30,30,0.5,4,8,13,30,,Anger
4,4,8,26,30,4,4,8,13,30,,Anger
0.5,8,13,13,30,4,8,13,13,30,,Neutral
4,8,13,13,45,0.5,4,13,13,30,,Neutral
0.5,4,8,13,30,0.5,4,8,13,30,,Anger
0.5,8,13,13,45,4,4,13,13,30,,Neutral
0.5,4,13,13,45,4,4,8,13,30,,Sad
4,8,13,14,30,0.5,4,8,13,45,,Anger
4,4,8,30,30,4,8,13,30,45,,Anger
0.5,4,8,13,30,0.5,4,13,13,30,,Anger
0.5,8,13,13,30,0.5,4,13,13,30,,Neutral
0.5,8,13,13,30,4,4,13,13,30,,Neutral
0.5,4,8,13,30,0.5,8,8,30,45,,Anger
4,5,8,15,30,3,8,8,29,30,,Anger
0.5,8,13,13,30,0.5,4,8,13,40,,Anger
0.5,8,13,13,30,4,8,13,13,45,,Neutral
0.5,4,8,13,45,0.5,8,13,13,30,,Anger
0.5,8,13,13,30,4,4,13,13,37,,Neutral
4,4,8,22,45,0.5,4,13,13,30,,Anger
0.5,8,13,13,45,4,8,13,13,30,,Neutral
0.5,8,13,13,30,4,4,8,13,44,,Sad
4,4,13,30,45,2,8,13,13,30,,Sad
0.5,4,8,13,30,4,8,13,13,30,,Anger
4,8,13,30,45,4,8,8,30,30,,Happy
4,4,8,30,30,0.5,4,13,13,30,,Anger
4,4,8,30,45,4,8,13,13,30,,Happy
0.5,8,13,13,30,4,4,13,13,37,,Neutral
4,4,8,30,30,0.5,4,13,13,30,,Anger
0.5,4,8,13,30,4,8,8,13,30,,Anger
4,4,8,30,45,4,4,13,13,30,,Anger
0.5,8,13,13,30,4,8,13,13,30,,Neutral
4,8,13,13,30,0.5,8,13,13,30,,Neutral
0.5,8,13,13,30,0.5,4,13,13,30,,Neutral
0.5,4,8,13,30,0.5,4,8,13,30,,Anger
4,4,8,13,30,4,8,8,13,30,,Happy
0.5,8,13,13,30,0.5,4,8,13,30,,Anger
0.5,8,13,13,30,4,4,8,13,30,,Happy
4,4,8,30,30,0.5,8,13,30,30,,Anger
4,8,13,13,45,0.5,4,13,13,45,,Neutral
4,4,8,30,30,0.5,4,8,13,30,,Anger
4,4,8,30,45,0.5,4,8,13,45,,Anger
0.5,8,13,13,30,0.5,8,13,30,45,,Anger
4,4,8,13,45,4,4,13,30,30,,Anger
0.5,8,13,13,45,4,4,13,13,34,,Neutral
4,4,8,30,43,4,8,13,13,30,,Happy
4,8,13,30,40,4,8,8,13,31,,Sad
4,4,8,30,45,4,8,8,21,30,,Anger
4,4,8,17,30,0.5,4,8,13,30,,Anger
4,4,8,30,30,0.5,8,8,30,30,,Anger
0.5,8,13,13,30,4,4,13,13,30,,Neutral
0.5,8,13,13,45,0.5,4,13,13,45,,Neutral
0.5,4,8,13,30,0.5,4,8,13,30,,Anger
4,8,13,30,30,0.5,4,8,30,30,,Sad
0.5,8,13,13,30,4,4,8,13,30,,Happy
0.5,8,13,13,30,0.5,4,13,13,45,,Neutral
4,4,8,13,30,4,4,8,13,45,,Happy
0.5,4,8,13,30,0.5,8,8,30,30,,Anger
0.5,8,13,13,30,4,8,13,13,45,,Neutral
0.5,8,13,13,30,0.5,4,8,13,30,,Anger
4,4,8,13,30,0.5,4,8,27,30,,Anger
4,4,8,13,30,4,4,10,13,30,,Happy
0.5,8,13,13,45,0.5,8,8,30,30,,Anger
0.5,8,13,13,45,4,4,13,13,45,,Neutral
4,8,13,13,45,4,8,13,13,45,,Neutral
4,4,13,18,30,0.5,4,8,13,30,,Anger
4,8,13,30,30,3,8,13,30,45,,Anger
0.5,8,11,13,30,0.5,8,8,13,30,,Anger
0.5,8,13,13,30,0.5,8,13,13,30,,Neutral
2,8,13,13,45,4,8,13,30,30,,Anger
4,4,8,30,30,4,8,8,30,30,,Anger
4,8,8,30,30,4,8,13,30,30,,Anger
4,8,12,27,30,3,4,13,14,30,,Sad
4,4,8,30,30,0.5,8,8,30,30,,Anger
0.5,4,8,13,30,0.5,4,8,21,30,,Anger
0.5,8,13,13,30,4,4,13,13,30,,Neutral
0.5,8,13,13,30,0.5,4,13,13,30,,Neutral
0.5,8,13,13,30,4,8,13,30,45,,Anger
4,4,8,30,30,0.5,8,13,13,30,,Anger
0.5,8,13,13,30,0.5,4,13,13,30,,Neutral
0.5,4,8,13,30,4,8,8,13,45,,Anger
0.5,8,13,13,45,0.5,4,8,13,30,,Sad
4,8,13,30,30,0.5,8,8,21,30,,Sad
0.5,8,13,13,30,0.5,4,13,13,45,,Neutral
4,8,8,30,30,0.5,8,13,30,30,,Anger
0.5,4,8,13,30,4,8,13,30,37,,Anger
4,8,13,30,30,0.5,8,13,30,30,,Sad
0.5,4,13,13,30,4,4,13,13,30,,Neutral
4,8,13,13,30,0.5,4,13,13,45,,Neutral
4,4,13,26,30,4,8,8,13,30,,Anger
4,8,13,30,30,4,8,8,13,30,,Sad
4,8,13,30,30,4,8,13,30,30,,Sad
0.5,4,13,13,30,0.5,4,13,13,45,,Neutral
4,8,13,14,30,4,8,13,13,30,,Neutral
4,4,8,30,30,4,4,13,13,34,,Anger
0.5,4,13,13,45,4,8,13,13,30,,Neutral
4,8,13,30,45,0.5,8,8,30,30,,Sad
0.5,8,8,13,30,0.5,8,8,13,45,,Happy
0.5,4,8,13,30,0.5,4,9,13,30,,Anger
4,4,8,30,45,0.5,8,13,30,30,,Anger
0.5,8,13,13,45,4,8,13,13,30,,Neutral
4,4,8,30,30,4,4,13,30,45,,Anger
0.5,8,13,13,30,4,4,8,13,30,,Happy
3,8,13,23,45,4,4,8,13,35,,Anger
4,8,8,30,45,4,8,13,13,30,,Happy
0.5,4,8,13,30,0.5,4,8,13,30,,Anger
0.5,4,8,13,41,0.5,4,13,13,30,,Anger
0.5,8,13,13,45,0.5,4,13,13,45,,Neutral
4,4,13,13,30,4,8,13,13,30,,Neutral
4,4,8,30,30,4,8,13,30,30,,Anger
0.5,8,13,13,45,4,8,8,30,30,,Happy
4,8,13,30,30,3,4,11,19,30,,Sad
0.5,8,13,13,30,0.5,4,8,13,45,,Anger
0.5,4,8,13,30,4,4,8,13,30,,Happy
0.5,4,8,13,30,0.5,4,13,30,45,,Anger
2,8,13,13,32,0.5,8,13,30,33,,Anger
0.5,8,13,13,30,0.5,8,13,13,30,,Neutral
0.5,8,13,13,30,0.5,4,8,13,30,,Anger
0.5,8,13,13,30,4,8,13,27,45,,Anger
0.5,4,8,13,30,0.5,4,8,13,30,,Anger
0.5,8,13,13,30,4,8,13,13,30,,Neutral
0.5,4,8,13,30,0.5,8,13,13,30,,Anger
0.5,4,8,13,30,4,8,13,30,37,,Anger
0.5,8,13,13,30,0.5,8,8,14,30,,Anger
0.5,4,8,13,40,4,4,8,13,30,,Happy
4,8,8,15,45,4,8,8,13,45,,Anger
0.5,4,8,13,30,4,4,8,30,45,,Anger
4,4,8,30,45,4,4,13,13,30,,Anger
4,8,13,14,30,4,8,13,24,45,,Anger
4,8,13,13,30,0.5,8,13,13,30,,Neutral
2,8,13,13,30,0.5,8,13,30,40,,Anger
0.5,8,13,13,30,0.5,4,13,30,45,,Sad
0.5,4,8,13,30,4,8,8,30,45,,Anger
0.5,4,8,13,45,0.5,8,8,30,45,,Anger
0.5,8,13,13,30,4,8,13,30,31,,Happy
0.5,4,8,17,30,4,8,8,13,30,,Anger
0.5,8,13,13,30,0.5,4,13,13,30,,Neutral
0.5,8,13,13,45,0.5,8,13,13,45,,Neutral
0.5,8,13,13,45,0.5,8,13,13,30,,Neutral
0.5,8,13,13,30,4,8,13,13,30,,Neutral
0.5,8,13,13,45,0.5,8,13,13,45,,Neutral
0.5,8,13,13,30,4,4,8,13,30,,Happy
0.5,4,8,13,30,0.5,4,8,13,30,,Anger
0.5,4,8,13,45,0.5,4,13,13,30,,Happy
4,8,13,13,33,4,8,13,13,30,,Neutral
0.5,8,13,13,33,0.5,4,13,13,35,,Neutral
0.5,8,13,13,45,0.5,8,13,13,30,,Neutral
0.5,8,13,13,30,0.5,8,8,13,45,,Anger
0.5,8,13,13,30,0.5,4,13,13,45,,Neutral
4,4,8,13,30,0.5,4,8,13,45,,Anger
0.5,4,8,13,30,0.5,8,8,26,34,,Anger
4,4,8,30,39,0.5,8,13,30,30,,Anger
0.5,8,13,13,43,4,8,13,13,45,,Neutral
0.5,4,8,13,30,0.5,4,8,13,30,,Anger
4,8,13,13,30,0.5,8,13,30,45,,Anger
0.5,4,13,13,30,0.5,8,13,13,45,,Neutral
4,4,8,29,30,0.5,4,8,13,45,,Anger
0.5,4,13,13,30,4,4,8,13,45,,Anger
0.5,4,8,13,30,0.5,4,8,13,30,,Anger
0.5,4,8,13,30,4,8,13,30,30,,Anger
0.5,4,8,13,45,4,4,8,13,30,,Happy
0.5,4,10,13,30,0.5,4,8,30,30,,Sad
0.5,8,13,13,30,0.5,4,8,13,45,,Anger
0.5,8,13,13,30,4,8,13,30,45,,Anger
4,7,8,30,30,4,4,8,13,30,,Anger
4,8,13,30,30,4,8,13,13,31,,Sad
0.5,4,8,13,30,0.5,8,8,30,30,,Anger
4,4,8,30,30,0.5,8,8,13,30,,Anger
0.5,8,13,13,30,4,4,8,13,30,,Happy
4,8,13,13,30,0.5,4,13,13,30,,Neutral
0.5,4,13,13,30,0.5,4,13,13,45,,Neutral
0.5,8,13,13,45,4,4,8,13,34,,Anger
0.5,4,8,13,30,0.5,4,8,13,30,,Anger
4,8,13,13,30,0.5,8,13,13,30,,Neutral
0.5,4,8,13,30,0.5,4,8,13,30,,Anger
0.5,8,13,13,30,0.5,8,13,30,30,,Anger
0.5,4,8,13,30,0.5,4,8,13,30,,Anger
4,8,8,13,30,0.5,4,8,18,30,,Anger
2,8,13,13,30,4,8,8,30,30,,Happy
0.5,4,8,13,30,0.5,4,8,13,30,,Anger
0.5,8,13,13,45,4,4,13,13,45,,Neutral
4,8,13,30,30,0.5,4,13,21,34,,Anger
0.5,4,8,13,30,4,8,13,30,30,,Anger
0.5,8,13,13,45,0.5,4,13,13,45,,Neutral
4,8,13,13,45,4,4,13,13,30,,Neutral
0.5,8,13,13,30,0.5,4,13,13,30,,Neutral
0.5,8,13,13,30,4,4,13,13,30,,Neutral
0.5,4,8,13,30,4,4,8,13,37,,Happy
0.5,8,13,13,45,0.5,4,13,13,30,,Neutral
0.5,8,13,13,30,4,4,8,30,30,,Happy
4,6,8,30,30,0.5,8,13,30,30,,Anger
0.5,8,13,13,30,0.5,8,8,30,45,,Sad
0.5,8,13,13,30,4,8,13,13,30,,Neutral
4,8,13,13,30,0.5,4,13,13,30,,Neutral
0.5,8,13,13,30,4,8,8,30,30,,Happy
0.5,8,13,13,30,0.5,8,13,13,45,,Neutral
4,4,8,13,30,4,8,13,21,30,,Sad
4,4,8,19,30,0.5,4,8,13,30,,Anger
4,4,8,13,30,4,8,13,13,30,,Happy
0.5,8,13,13,30,4,8,13,13,45,,Neutral
4,8,13,13,30,4,8,13,30,30,,Anger
0.5,8,13,13,45,4,4,13,13,32,,Neutral
0.5,4,8,13,30,0.5,8,13,30,34,,Anger
0.5,8,13,13,30,0.5,4,13,13,30,,Neutral
4,4,8,30,30,0.5,4,13,30,30,,Anger
0.5,4,11,13,30,0.5,4,8,13,30,,Anger
0.5,8,13,13,45,4,4,13,13,45,,Neutral
0.5,4,8,13,30,0.5,4,8,13,30,,Anger
4,8,13,19,30,4,4,8,13,30,,Anger
0.5,8,13,13,45,0.5,4,8,13,30,,Sad
4,4,8,23,30,4,4,8,13,30,,Anger
0.5,4,8,13,30,0.5,4,8,13,30,,Anger
4,8,13,13,39,4,4,13,13,30,,Neutral
4,8,13,13,39,4,5,13,13,37,,Neutral
4,8,13,30,45,4,4,8,13,45,,Anger
0.5,8,13,13,45,0.5,8,8,21,30,,Sad
4,4,8,30,30,0.5,4,8,13,30,,Anger
4,4,8,30,30,0.5,8,13,13,30,,Anger
4,4,8,14,30,4,4,13,30,30,,Happy
0.5,8,13,13,45,4,4,13,13,30,,Neutral
4,4,8,22,30,0.5,4,8,13,30,,Anger
0.5,8,13,13,30,0.5,4,13,13,30,,Neutral
0.5,4,8,13,30,0.5,8,8,16,30,,Anger
0.5,4,8,13,45,4,4,12,13,30,,Happy
4,4,11,13,30,2,8,8,30,30,,Sad
1,8,13,13,30,0.5,4,13,13,45,,Neutral
2,4,8,13,30,0.5,4,9,15,30,,Anger
0.5,4,8,13,30,4,4,8,13,30,,Happy
0.5,8,13,13,30,4,8,13,13,30,,Neutral
4,4,8,15,30,4,4,8,13,30,,Happy
0.5,8,13,13,30,0.5,4,13,13,45,,Neutral
4,5,8,30,30,4,8,8,13,30,,Anger
1,8,13,13,45,4,4,13,30,45,,Sad
4,4,8,28,30,4,8,13,30,30,,Anger
4,8,13,30,45,4,8,13,20,30,,Anger
4,8,13,30,30,4,4,13,30,37,,Happy
4,8,13,30,45,4,4,13,13,30,,Sad
0.5,8,13,13,30,4,4,13,13,37,,Neutral
4,4,8,13,30,4,4,8,13,30,,Happy
4,8,13,13,30,4,8,8,30,30,,Happy
0.5,4,8,13,30,0.5,4,8,13,30,,Anger
4,8,13,18,30,4,4,8,13,30,,Anger
0.5,8,13,13,30,4,4,13,13,45,,Neutral
0.5,4,8,13,30,0.5,4,8,13,30,,Anger
0.5,4,8,13,30,0.5,4,8,13,30,,Anger
4,8,13,30,30,0.5,4,8,30,30,,Sad
4,8,13,25,30,0.5,8,13,19,30,,Sad
0.5,4,8,13,45,0.5,4,12,13,37,,Happy
0.5,8,13,13,30,4,4,13,13,30,,Neutral
0.5,8,13,13,30,0.5,8,8,13,30,,Anger
0.5,4,8,13,30,4,7,13,13,30,,Anger
4,4,8,30,30,4,4,13,13,30,,Anger
4,4,8,30,30,0.5,8,13,30,30,,Anger
0.5,4,13,13,30,0.5,4,8,30,30,,Sad
0.5,4,13,30,30,0.5,4,8,13,30,,Sad
0.5,8,13,13,30,4,8,13,13,30,,Neutral
0.5,8,13,13,30,4,4,13,13,30,,Neutral
4,4,8,30,45,4,8,13,13,30,,Happy
0.5,8,13,13,30,0.5,4,8,13,45,,Anger
4,4,8,26,30,0.5,4,13,13,45,,Anger
0.5,4,8,13,30,0.5,4,8,13,30,,Anger
0.5,8,13,13,30,4,8,13,13,30,,Neutral
0.5,8,13,13,45,4,8,13,13,30,,Neutral
0.5,8,13,13,30,4,4,13,13,30,,Neutral
0.5,4,8,13,40,4,4,8,13,30,,Happy
4,4,8,20,30,0.5,8,13,13,30,,Anger
0.5,4,8,13,30,4,4,13,13,45,,Sad
4,8,13,30,45,0.5,8,8,13,45,,Anger
0.5,8,13,13,43,0.5,4,8,13,30,,Sad
4,4,8,30,45,4,8,13,13,30,,Happy
4,4,8,30,30,0.5,4,8,13,30,,Anger
4,8,13,30,30,0.5,8,13,30,45,,Happy
0.5,8,13,13,30,0.5,4,13,13,30,,Neutral
0.5,8,13,13,45,4,8,8,30,30,,Happy
0.5,8,13,13,30,0.5,4,13,13,30,,Neutral
0.5,8,8,13,30,4,8,13,13,45,,Happy
0.5,8,13,13,45,4,8,13,13,45,,Neutral
4,4,13,19,30,4,4,8,13,30,,Anger
4,8,13,30,39,4,8,8,30,30,,Happy
0.5,8,13,13,45,4,4,13,13,30,,Neutral
0.5,8,13,13,30,4,4,13,13,45,,Neutral
0.5,8,13,13,30,4,4,13,13,30,,Neutral
0.5,8,13,13,30,0.5,4,13,13,39,,Neutral
4,8,13,30,30,4,8,13,30,30,,Sad
0.5,8,13,13,30,4,4,13,13,45,,Neutral
0.5,8,13,13,30,0.5,8,13,13,45,,Neutral
0.5,8,13,13,30,4,4,8,30,30,,Happy
0.5,8,13,13,45,0.5,4,13,13,33,,Neutral
0.5,8,13,13,30,4,4,13,13,45,,Neutral
4,4,8,29,30,4,4,8,13,30,,Anger
4,4,13,30,45,0.5,4,13,13,30,,Sad
0.5,8,13,13,30,4,8,13,13,30,,Neutral
0.5,4,8,13,45,0.5,4,13,13,45,,Sad
4,4,8,25,30,0.5,8,8,13,30,,Anger
0.5,4,8,13,30,0.5,4,8,13,30,,Anger
0.5,8,13,13,30,0.5,4,8,13,30,,Anger
4,8,13,22,30,0.5,8,13,16,37,,Sad
4,4,13,13,30,0.5,8,13,13,30,,Neutral
0.5,4,8,13,30,0.5,4,8,13,30,,Anger
0.5,8,13,13,30,4,8,13,13,30,,Neutral
0.5,4,8,30,45,0.5,8,8,30,30,,Sad
4,4,8,30,30,0.5,8,13,13,30,,Anger
0.5,6,8,13,45,4,8,8,27,33,,Anger
0.5,8,13,13,30,0.5,4,13,13,45,,Neutral
4,4,8,19,30,4,4,13,13,30,,Happy
4,4,8,30,30,0.5,4,8,13,30,,Anger
0.5,8,13,13,30,0.5,4,8,13,30,,Anger
0.5,8,13,13,30,4,8,13,13,45,,Neutral
4,8,13,30,45,4,8,13,30,30,,Anger
4,4,8,30,30,4,8,13,30,45,,Anger
0.5,8,8,13,30,0.5,4,13,13,30,,Anger
4,8,13,13,30,4,4,13,13,30,,Neutral
4,4,13,30,45,0.5,7,13,29,30,,Sad
2,8,13,13,30,4,8,8,13,34,,Anger
0.5,8,13,13,30,0.5,4,8,13,45,,Anger
4,4,8,30,30,0.5,4,8,13,30,,Anger
4,4,8,13,30,0.5,8,13,21,30,,Sad
0.5,4,8,13,30,4,4,8,13,30,,Happy
0.5,4,8,13,30,4,4,8,13,30,,Happy
0.5,8,13,13,45,4,4,13,13,45,,Neutral
4,8,13,30,30,4,4,8,13,45,,Anger
0.5,8,13,13,30,0.5,4,13,13,45,,Neutral
4,4,8,19,45,0.5,4,8,13,30,,Anger
0.5,4,8,13,30,0.5,4,8,13,30,,Anger
0.5,4,8,13,30,0.5,4,8,13,30,,Anger
0.5,8,13,13,30,4,8,13,13,30,,Neutral
0.5,4,8,13,30,0.5,4,8,13,30,,Anger
0.5,8,13,13,30,0.5,4,13,13,30,,Neutral
4,4,8,13,30,4,8,13,13,45,,Happy
0.5,4,8,13,45,4,4,8,30,30,,Anger
0.5,8,13,13,30,0.5,8,13,30,30,,Anger
0.5,4,8,30,45,4,8,13,13,45,,Sad
4,8,13,13,30,4,4,9,13,30,,Anger
0.5,7,8,13,30,4,6,8,30,30,,Happy
4,4,8,30,30,0.5,4,8,13,30,,Anger
4,4,8,13,30,0.5,4,8,13,30,,Anger
0.5,4,8,13,45,4,8,13,30,30,,Anger
0.5,8,13,13,42,0.5,8,13,13,30,,Neutral
4,8,13,13,30,0.5,8,13,13,30,,Neutral
0.5,8,13,13,30,4,4,8,13,45,,Sad
0.5,8,13,13,30,4,4,13,13,30,,Neutral
0.5,4,8,13,30,4,8,13,30,30,,Anger
0.5,8,13,30,30,4,4,8,13,30,,Sad
4,8,13,13,30,0.5,4,13,13,45,,Neutral
0.5,4,8,13,30,4,4,8,13,30,,Happy
0.5,4,8,13,30,0.5,4,8,30,30,,Anger
0.5,8,13,13,30,0.5,8,13,13,45,,Neutral
0.5,4,8,13,30,0.5,4,8,30,45,,Happy
4,4,8,30,45,0.5,8,8,30,30,,Anger
0.5,8,13,13,30,0.5,4,13,13,45,,Neutral
0.5,8,13,13,30,0.5,4,13,13,45,,Neutral
4,7,8,30,45,4,8,8,13,30,,Happy
4,4,8,13,30,4,8,13,23,30,,Sad
2,8,13,13,30,0.5,8,13,30,40,,Anger
2,8,13,13,34,0.5,4,13,13,30,,Neutral
4,8,13,30,30,4,4,8,13,45,,Anger
0.5,4,8,13,43,0.5,4,8,13,30,,Anger
0.5,4,8,13,30,0.5,4,8,13,30,,Anger
4,8,13,13,30,0.5,8,13,13,30,,Neutral
4,4,8,30,30,4,4,13,13,45,,Anger
0.5,8,13,13,45,4,8,13,30,45,,Anger
4,4,8,29,30,0.5,4,13,30,45,,Anger
0.5,4,8,13,45,4,4,8,13,30,,Happy
0.5,4,8,13,30,0.5,8,8,30,30,,Anger
0.5,8,13,13,45,0.5,8,8,13,30,,Sad
0.5,8,13,13,30,4,4,13,13,45,,Neutral
0.5,8,13,13,45,4,4,13,13,30,,Neutral
0.5,8,13,13,30,4,4,13,13,45,,Neutral
0.5,8,13,13,30,0.5,8,13,30,30,,Anger
0.5,8,13,13,45,0.5,4,13,13,30,,Neutral
0.5,8,13,13,30,0.5,4,13,13,30,,Neutral
4,4,8,30,30,4,8,10,13,30,,Anger
4,8,13,13,30,0.5,4,13,13,30,,Neutral
4,8,13,13,32,0.5,4,13,13,30,,Neutral
0.5,8,13,13,30,4,8,13,13,45,,Neutral
4,8,13,30,30,0.5,4,8,30,30,,Sad
0.5,8,13,13,30,0.5,4,13,13,30,,Neutral
0.5,8,13,13,30,4,4,13,13,30,,Neutral
0.5,4,8,13,30,0.5,4,8,13,30,,Anger
0.5,4,11,30,30,0.5,4,8,13,30,,Sad
1,4,8,13,30,4,8,8,13,30,,Happy
0.5,4,8,13,42,0.5,4,8,30,30,,Anger
0.5,4,8,13,31,4,4,13,13,45,,Sad
0.5,8,13,13,30,0.5,8,8,13,30,,Anger
0.5,8,13,13,45,4,8,8,13,45,,Happy
0.5,4,8,13,30,4,8,13,30,30,,Anger
0.5,4,8,13,30,4,4,8,13,30,,Happy
0.5,4,8,13,30,0.5,4,8,13,30,,Anger
4,8,13,30,45,0.5,8,13,13,30,,Sad
4,4,8,29,45,4,4,8,13,45,,Anger
4,4,8,30,30,4,4,8,13,30,,Anger
0.5,4,8,13,30,0.5,4,13,13,30,,Anger
4,4,8,20,30,0.5,4,8,13,45,,Anger
0.5,8,13,13,30,0.5,4,8,13,30,,Anger
4,4,8,30,30,0.5,8,13,30,34,,Anger
0.5,4,8,13,30,4,4,8,13,30,,Happy
0.5,6,13,13,30,0.5,4,13,13,30,,Neutral
4,4,8,25,30,0.5,8,13,30,30,,Anger
4,4,8,13,30,0.5,8,13,30,30,,Anger
0.5,4,8,13,30,0.5,4,8,13,30,,Anger
0.5,4,8,13,30,0.5,4,8,13,30,,Anger
0.5,8,13,13,45,4,8,13,13,30,,Neutral
0.5,4,8,13,30,0.5,4,8,13,30,,Anger
4,4,8,30,30,0.5,4,8,16,30,,Anger
0.5,8,13,13,30,0.5,4,13,13,30,,Neutral
4,8,8,30,30,0.5,4,13,13,30,,Anger
4,8,13,30,45,4,8,13,30,45,,Anger
0.5,4,8,13,30,0.5,4,8,13,30,,Anger
0.5,4,8,13,30,1,4,8,13,30,,Anger
0.5,8,13,13,30,0.5,8,8,30,45,,Sad
0.5,4,8,13,30,0.5,4,8,13,30,,Anger
4,4,8,14,30,0.5,4,8,13,30,,Anger
0.5,4,8,13,45,4,4,13,13,30,,Happy
0.5,8,13,13,45,0.5,4,13,13,30,,Neutral
0.5,4,8,13,45,0.5,4,8,13,30,,Anger
4,8,13,15,30,4,8,13,30,45,,Anger
0.5,4,8,13,30,0.5,4,8,13,30,,Anger
0.5,4,8,13,30,4,4,8,13,40,,Happy
0.5,4,8,13,45,0.5,4,8,13,30,,Anger
4,4,8,13,30,0.5,4,8,13,30,,Anger
0.5,4,8,13,30,0.5,4,8,13,30,,Anger
0.5,8,13,13,30,4,8,8,13,45,,Sad
0.5,4,8,13,30,4,8,13,13,45,,Sad
0.5,8,13,13,30,0.5,8,13,13,45,,Neutral
4,8,12,13,45,4,5,13,13,30,,Sad
4,8,13,30,45,0.5,4,13,30,30,,Sad
0.5,8,13,13,30,4,4,8,13,30,,Happy
0.5,4,8,13,45,4,8,8,13,30,,Anger
4,8,13,19,30,0.5,8,8,13,30,,Anger
4,4,8,30,30,4,8,8,13,30,,Anger
0.5,4,8,13,30,0.5,4,8,15,30,,Anger
4,4,8,30,30,0.5,4,8,13,30,,Anger
0.5,8,13,13,30,0.5,4,13,30,30,,Anger
0.5,4,13,13,45,0.5,4,13,13,30,,Neutral
0.5,8,13,13,45,4,8,13,13,30,,Neutral
4,4,8,30,45,4,4,8,13,30,,Anger
0.5,4,8,13,45,4,4,8,13,30,,Happy
1,8,13,13,30,0.5,4,11,13,30,,Anger
4,4,8,30,45,0.5,4,8,13,30,,Anger
0.5,8,13,13,30,0.5,8,13,13,30,,Neutral
0.5,4,8,13,30,0.5,4,8,13,30,,Anger
0.5,4,8,13,30,4,4,13,13,30,,Anger
0.5,8,13,13,45,0.5,4,13,30,45,,Sad
0.5,8,13,13,45,0.5,4,13,13,45,,Neutral
0.5,8,13,13,45,4,4,13,13,30,,Neutral
0.5,4,8,13,45,0.5,4,13,30,45,,Anger
0.5,4,8,13,30,4,8,8,30,30,,Anger
0.5,8,13,21,45,0.5,8,8,30,30,,Sad
4,4,8,13,30,0.5,4,8,13,30,,Anger
0.5,8,13,13,30,0.5,4,13,13,45,,Neutral
4,4,8,30,45,4,8,13,30,45,,Anger
4,4,8,22,30,4,4,13,30,30,,Anger
4,8,13,13,45,4,8,13,30,45,,Happy
0.5,4,8,13,30,0.5,8,8,23,30,,Anger
0.5,8,13,13,45,0.5,4,13,13,30,,Neutral
4,8,8,30,45,4,4,12,19,30,,Happy
4,8,13,24,45,4,8,13,30,45,,Anger
4,4,8,26,45,0.5,8,13,13,30,,Happy
4,8,13,30,30,4,8,13,30,30,,Sad
4,4,8,30,45,4,8,13,30,45,,Anger
0.5,8,13,13,30,4,8,8,30,30,,Happy
0.5,8,13,13,45,0.5,4,13,13,45,,Neutral
0.5,8,13,13,30,4,8,13,13,45,,Neutral
4,8,13,30,30,0.5,8,8,30,30,,Sad
4,8,13,13,30,0.5,8,13,13,30,,Neutral
4,8,13,28,45,4,4,13,30,45,,Anger
4,8,13,16,30,4,4,8,13,30,,Anger
0.5,4,8,13,39,4,8,8,13,30,,Anger
0.5,4,8,13,45,4,4,12,13,30,,Happy
0.5,8,13,13,30,4,8,13,13,30,,Neutral
0.5,8,13,13,30,0.5,4,13,13,45,,Neutral
4,8,13,16,30,0.5,4,8,30,30,,Sad
0.5,8,8,13,30,0.5,4,8,25,30,,Anger
0.5,8,13,13,30,0.5,4,13,13,30,,Neutral
0.5,8,13,13,30,4,8,13,13,45,,Neutral
0.5,4,8,13,30,0.5,4,8,13,30,,Anger
0.5,8,13,13,45,4,8,13,13,45,,Neutral
4,8,13,30,45,0.5,8,8,13,30,,Sad
0.5,8,13,13,30,4,8,13,30,45,,Anger
4,4,8,13,30,4,4,8,13,45,,Happy
0.5,4,8,13,30,0.5,4,8,13,30,,Anger
0.5,8,13,13,45,4,4,13,13,30,,Neutral
4,4,8,30,30,4,4,8,13,30,,Anger
4,4,13,30,30,4,8,13,30,45,,Anger
0.5,8,13,13,31,4,8,13,30,35,,Anger
0.5,4,13,13,30,0.5,4,13,13,45,,Neutral
0.5,4,8,13,42,2,4,8,13,30,,Anger
0.5,8,13,13,45,0.5,4,13,13,45,,Neutral
0.5,4,8,13,30,0.5,8,8,13,30,,Anger
4,8,13,13,30,0.5,8,13,13,30,,Neutral
4,8,13,30,30,4,8,8,30,45,,Happy
4,8,13,13,40,0.5,7,13,30,30,,Happy
0.5,8,13,13,30,0.5,4,13,13,30,,Neutral
0.5,4,8,13,30,4,4,13,14,45,,Sad
4,8,13,30,30,0.5,8,8,30,30,,Sad
4,8,13,30,30,0.5,8,13,30,45,,Happy
4,4,8,30,45,4,4,8,13,30,,Anger
4,8,13,13,45,4,4,8,13,45,,Happy
0.5,4,8,13,45,4,4,8,13,30,,Happy
4,8,13,30,42,4,4,13,13,30,,Sad
4,8,13,13,41,4,8,13,13,30,,Neutral
0.5,8,13,13,45,4,4,13,13,45,,Neutral
0.5,4,8,13,30,0.5,4,8,15,30,,Anger
0.5,8,13,13,45,4,8,13,13,45,,Neutral
0.5,8,13,13,30,0.5,4,8,13,40,,Anger
0.5,8,10,13,30,0.5,4,13,13,30,,Anger
4,8,13,30,30,0.5,8,13,30,30,,Sad
0.5,8,13,13,30,4,4,13,30,45,,Sad
0.5,8,13,13,45,0.5,4,13,13,30,,Neutral
0.5,4,8,13,30,0.5,4,8,13,30,,Anger
0.5,4,8,13,45,4,8,13,13,45,,Sad
0.5,8,13,13,39,0.5,4,13,13,30,,Neutral
4,4,8,30,30,1,8,8,30,30,,Anger
0.5,8,13,13,45,0.5,4,13,13,30,,Neutral
4,8,13,13,30,4,8,8,30,45,,Happy
0.5,4,13,13,30,4,4,13,13,45,,Neutral
0.5,4,8,13,45,4,4,8,13,45,,Anger
0.5,8,13,13,30,0.5,4,12,13,30,,Sad
0.5,8,13,13,42,4,4,8,13,45,,Happy
4,8,13,13,42,4,8,8,30,30,,Anger
0.5,8,13,13,30,0.5,4,13,13,45,,Neutral
4,8,13,23,45,0.5,4,13,30,45,,Happy
0.5,8,13,13,30,0.5,4,13,13,30,,Neutral
4,4,8,27,45,4,4,8,13,45,,Anger
0.5,8,13,13,30,4,8,8,13,30,,Happy
0.5,4,8,13,30,0.5,4,8,13,30,,Anger
0.5,4,8,13,30,3,4,8,13,30,,Happy
3,4,8,13,45,0.5,4,8,13,39,,Anger
4,8,13,30,45,0.5,4,8,13,30,,Anger
4,4,8,25,42,4,4,13,30,30,,Anger
0.5,8,13,13,45,0.5,8,8,30,30,,Anger
4,4,8,30,45,0.5,8,13,23,30,,Anger
0.5,4,8,13,30,4,4,8,13,30,,Happy
4,8,13,30,30,0.5,8,13,30,30,,Sad
0.5,4,10,13,30,0.5,4,8,13,30,,Anger
0.5,4,8,13,45,0.5,4,8,30,30,,Anger
4,4,10,30,45,4,4,13,13,30,,Happy
0.5,4,8,13,30,0.5,4,8,30,45,,Happy
0.5,4,8,13,30,0.5,8,8,30,45,,Anger
0.5,8,13,13,30,0.5,4,8,13,40,,Anger
0.5,4,8,13,30,0.5,4,8,13,30,,Anger
3,8,13,13,30,4,4,13,13,30,,Neutral
4,4,13,30,45,0.5,4,13,13,45,,Sad
0.5,4,8,13,45,0.5,8,8,18,30,,Anger
0.5,4,8,13,30,0.5,4,8,30,30,,Anger
0.5,8,13,13,30,4,8,13,13,30,,Neutral
0.5,8,13,13,30,4,4,8,13,30,,Happy
4,4,8,21,30,4,8,13,13,30,,Happy
4,4,8,30,30,0.5,4,13,13,30,,Anger
0.5,4,8,13,30,0.5,4,8,13,31,,Anger
0.5,4,13,13,45,0.5,4,13,13,30,,Neutral
4,8,13,30,30,4,4,8,13,40,,Anger
4,8,13,30,30,0.5,4,13,13,45,,Anger
0.5,8,13,13,30,0.5,4,13,13,30,,Neutral
0.5,4,8,13,30,0.5,4,8,30,45,,Happy
0.5,4,8,13,30,0.5,4,8,17,30,,Anger
0.5,4,13,13,45,4,4,13,13,30,,Neutral
0.5,4,8,13,30,0.5,7,13,13,30,,Anger
0.5,8,13,13,30,0.5,8,8,30,45,,Sad
0.5,8,13,13,30,0.5,4,8,13,30,,Anger
0.5,8,13,13,45,0.5,4,13,13,30,,Neutral
0.5,8,13,13,30,0.5,4,13,13,30,,Neutral
0.5,4,8,13,30,0.5,4,8,13,30,,Anger
4,8,13,30,45,0.5,4,13,13,45,,Sad
4,4,8,30,30,0.5,8,13,15,30,,Anger
4,6,8,20,30,4,8,8,13,45,,Happy
4,8,13,30,30,4,8,8,13,45,,Happy
4,8,13,30,45,0.5,8,13,30,45,,Happy
4,8,13,30,45,4,8,13,13,45,,Happy
0.5,8,13,13,45,0.5,8,13,13,45,,Neutral
0.5,4,8,13,30,4,4,8,13,30,,Happy
0.5,8,13,13,30,4,4,13,13,45,,Neutral
0.5,4,8,13,30,4,4,8,13,30,,Happy
0.5,4,8,13,30,0.5,8,8,13,30,,Anger
0.5,8,13,13,30,0.5,4,13,13,30,,Neutral
4,4,8,30,30,0.5,4,13,13,30,,Anger
0.5,8,13,13,30,0.5,4,8,30,45,,Sad
0.5,8,13,13,30,0.5,4,13,13,30,,Neutral
2,4,8,13,30,0.5,4,8,13,30,,Anger
4,8,8,30,30,0.5,8,8,13,45,,Anger
0.5,8,13,13,30,0.5,4,13,13,30,,Neutral
0.5,4,8,13,30,4,8,10,30,30,,Anger
0.5,4,8,13,45,4,8,13,13,45,,Sad
0.5,4,8,13,30,0.5,4,8,13,30,,Anger
0.5,8,13,13,30,4,4,13,13,30,,Neutral
4,4,13,30,45,2,8,13,13,30,,Sad
0.5,4,8,13,30,0.5,4,8,13,30,,Anger
0.5,8,13,13,45,0.5,8,13,13,30,,Neutral
0.5,4,13,13,30,0.5,8,8,30,45,,Sad
4,4,13,13,45,4,4,8,13,30,,Anger
0.5,8,13,13,45,4,4,13,13,32,,Neutral
0.5,4,8,13,30,0.5,4,8,13,30,,Anger
0.5,4,8,13,30,4,4,8,13,30,,Happy
0.5,8,13,13,30,4,4,8,13,30,,Happy
0.5,8,13,13,30,0.5,4,13,13,30,,Neutral
4,8,13,13,30,0.5,4,13,13,45,,Neutral
4,8,13,30,30,4,4,13,13,45,,Sad
4,8,13,16,45,0.5,8,8,30,30,,Anger
4,4,8,30,30,4,8,8,30,45,,Anger
0.5,8,13,13,45,4,4,13,13,45,,Neutral
4,4,8,30,45,4,4,13,13,45,,Anger
0.5,8,13,13,30,0.5,4,13,13,30,,Neutral
0.5,8,13,13,45,4,8,8,30,30,,Happy
0.5,8,13,13,30,0.5,8,13,13,30,,Neutral
4,4,8,30,30,0.5,8,8,13,30,,Anger
0.5,8,13,13,39,0.5,4,13,13,30,,Neutral
0.5,4,8,13,30,4,8,8,13,45,,Anger
0.5,4,8,13,30,0.5,4,8,13,30,,Anger
0.5,4,8,13,30,0.5,4,8,13,30,,Anger
0.5,8,8,13,30,0.5,4,8,13,30,,Happy
0.5,4,8,13,45,4,8,8,13,30,,Anger
4,4,8,30,45,4,4,13,13,30,,Anger
0.5,4,8,13,30,0.5,4,8,13,45,,Happy
4,8,13,13,30,0.5,8,13,13,30,,Neutral
0.5,4,8,13,45,4,4,8,13,30,,Happy
0.5,8,13,13,30,0.5,4,13,13,30,,Neutral
0.5,4,8,13,30,4,8,13,13,30,,Anger
4,8,13,30,30,0.5,8,8,14,30,,Sad
4,8,13,30,45,4,8,13,30,30,,Anger
4,4,8,13,30,4,4,13,13,30,,Happy
0.5,7,8,13,30,0.5,4,8,13,30,,Anger
0.5,8,13,13,30,0.5,4,8,13,30,,Anger
4,4,8,19,30,0.5,8,13,30,30,,Anger
0.5,4,13,13,45,0.5,8,8,30,30,,Sad
0.5,8,13,13,30,0.5,4,8,13,30,,Anger
0.5,4,8,13,30,4,4,13,13,30,,Anger
4,8,13,30,30,0.5,8,10,30,45,,Happy
4,4,8,30,30,0.5,4,8,13,45,,Anger
0.5,4,8,13,45,4,4,8,13,30,,Happy
0.5,8,13,13,45,0.5,4,13,13,30,,Neutral
4,4,8,30,30,0.5,4,12,13,30,,Anger
4,8,13,30,45,4,4,13,13,30,,Sad
4,4,8,21,30,4,4,13,13,30,,Happy
0.5,4,8,13,30,4,4,8,13,30,,Happy
4,8,13,30,30,4,8,8,30,45,,Happy
0.5,4,8,13,30,4,4,10,13,30,,Happy
0.5,4,8,13,30,0.5,4,8,13,30,,Anger
0.5,8,13,13,30,4,8,8,13,45,,Sad
0.5,4,8,13,30,4,8,8,13,30,,Anger
0.5,8,13,13,45,0.5,8,13,13,30,,Neutral
4,4,8,30,30,4,8,8,30,45,,Anger
4,8,13,27,30,4,4,8,13,30,,Anger
4,8,13,30,30,4,4,13,13,30,,Sad
0.5,4,8,13,30,4,4,13,14,30,,Anger
0.5,8,13,13,30,0.5,8,13,13,30,,Neutral
0.5,4,8,13,30,0.5,4,8,13,30,,Anger
0.5,8,13,13,45,0.5,4,8,13,30,,Sad
0.5,4,8,13,30,4,4,13,13,30,,Anger
4,6,8,20,30,4,4,8,13,30,,Happy
0.5,4,8,13,30,4,4,8,13,30,,Happy
0.5,8,13,13,30,4,8,13,13,45,,Neutral
0.5,4,8,13,30,4,8,8,30,30,,Anger
4,4,8,15,30,4,8,8,13,30,,Happy
4,4,9,13,30,0.5,8,13,13,45,,Sad
4,8,13,13,33,4,8,13,13,30,,Neutral
0.5,8,13,13,30,0.5,4,13,13,39,,Neutral
4,4,8,30,30,0.5,4,13,13,45,,Anger
4,8,13,13,30,4,8,13,13,30,,Neutral
0.5,8,13,13,30,4,4,8,13,30,,Happy
4,5,13,13,30,0.5,4,13,13,45,,Neutral
0.5,4,8,13,30,0.5,4,8,13,30,,Anger
0.5,8,13,13,30,0.5,4,8,13,45,,Anger
4,8,13,13,30,4,4,13,13,30,,Neutral
0.5,8,8,13,30,0.5,4,8,13,30,,Happy
0.5,8,13,13,45,0.5,8,13,13,45,,Neutral
0.5,8,13,13,45,4,8,13,30,45,,Anger
4,4,8,30,30,0.5,8,13,30,30,,Anger
4,4,8,30,30,0.5,4,8,13,30,,Anger
0.5,8,13,13,30,4,4,8,13,45,,Sad
0.5,4,8,13,45,0.5,4,8,30,30,,Anger
2,8,13,13,30,4,8,13,13,30,,Neutral
0.5,4,8,13,45,4,4,8,13,30,,Happy
4,4,8,26,30,0.5,4,8,21,45,,Anger
0.5,4,8,13,30,4,4,10,21,30,,Anger
0.5,4,8,13,30,0.5,4,8,13,30,,Anger
4,8,13,30,45,4,4,8,30,45,,Happy
4,4,8,30,36,4,4,13,13,30,,Anger
0.5,8,13,13,30,4,4,8,13,30,,Happy
0.5,6,13,13,30,0.5,4,13,13,30,,Neutral
4,8,13,13,32,0.5,4,13,13,30,,Neutral
0.5,8,13,13,30,4,8,13,13,30,,Neutral
0.5,8,13,13,30,4,4,13,13,37,,Neutral
0.5,4,8,13,30,4,4,13,13,45,,Sad
0.5,8,13,13,30,0.5,8,13,13,45,,Neutral
4,8,8,30,30,0.5,8,13,30,30,,Anger
4,4,8,30,30,0.5,8,8,30,30,,Anger
4,4,8,29,30,0.5,8,13,30,30,,Anger
4,4,8,24,30,0.5,8,8,30,44,,Anger
0.5,4,8,13,30,0.5,4,8,13,30,,Anger
0.5,4,13,13,30,4,4,13,13,30,,Neutral
0.5,4,8,13,30,0.5,4,8,13,30,,Anger
4,4,8,30,30,0.5,4,13,13,30,,Anger
4,8,13,13,30,0.5,4,13,13,30,,Neutral
0.5,4,8,13,30,0.5,4,8,13,30,,Anger
0.5,8,13,13,30,4,8,8,30,30,,Happy
0.5,4,8,13,30,0.5,4,8,13,30,,Anger
4,8,13,30,30,4,4,8,30,30,,Sad
2,4,8,30,30,0.5,4,8,13,45,,Anger
0.5,4,10,30,45,0.5,4,8,13,30,,Sad
4,4,8,19,45,0.5,4,8,13,30,,Anger
0.5,8,8,30,30,4,4,13,13,45,,Sad
0.5,8,13,13,30,0.5,8,13,13,45,,Neutral
0.5,4,8,13,30,0.5,4,8,13,30,,Anger
0.5,8,13,13,30,0.5,4,8,13,45,,Anger
0.5,4,8,13,30,0.5,4,8,30,30,,Anger
4,4,8,30,45,0.5,4,13,13,30,,Anger
4,4,8,30,30,2,8,13,13,30,,Anger
0.5,8,13,13,30,0.5,4,8,13,30,,Anger
4,8,13,30,30,4,4,12,13,30,,Sad
4,4,8,22,45,0.5,4,13,13,30,,Anger
0.5,8,13,13,45,0.5,4,13,13,30,,Neutral
4,8,13,30,30,4,4,13,13,30,,Sad
0.5,8,13,13,30,4,4,8,13,45,,Sad
0.5,8,13,13,30,0.5,4,8,13,45,,Anger
0.5,4,8,13,43,4,4,13,13,30,,Happy
0.5,4,8,13,45,0.5,8,13,30,30,,Anger
0.5,4,8,13,30,0.5,4,8,13,30,,Anger
4,4,8,30,30,0.5,4,13,13,45,,Anger
0.5,8,13,13,45,4,4,13,13,30,,Neutral
0.5,8,13,13,30,0.5,8,13,13,30,,Neutral
0.5,4,8,13,30,4,4,8,16,30,,Happy
0.5,8,13,13,45,4,4,13,13,45,,Neutral
0.5,8,13,13,30,2,4,13,13,30,,Neutral
0.5,8,13,13,45,4,4,13,13,45,,Neutral
0.5,4,8,13,30,0.5,4,8,13,30,,Anger
4,4,8,30,30,0.5,8,8,13,30,,Anger
0.5,4,8,13,45,2,4,8,13,30,,Anger
0.5,8,13,13,30,4,8,13,30,30,,Happy
4,4,8,26,30,4,4,8,30,30,,Anger
0.5,4,8,13,30,0.5,4,8,13,30,,Anger
0.5,4,8,13,30,0.5,4,8,13,30,,Anger
0.5,4,8,13,32,4,4,8,13,30,,Happy
0.5,8,13,13,30,0.5,4,8,30,45,,Sad
0.5,4,13,13,30,0.5,4,8,13,30,,Anger
0.5,8,13,13,39,4,8,13,13,45,,Neutral
0.5,4,8,13,30,0.5,4,8,13,30,,Anger
4,8,13,30,30,4,8,13,30,45,,Anger
4,8,13,30,45,4,8,13,30,30,,Anger
0.5,4,8,13,30,0.5,8,8,30,30,,Anger
0.5,8,13,13,30,0.5,4,8,13,45,,Anger
0.5,8,13,13,30,4,4,8,13,30,,Happy
0.5,4,8,13,45,0.5,8,13,30,30,,Anger
0.5,8,13,13,30,0.5,4,8,13,30,,Anger
4,4,8,30,45,4,4,8,13,30,,Anger
0.5,4,8,13,30,4,8,13,30,30,,Anger
4,8,13,13,33,4,8,13,30,30,,Anger
0.5,8,13,13,30,4,8,8,27,45,,Happy
0.5,4,8,13,30,0.5,8,13,30,30,,Anger
0.5,4,8,13,30,0.5,4,8,13,30,,Anger
0.5,8,13,13,30,0.5,4,13,13,30,,Neutral
0.5,8,13,13,30,0.5,4,8,13,30,,Anger
0.5,8,13,13,30,4,4,13,13,45,,Neutral
4,4,8,30,30,0.5,4,8,13,30,,Anger
4,4,8,13,30,0.5,4,8,13,30,,Anger
0.5,4,8,13,30,0.5,4,8,13,30,,Anger
0.5,8,13,13,30,0.5,8,13,13,45,,Neutral
0.5,8,13,13,30,4,4,13,13,30,,Neutral
0.5,8,13,13,30,2,4,13,13,30,,Neutral
4,8,13,25,30,4,4,13,13,30,,Sad
0.5,4,8,13,30,0.5,4,8,13,30,,Anger
0.5,8,13,13,30,4,4,13,13,45,,Neutral
0.5,8,13,13,45,4,8,13,13,45,,Neutral
0.5,5,13,13,45,4,4,8,13,30,,Sad
4,4,8,30,45,4,8,8,13,45,,Anger
4,4,13,13,45,0.5,5,13,13,45,,Neutral
4,8,13,30,45,4,8,13,30,30,,Anger
0.5,8,13,13,35,4,4,8,13,45,,Sad
0.5,4,8,13,30,0.5,8,8,30,30,,Anger
0.5,4,8,13,45,4,8,8,30,30,,Anger
0.5,8,13,13,30,4,4,13,13,30,,Neutral
0.5,4,8,13,30,0.5,7,8,30,30,,Anger
0.5,8,13,13,30,4,8,13,13,45,,Neutral
0.5,4,8,13,30,0.5,4,8,30,30,,Anger
0.5,8,13,13,35,0.5,4,8,13,36,,Anger
0.5,4,8,13,45,0.5,4,8,13,30,,Anger
4,4,8,30,30,4,8,13,22,30,,Anger
0.5,8,13,13,45,4,8,8,30,30,,Happy
0.5,4,8,13,30,0.5,4,8,13,30,,Anger
0.5,8,13,13,30,0.5,4,13,13,30,,Neutral
2,4,8,13,30,0.5,4,9,15,30,,Anger
4,4,8,22,30,4,8,13,30,33,,Anger
4,8,13,13,30,4,4,13,13,30,,Neutral
4,8,13,30,30,4,8,8,13,33,,Sad
0.5,4,8,13,30,4,8,13,30,37,,Anger
0.5,8,13,13,30,0.5,8,13,13,30,,Neutral
4,8,13,30,45,4,4,8,30,30,,Sad
4,8,13,13,30,4,4,13,13,30,,Neutral
0.5,8,13,13,37,4,8,13,13,45,,Neutral
4,8,13,13,30,4,8,13,13,30,,Neutral
4,8,13,30,39,0.5,4,8,13,30,,Anger
4,8,13,30,30,4,8,8,30,45,,Happy
2,4,8,13,30,0.5,4,8,13,30,,Anger
0.5,4,8,13,45,0.5,8,8,30,30,,Anger
4,8,13,30,45,0.5,4,8,13,30,,Anger
0.5,8,13,13,30,4,4,13,13,30,,Neutral
0.5,8,8,13,30,0.5,4,8,13,30,,Happy
4,8,13,30,30,0.5,8,13,30,45,,Happy
4,4,8,13,30,4,4,8,13,45,,Happy
4,4,8,30,30,0.5,8,13,30,30,,Anger
0.5,4,8,13,30,0.5,4,8,13,30,,Anger
4,4,8,16,30,0.5,8,13,13,30,,Anger
0.5,8,13,13,30,4,4,13,13,45,,Neutral
4,8,13,30,45,4,8,13,28,39,,Anger
0.5,4,8,30,45,4,4,13,13,45,,Sad
4,6,8,30,30,4,8,13,30,45,,Anger
4,8,13,30,45,4,4,8,30,45,,Happy
0.5,4,8,13,30,4,8,8,30,30,,Anger
0.5,4,13,13,30,4,4,13,13,45,,Neutral
4,4,8,30,30,0.5,4,8,30,45,,Anger
4,8,13,13,45,4,4,8,30,30,,Anger
0.5,8,13,13,43,0.5,4,8,13,30,,Sad
4,8,13,22,30,0.5,8,13,16,37,,Sad
0.5,8,13,13,30,0.5,8,13,13,45,,Neutral
0.5,4,8,13,30,0.5,4,8,13,30,,Anger
0.5,8,13,13,30,0.5,4,8,13,30,,Anger
0.5,8,13,13,45,4,4,13,13,45,,Neutral
4,8,13,30,45,4,8,8,30,30,,Happy
0.5,4,8,13,30,4,8,8,30,45,,Anger
0.5,4,8,13,30,0.5,4,8,13,30,,Anger
4,8,13,13,30,0.5,8,13,13,30,,Neutral
0.5,8,13,13,45,4,4,13,13,45,,Neutral
4,4,13,30,30,0.5,4,8,13,30,,Anger
0.5,8,13,13,30,0.5,4,13,13,30,,Neutral
0.5,8,13,13,30,4,8,13,20,30,,Anger
0.5,4,8,13,45,4,4,8,13,30,,Happy
0.5,8,13,13,45,0.5,4,13,13,30,,Neutral
4,8,13,13,30,0.5,4,13,13,45,,Neutral
0.5,4,8,13,30,4,8,8,23,30,,Anger
4,8,13,19,30,4,8,8,13,30,,Happy
4,4,8,30,30,0.5,4,8,13,30,,Anger
0.5,8,8,13,45,0.5,8,8,13,45,,Anger
4,4,8,30,30,4,8,13,30,30,,Anger
4,8,13,15,30,0.5,8,13,30,45,,Anger
4,4,8,28,30,4,4,8,13,30,,Anger
0.5,8,13,13,30,0.5,4,13,13,45,,Neutral
0.5,8,13,13,30,0.5,4,13,13,30,,Neutral
0.5,8,13,13,45,0.5,8,13,13,39,,Neutral
4,4,8,30,42,0.5,4,8,13,45,,Anger
0.5,4,8,13,30,0.5,4,8,13,30,,Anger
4,8,13,13,30,0.5,4,12,13,30,,Sad
2,8,8,13,42,0.5,8,8,30,30,,Anger
0.5,8,13,13,30,3,4,8,13,30,,Happy
0.5,4,8,13,30,4,4,8,13,30,,Happy
0.5,4,8,13,45,4,4,8,13,30,,Happy
4,4,8,13,30,4,8,8,13,30,,Happy
4,8,13,14,30,4,8,13,24,45,,Anger
0.5,4,8,13,30,4,4,8,13,30,,Happy
0.5,4,8,13,30,0.5,4,9,30,30,,Anger
0.5,8,13,13,45,4,8,13,30,45,,Anger
0.5,4,8,13,30,4,4,8,13,30,,Happy
4,4,8,30,30,0.5,4,8,17,30,,Anger
4,8,13,30,38,4,4,13,13,45,,Sad
4,8,13,30,45,4,8,13,13,45,,Happy
0.5,4,8,13,30,4,4,8,13,30,,Happy
4,8,13,30,45,4,4,13,13,45,,Happy
0.5,8,13,13,30,0.5,8,13,13,30,,Neutral
0.5,4,8,13,30,0.5,4,8,13,30,,Anger
0.5,4,8,13,30,4,4,8,23,30,,Happy
4,4,8,21,30,4,4,13,13,30,,Happy
0.5,4,8,13,30,0.5,4,8,13,30,,Anger
0.5,8,13,13,30,4,4,13,13,45,,Neutral
0.5,4,8,13,30,0.5,4,8,13,30,,Anger
4,8,8,30,45,0.5,8,13,13,30,,Happy
0.5,8,8,13,30,4,4,13,13,44,,Sad
0.5,4,8,13,45,4,4,8,30,30,,Anger
4,4,8,13,30,0.5,8,8,30,30,,Anger
0.5,4,8,13,30,4,4,8,13,30,,Happy
0.5,8,13,13,30,0.5,4,13,13,30,,Neutral
4,8,13,30,30,0.5,4,13,13,45,,Anger
0.5,8,13,13,30,0.5,4,8,13,45,,Anger
4,8,13,30,30,4,8,8,30,30,,Sad
0.5,4,8,13,30,0.5,4,8,13,30,,Anger
0.5,4,8,13,30,0.5,4,11,13,30,,Anger
0.5,4,8,13,30,0.5,4,8,13,30,,Anger
4,8,13,30,30,4,8,13,30,45,,Anger
0.5,8,13,13,30,0.5,4,13,13,30,,Neutral
0.5,8,13,13,30,0.5,8,13,13,30,,Neutral
0.5,8,13,13,30,0.5,4,13,13,45,,Neutral
0.5,8,13,13,30,0.5,8,13,13,45,,Neutral
1,4,8,13,45,4,4,8,13,32,,Anger
1,8,13,13,30,0.5,4,13,15,45,,Neutral
0.5,8,13,13,30,4,4,8,13,45,,Sad
0.5,4,8,13,30,4,8,8,13,45,,Anger
0.5,4,8,13,30,4,4,8,13,30,,Happy
0.5,8,13,13,30,4,8,8,30,30,,Happy
0.5,8,13,13,45,0.5,4,13,13,45,,Neutral
4,8,13,13,30,4,8,8,13,45,,Anger
0.5,8,13,13,45,0.5,4,8,13,30,,Sad
4,4,8,30,30,4,8,13,22,30,,Anger
0.5,4,8,13,30,0.5,4,8,13,30,,Anger
0.5,4,13,13,30,4,4,13,13,30,,Neutral
4,4,8,30,30,0.5,5,8,13,30,,Anger
0.5,8,13,13,45,0.5,4,13,13,45,,Neutral
4,8,13,30,45,4,4,8,30,45,,Happy
0.5,4,10,13,30,4,4,13,13,30,,Anger
4,4,8,13,30,0.5,4,8,13,30,,Anger
0.5,4,8,13,30,0.5,4,8,13,30,,Anger
4,4,8,13,30,0.5,7,8,24,30,,Anger
4,8,13,30,45,4,8,13,27,42,,Anger
0.5,4,13,13,45,4,8,13,13,30,,Neutral
0.5,8,13,13,30,4,4,8,13,30,,Happy
0.5,8,13,13,45,4,8,13,13,30,,Neutral
0.5,8,13,13,30,0.5,8,8,13,30,,Anger
0.5,8,13,13,30,0.5,8,13,13,30,,Neutral
0.5,4,8,13,30,0.5,4,13,13,30,,Anger
2,4,8,13,45,4,4,13,30,30,,Anger
0.5,4,8,13,30,0.5,4,8,13,30,,Anger
4,8,13,30,36,4,8,8,20,30,,Sad
0.5,4,8,13,30,0.5,4,8,13,30,,Anger
0.5,4,8,13,30,0.5,8,8,26,30,,Anger
0.5,8,13,13,45,4,4,13,13,30,,Neutral
4,4,8,30,45,4,4,8,30,30,,Anger
0.5,8,13,13,30,0.5,4,8,13,30,,Anger
0.5,4,8,13,30,0.5,8,8,30,30,,Anger
0.5,4,8,13,30,4,8,13,30,30,,Anger
0.5,4,8,13,30,0.5,4,8,13,30,,Anger
0.5,8,13,13,30,4,4,13,13,37,,Neutral
0.5,4,8,13,30,0.5,4,8,13,30,,Anger
0.5,4,8,13,30,0.5,8,13,13,30,,Anger
4,4,8,13,30,0.5,8,8,13,45,,Anger
0.5,8,13,13,30,0.5,8,8,13,30,,Anger
0.5,4,8,13,30,4,4,12,13,30,,Happy
4,8,13,30,30,0.5,4,13,15,45,,Anger
0.5,4,13,13,30,4,4,8,13,30,,Anger
4,8,8,30,30,0.5,8,8,13,45,,Anger
4,4,8,13,40,0.5,8,13,13,30,,Anger
4,8,8,30,32,2,4,8,13,30,,Anger
0.5,8,13,13,32,0.5,8,13,13,45,,Neutral
4,8,13,29,30,4,4,8,13,40,,Anger
0.5,8,13,13,30,0.5,4,8,13,30,,Anger
4,4,8,30,30,4,4,13,13,30,,Anger
0.5,4,8,13,45,4,4,8,13,30,,Happy
0.5,8,13,13,45,4,8,8,30,30,,Happy
4,4,13,30,30,4,8,8,13,30,,Anger
0.5,8,13,13,30,4,4,8,13,45,,Sad
0.5,8,13,13,30,0.5,4,13,13,30,,Neutral
0.5,8,13,13,30,4,8,8,30,30,,Happy
4,4,8,30,30,0.5,8,13,13,30,,Anger
4,4,8,13,30,4,4,8,13,30,,Happy
0.5,8,13,13,37,4,8,13,13,45,,Neutral
0.5,4,8,13,30,4,4,8,13,30,,Happy
0.5,4,8,13,30,0.5,4,8,13,30,,Anger
0.5,8,13,13,30,0.5,8,13,13,30,,Neutral
4,4,8,30,30,4,8,13,13,32,,Anger
0.5,8,13,13,37,4,8,8,30,45,,Anger
4,4,8,30,30,0.5,8,13,13,30,,Anger
0.5,4,8,13,30,0.5,4,8,13,30,,Anger
0.5,4,8,13,30,4,8,13,30,30,,Anger
0.5,4,8,13,30,0.5,4,8,13,30,,Anger
0.5,8,13,13,30,0.5,4,13,13,30,,Neutral
4,4,8,30,45,4,8,13,30,45,,Anger
4,5,8,30,30,0.5,8,13,30,30,,Anger
0.5,8,13,13,45,0.5,4,13,13,33,,Neutral
0.5,8,13,13,45,0.5,8,13,13,30,,Neutral
0.5,8,8,13,30,4,8,8,13,30,,Happy
0.5,8,13,13,43,4,8,13,13,45,,Neutral
0.5,4,8,13,45,4,5,13,13,30,,Happy
0.5,4,8,13,30,4,4,8,30,30,,Happy
3,8,13,13,30,0.5,8,13,13,30,,Neutral
4,7,13,16,45,0.5,4,9,13,41,,Anger
0.5,8,13,13,30,0.5,4,13,13,30,,Neutral
0.5,8,13,13,30,0.5,4,8,13,45,,Anger
0.5,8,13,13,45,0.5,8,13,13,30,,Neutral
4,8,13,30,30,0.5,8,13,23,45,,Sad
0.5,4,8,13,30,0.5,4,8,13,30,,Anger
0.5,4,8,13,30,2,4,8,13,30,,Anger
0.5,8,13,13,45,4,8,13,30,45,,Anger
0.5,8,8,13,45,4,4,8,13,45,,Sad
0.5,4,8,13,30,4,8,13,30,37,,Anger
0.5,4,8,13,30,0.5,8,13,30,30,,Anger
0.5,8,13,13,45,0.5,4,13,13,30,,Neutral
0.5,4,8,13,30,0.5,4,8,13,30,,Anger
4,4,13,13,30,0.5,8,8,13,30,,Anger
0.5,8,13,13,30,4,8,13,13,30,,Neutral
0.5,8,13,13,30,0.5,4,13,13,45,,Neutral
0.5,8,13,13,45,0.5,4,13,13,45,,Neutral
4,4,8,25,30,0.5,8,13,30,30,,Anger
0.5,8,13,20,45,4,4,13,30,30,,Sad
4,8,13,30,45,4,8,13,30,30,,Anger
4,4,8,13,45,4,4,8,13,30,,Anger
4,8,13,13,45,0.5,8,13,13,30,,Neutral
4,4,8,30,45,4,8,13,13,45,,Anger
0.5,8,13,13,30,4,4,8,13,30,,Happy
4,4,8,30,45,0.5,8,13,30,30,,Anger
0.5,4,8,13,30,0.5,8,13,30,45,,Anger
0.5,8,13,13,30,4,8,13,30,45,,Anger
4,8,13,30,45,0.5,8,13,21,30,,Sad
4,4,8,30,30,0.5,4,8,30,30,,Anger
4,4,8,13,30,0.5,4,8,13,30,,Anger
0.5,8,13,13,45,4,4,13,13,30,,Neutral
4,8,8,30,45,4,8,8,28,45,,Anger
0.5,4,8,13,30,0.5,8,13,30,30,,Anger
0.5,8,13,13,45,0.5,8,13,13,30,,Neutral
0.5,8,13,13,36,4,8,13,13,30,,Neutral
0.5,8,13,13,30,0.5,4,13,13,30,,Neutral
0.5,4,8,13,30,4,4,13,13,45,,Sad
4,4,13,22,30,0.5,8,8,13,30,,Anger
4,4,13,13,30,0.5,4,13,13,30,,Neutral
0.5,4,8,13,30,4,4,8,13,30,,Happy
0.5,8,13,13,30,0.5,4,8,13,30,,Anger
0.5,8,13,13,30,4,8,13,13,45,,Neutral
0.5,8,13,13,30,0.5,8,8,30,45,,Sad
4,8,13,30,45,0.5,4,8,13,45,,Anger
0.5,4,8,13,33,4,4,8,13,30,,Happy
4,5,13,30,45,4,8,13,30,45,,Anger
4,8,13,30,45,4,4,8,30,30,,Sad
0.5,8,13,13,30,4,4,13,13,30,,Neutral
0.5,4,8,13,30,0.5,4,10,13,30,,Anger
0.5,4,8,13,30,4,4,10,13,30,,Happy
4,8,13,30,30,4,8,13,30,30,,Sad
4,4,8,30,45,0.5,4,8,13,30,,Anger
4,4,8,30,45,0.5,8,13,23,30,,Anger
0.5,4,8,13,30,4,4,8,13,30,,Happy
4,4,13,13,30,4,8,13,13,30,,Neutral
0.5,8,13,13,30,4,4,13,13,30,,Neutral
0.5,4,8,13,30,0.5,4,8,13,30,,Anger
0.5,8,13,13,45,0.5,4,13,13,30,,Neutral
0.5,4,8,13,30,2,4,8,13,30,,Anger
0.5,4,8,13,45,0.5,4,13,13,30,,Happy
4,4,8,28,30,4,8,13,30,30,,Anger
0.5,4,8,13,30,0.5,4,8,13,30,,Anger
0.5,8,13,13,30,0.5,4,8,21,30,,Anger
0.5,8,13,13,30,0.5,8,13,13,30,,Neutral
0.5,4,8,13,30,0.5,4,8,13,30,,Anger
0.5,4,8,13,45,0.5,4,8,13,30,,Anger
0.5,4,8,13,30,0.5,4,8,13,30,,Anger
4,8,8,22,30,0.5,8,8,22,45,,Anger
4,5,13,30,30,1,8,8,30,30,,Sad
0.5,4,8,13,45,0.5,4,8,13,30,,Anger
0.5,8,13,13,37,0.5,8,13,13,45,,Neutral
0.5,4,8,13,30,4,4,8,13,30,,Happy
0.5,4,8,13,30,0.5,4,11,30,45,,Anger
0.5,8,13,13,39,4,8,13,30,45,,Anger
0.5,8,8,13,30,4,8,13,13,45,,Happy
0.5,4,13,13,30,4,8,8,30,45,,Anger
0.5,4,8,13,30,0.5,8,8,30,30,,Anger
0.5,4,8,13,30,0.5,4,8,13,30,,Anger
0.5,4,8,13,30,0.5,4,8,13,30,,Anger
4,4,8,13,45,4,4,8,13,30,,Anger
0.5,4,8,13,30,0.5,4,8,13,30,,Anger
4,4,10,30,45,4,4,13,13,30,,Happy
0.5,4,8,13,30,0.5,4,8,13,30,,Anger
0.5,4,8,13,30,0.5,4,8,13,30,,Anger
0.5,4,8,13,30,0.5,4,8,13,30,,Anger
4,8,13,13,30,4,8,13,13,30,,Neutral
0.5,8,13,13,30,0.5,4,13,13,30,,Neutral
0.5,8,13,13,45,4,4,13,13,45,,Neutral
4,4,8,17,30,0.5,4,8,30,30,,Anger
4,8,13,30,45,2,4,8,13,30,,Anger
0.5,8,13,13,45,4,4,13,13,30,,Neutral
4,4,8,30,30,0.5,8,8,13,30,,Anger
4,8,13,26,30,0.5,4,8,13,32,,Anger
4,8,13,30,30,0.5,8,13,30,30,,Sad
0.5,8,13,13,45,0.5,4,8,13,30,,Sad
0.5,8,13,13,45,4,8,8,13,45,,Happy
0.5,4,8,13,30,0.5,4,8,13,30,,Anger
4,4,8,30,45,0.5,4,8,13,30,,Anger
0.5,8,13,13,45,4,8,13,30,45,,Anger
4,4,8,23,30,0.5,7,13,13,30,,Anger
0.5,4,8,13,30,0.5,8,13,30,41,,Anger
0.5,4,8,13,30,0.5,8,13,30,30,,Anger
4,8,13,30,30,0.5,8,8,14,30,,Sad
4,4,8,30,45,4,8,13,30,45,,Anger
0.5,4,8,13,30,0.5,4,13,30,30,,Anger
4,8,13,13,30,0.5,8,8,13,30,,Anger
0.5,4,8,13,30,4,4,13,13,30,,Anger
0.5,4,8,13,30,0.5,4,8,13,30,,Anger
0.5,4,8,13,30,4,4,8,13,42,,Happy
4,4,8,30,30,4,8,13,22,30,,Anger
0.5,4,8,13,30,0.5,4,8,13,45,,Happy
0.5,4,8,13,30,4,4,8,13,30,,Happy
0.5,4,8,13,30,0.5,8,8,30,30,,Anger
0.5,8,13,13,30,4,4,13,13,30,,Neutral
0.5,8,13,13,30,4,4,13,13,30,,Neutral
0.5,4,8,13,30,4,4,8,13,30,,Happy
4,4,8,30,38,4,8,13,30,30,,Anger
0.5,4,8,13,30,0.5,4,8,13,30,,Anger
0.5,8,13,13,30,4,8,13,13,30,,Neutral
0.5,4,8,13,30,0.5,4,8,13,30,,Anger
0.5,4,8,13,30,4,4,8,13,30,,Happy
0.5,4,13,13,30,0.5,8,13,13,30,,Neutral
4,8,13,13,45,4,4,8,13,45,,Happy
4,5,8,13,30,0.5,4,8,13,30,,Anger
0.5,8,8,13,30,4,8,8,13,30,,Happy
0.5,8,13,13,30,0.5,4,13,30,30,,Anger
4,4,8,29,45,0.5,8,13,30,30,,Anger
0.5,8,13,13,35,4,4,8,13,45,,Sad
0.5,4,8,13,30,4,8,8,30,30,,Anger
0.5,4,8,13,30,4,8,8,18,30,,Anger
4,8,13,30,30,3,8,13,30,30,,Sad
0.5,4,8,13,30,0.5,8,8,30,30,,Anger
4,8,13,30,30,0.5,8,13,29,30,,Sad
0.5,8,13,13,45,4,4,13,13,30,,Neutral
4,8,13,26,30,0.5,8,8,13,45,,Anger
0.5,8,13,13,30,4,4,13,13,30,,Neutral
0.5,8,13,13,30,4,4,13,13,30,,Neutral
4,4,8,13,30,4,4,8,13,30,,Happy
0.5,8,13,13,30,0.5,4,13,13,30,,Neutral
0.5,8,13,13,30,0.5,4,8,13,45,,Anger
0.5,8,13,13,45,0.5,4,13,13,30,,Neutral
0.5,8,13,13,30,4,4,8,30,30,,Happy
4,8,13,13,39,4,4,13,13,30,,Neutral
0.5,8,13,13,44,4,4,8,13,30,,Anger
0.5,4,8,13,30,0.5,4,8,13,30,,Anger
0.5,8,13,13,45,4,4,13,13,30,,Neutral
4,8,13,13,45,4,8,13,13,45,,Neutral
0.5,4,8,13,30,0.5,4,13,13,45,,Happy
4,8,13,13,30,0.5,8,13,13,30,,Neutral
0.5,4,8,13,30,0.5,8,8,13,30,,Anger
0.5,8,13,13,30,0.5,4,13,13,45,,Neutral
0.5,4,12,13,30,0.5,4,13,30,30,,Sad
0.5,8,13,13,45,0.5,4,13,13,30,,Neutral
4,8,13,30,30,0.5,8,13,14,33,,Sad
0.5,8,13,13,30,4,8,13,13,30,,Neutral
4,8,13,30,30,4,8,13,18,45,,Happy
0.5,8,13,13,30,4,8,13,30,30,,Happy
4,8,13,21,30,4,8,8,30,30,,Sad
4,4,8,30,30,0.5,8,13,13,45,,Anger
4,4,8,30,45,0.5,4,8,13,30,,Anger
4,4,13,13,30,4,8,13,13,30,,Neutral
4,4,8,30,30,0.5,4,8,13,30,,Anger
0.5,8,8,13,30,0.5,4,8,13,32,,Happy
4,4,8,13,30,0.5,4,13,30,30,,Anger
4,8,13,13,30,0.5,4,13,13,30,,Neutral
0.5,4,8,13,30,0.5,4,13,13,30,,Anger
4,8,9,30,45,4,4,8,13,30,,Anger
1,4,8,13,45,4,4,8,13,32,,Anger
4,4,8,30,45,4,4,8,30,30,,Anger
4,4,8,30,30,4,4,8,13,30,,Anger
0.5,4,8,13,30,4,4,8,13,41,,Happy
1,8,13,13,45,4,8,13,13,30,,Neutral
4,8,13,13,30,4,6,13,13,30,,Neutral
0.5,4,8,30,45,4,8,13,13,45,,Sad
4,8,13,30,45,4,4,8,13,45,,Anger
4,8,13,30,45,4,4,8,13,30,,Anger
0.5,8,13,13,45,0.5,4,13,13,30,,Neutral
0.5,4,8,13,30,0.5,4,8,13,45,,Happy
0.5,4,8,13,34,0.5,4,8,13,39,,Anger
4,4,8,30,45,4,4,13,30,30,,Anger
0.5,4,8,13,35,0.5,4,8,13,30,,Anger
0.5,8,13,13,45,4,4,8,13,30,,Anger
0.5,4,8,18,30,0.5,4,13,13,45,,Happy
4,4,8,30,30,0.5,8,13,30,45,,Anger
4,4,8,25,30,4,8,13,13,45,,Happy
0.5,4,8,13,30,0.5,4,13,13,30,,Anger
0.5,4,8,13,30,0.5,4,8,13,30,,Anger
0.5,8,8,13,30,0.5,4,8,19,30,,Anger
0.5,8,13,13,45,4,4,8,13,30,,Anger
4,4,8,22,30,4,4,8,13,30,,Anger
4,8,13,30,30,0.5,8,13,13,45,,Happy
0.5,4,8,13,45,4,4,13,13,45,,Sad
4,8,13,14,30,4,8,8,13,30,,Anger
0.5,8,13,13,45,4,4,8,13,30,,Anger
4,4,8,30,30,0.5,4,8,13,45,,Anger
0.5,4,8,13,30,0.5,4,8,13,45,,Happy
0.5,4,10,13,30,4,4,8,13,45,,Happy
0.5,8,13,13,30,0.5,4,13,13,45,,Neutral
0.5,8,13,13,30,0.5,4,13,13,30,,Neutral
4,4,8,30,30,2,8,13,13,30,,Anger
4,8,13,30,30,4,8,8,30,30,,Sad
0.5,4,8,13,30,0.5,4,8,13,30,,Anger
0.5,8,8,13,30,4,4,8,30,30,,Happy
0.5,4,8,13,30,2,4,8,13,30,,Anger
0.5,8,13,13,30,4,4,13,13,45,,Neutral
0.5,8,13,13,40,4,8,13,13,33,,Neutral
0.5,8,13,13,30,4,4,13,13,30,,Neutral
0.5,8,13,13,45,4,4,13,13,30,,Neutral
0.5,4,8,13,30,4,8,13,30,30,,Anger
0.5,4,8,13,45,0.5,4,8,13,30,,Anger
4,4,8,13,30,4,4,8,13,30,,Happy
0.5,8,13,13,30,4,4,13,13,30,,Neutral
0.5,6,13,13,45,4,8,13,13,30,,Neutral
0.5,8,13,13,45,4,8,13,13,30,,Neutral
4,8,13,13,45,4,4,13,13,30,,Neutral
0.5,8,8,13,30,0.5,4,8,13,30,,Happy
0.5,8,13,13,45,4,8,13,13,30,,Neutral
0.5,8,13,13,30,0.5,4,8,30,30,,Sad
0.5,4,8,13,45,0.5,4,13,13,30,,Happy
4,4,8,30,30,0.5,8,13,30,30,,Anger
0.5,8,13,13,30,4,8,13,30,30,,Happy
0.5,8,13,13,45,0.5,4,13,13,30,,Neutral
4,4,8,30,30,0.5,4,13,13,30,,Anger
4,4,8,30,30,0.5,8,13,13,30,,Anger
0.5,7,8,13,30,4,8,8,30,30,,Anger
4,8,13,30,45,4,8,13,28,39,,Anger
4,8,13,13,30,4,4,13,13,37,,Neutral
0.5,8,13,13,30,0.5,8,13,13,30,,Neutral
4,8,13,30,45,0.5,4,13,13,30,,Sad
4,4,8,25,30,0.5,8,13,30,30,,Anger
2,8,13,13,34,0.5,4,13,13,30,,Neutral
0.5,4,8,13,30,4,4,13,13,45,,Sad
0.5,8,13,13,38,0.5,4,8,13,45,,Happy
4,8,13,30,30,4,8,8,30,30,,Sad
4,4,8,30,30,4,8,8,13,30,,Anger
4,4,8,30,30,0.5,4,11,13,30,,Anger
4,8,13,13,45,4,8,13,13,45,,Neutral
0.5,8,13,13,30,4,4,13,13,30,,Neutral
0.5,8,13,13,45,0.5,8,13,13,30,,Neutral
4,8,13,13,45,0.5,4,13,13,45,,Neutral
0.5,8,13,13,30,0.5,8,8,13,30,,Anger
4,8,13,22,30,4,8,13,30,31,,Happy
4,4,8,30,30,4,4,8,13,30,,Anger
0.5,4,8,13,30,4,8,13,13,45,,Sad
4,8,13,30,30,4,8,13,13,30,,Sad
4,4,12,13,33,0.5,4,8,13,45,,Anger
0.5,8,13,13,30,0.5,8,10,30,30,,Anger
4,4,8,30,30,4,8,13,13,30,,Anger
4,8,13,23,30,0.5,8,13,23,30,,Sad
0.5,8,13,13,45,4,4,13,13,30,,Neutral
4,4,8,30,30,0.5,4,8,30,45,,Anger
0.5,8,13,13,30,4,8,8,30,30,,Happy
0.5,8,13,13,30,4,8,8,30,30,,Happy
4,4,13,13,30,4,4,13,13,40,,Neutral
0.5,4,13,13,30,0.5,8,13,13,45,,Neutral
0.5,8,13,13,30,0.5,4,8,13,45,,Anger
4,4,8,19,30,4,4,8,13,30,,Happy
0.5,4,8,13,30,4,4,8,13,30,,Happy
2,8,13,13,30,4,8,13,13,30,,Neutral
4,8,13,30,30,4,8,13,30,30,,Sad
0.5,4,8,13,30,0.5,4,8,13,30,,Anger
4,8,13,30,30,0.5,4,8,13,30,,Anger
0.5,4,9,13,30,0.5,8,13,19,30,,Anger
4,8,13,30,31,0.5,4,13,13,30,,Anger
0.5,8,13,13,45,4,8,13,30,45,,Anger
4,4,8,13,45,0.5,8,13,30,44,,Happy
0.5,8,13,13,30,4,8,13,13,30,,Neutral
0.5,4,8,13,30,4,4,8,13,30,,Happy
4,4,8,30,36,4,4,13,13,30,,Anger
0.5,8,13,13,30,0.5,4,8,13,30,,Anger
0.5,4,8,13,45,4,8,13,13,30,,Anger
0.5,4,8,13,30,0.5,8,8,13,30,,Anger
4,8,11,13,30,0.5,8,8,13,30,,Anger
4,4,8,13,30,4,4,13,13,30,,Happy
0.5,8,13,13,30,4,8,13,30,30,,Happy
0.5,4,8,13,30,0.5,4,8,13,30,,Anger
0.5,8,13,13,45,0.5,8,13,13,30,,Neutral
4,8,13,13,30,0.5,8,13,13,30,,Neutral
4,4,8,30,30,0.5,8,13,25,30,,Anger
4,4,8,30,30,4,8,8,30,45,,Anger
4,8,13,30,30,4,8,8,30,30,,Sad
4,4,8,13,30,4,4,13,29,30,,Sad
0.5,4,8,13,30,0.5,4,8,13,30,,Anger
0.5,8,11,18,30,4,4,13,18,45,,Sad
0.5,8,13,13,45,0.5,8,13,30,30,,Anger
0.5,4,8,13,30,0.5,4,10,13,30,,Anger
0.5,4,8,13,30,0.5,4,8,13,30,,Anger
4,4,8,30,30,4,8,13,30,30,,Anger
4,4,13,13,30,4,4,13,13,40,,Neutral
4,8,13,13,30,0.5,8,13,13,30,,Neutral
0.5,8,13,13,30,0.5,4,13,13,30,,Neutral
0.5,4,8,13,30,0.5,4,8,30,30,,Anger
0.5,8,13,13,30,0.5,4,13,13,30,,Neutral
4,8,8,17,30,0.5,8,13,13,45,,Happy
4,4,8,30,30,4,4,8,13,30,,Anger
4,8,13,18,30,4,8,13,30,45,,Anger
0.5,8,13,13,30,0.5,4,13,13,30,,Neutral
0.5,8,13,13,38,0.5,4,8,13,45,,Happy
1,8,13,13,30,0.5,8,8,13,45,,Anger
0.5,4,8,13,30,0.5,8,13,13,30,,Anger
4,4,8,30,30,4,4,8,13,30,,Anger
4,4,13,19,30,4,4,8,13,30,,Anger
4,4,8,30,45,0.5,8,13,30,45,,Anger
0.5,8,13,13,30,4,8,13,13,30,,Neutral
0.5,8,13,13,32,0.5,8,13,13,45,,Neutral
0.5,4,9,13,30,0.5,4,8,13,30,,Anger
0.5,7,8,13,45,4,4,8,13,45,,Sad
0.5,4,8,13,30,0.5,4,8,13,30,,Anger
4,8,8,13,30,0.5,4,8,18,30,,Anger
0.5,5,9,13,30,0.5,4,8,13,30,,Anger
0.5,8,13,13,30,0.5,4,8,30,30,,Sad
4,4,8,30,30,0.5,8,13,30,30,,Anger
0.5,8,13,13,30,4,4,13,13,30,,Neutral
0.5,4,8,13,30,0.5,5,8,13,30,,Anger
4,8,13,13,39,4,8,13,30,30,,Anger
4,4,8,13,30,4,8,13,13,30,,Happy
4,8,13,13,45,4,8,13,13,45,,Neutral
0.5,8,13,13,45,0.5,4,8,13,30,,Sad
0.5,8,13,13,30,0.5,4,13,13,30,,Neutral
4,8,13,29,30,0.5,8,13,21,30,,Sad
0.5,4,13,13,30,0.5,4,13,13,45,,Neutral
0.5,8,13,13,45,0.5,4,13,13,33,,Neutral
0.5,8,13,13,45,4,4,8,13,45,,Happy
0.5,8,13,13,30,0.5,8,13,13,30,,Neutral
4,4,8,30,30,4,8,13,30,30,,Anger
4,4,8,15,30,4,4,8,13,30,,Happy
0.5,8,8,13,30,0.5,4,8,13,30,,Happy
0.5,4,8,13,30,0.5,4,8,13,30,,Anger
0.5,8,13,13,30,0.5,8,13,13,45,,Neutral
4,8,13,19,30,0.5,8,13,30,30,,Sad
0.5,8,13,13,30,0.5,4,8,30,30,,Sad
0.5,8,13,13,30,4,4,13,13,30,,Neutral
4,8,13,30,45,0.5,4,8,13,30,,Anger
0.5,8,11,13,30,4,8,8,30,30,,Happy
0.5,8,13,13,39,4,4,8,13,30,,Anger
0.5,4,8,13,30,4,8,8,30,30,,Anger
0.5,8,13,13,30,0.5,4,13,13,30,,Neutral
4,8,13,30,39,4,8,8,30,30,,Happy
0.5,8,13,13,45,0.5,8,13,30,45,,Anger
0.5,4,13,13,30,0.5,4,13,13,30,,Neutral
0.5,8,13,13,30,0.5,4,13,13,30,,Neutral
4,4,8,30,30,4,8,8,13,45,,Anger
0.5,8,13,13,45,4,8,13,13,30,,Neutral
4,8,11,13,30,4,4,13,13,30,,Happy
0.5,8,13,13,30,0.5,5,13,13,30,,Neutral
4,4,8,26,30,0.5,8,8,13,30,,Anger
0.5,4,8,13,30,0.5,4,8,13,30,,Anger
0.5,8,13,13,30,0.5,4,8,13,30,,Anger
0.5,4,8,13,30,0.5,8,13,13,30,,Anger
0.5,4,8,13,30,0.5,8,13,13,30,,Anger
4,4,13,13,30,4,4,13,13,40,,Neutral
4,8,13,13,30,4,8,13,13,30,,Neutral
0.5,8,13,13,30,0.5,8,8,13,30,,Anger
0.5,8,13,13,30,0.5,4,13,13,45,,Neutral
4,4,8,30,30,0.5,4,13,13,30,,Anger
0.5,8,10,13,45,4,8,8,13,45,,Anger
0.5,8,13,13,45,4,4,8,13,45,,Happy
0.5,8,13,13,30,0.5,4,8,13,35,,Anger
0.5,8,13,13,30,4,4,13,13,45,,Neutral
0.5,4,8,13,30,0.5,4,8,13,30,,Anger
0.5,8,13,13,45,0.5,4,13,13,30,,Neutral
0.5,4,8,13,30,0.5,4,8,13,30,,Anger
0.5,8,13,13,30,0.5,8,13,13,30,,Neutral
0.5,4,8,13,45,4,4,8,13,30,,Happy
4,8,13,30,30,4,4,8,30,30,,Sad
0.5,8,13,13,32,4,4,8,13,30,,Happy
4,8,13,13,33,4,8,13,13,30,,Neutral
4,4,8,30,30,0.5,8,8,25,30,,Anger
0.5,8,13,13,30,0.5,8,13,30,30,,Anger
0.5,8,13,13,45,4,4,13,13,45,,Neutral
4,4,8,30,30,0.5,8,13,27,45,,Anger
4,4,13,13,45,0.5,8,13,13,45,,Neutral
0.5,8,13,13,30,0.5,4,13,13,30,,Neutral
0.5,4,8,13,45,0.5,4,13,30,30,,Anger
4,4,8,30,30,0.5,8,8,30,30,,Anger
0.5,8,13,13,45,0.5,4,8,13,45,,Happy
0.5,4,8,13,30,0.5,8,8,13,30,,Anger
0.5,4,8,13,30,0.5,8,8,13,30,,Anger
0.5,4,8,13,30,0.5,4,8,13,30,,Anger
4,8,13,15,30,4,4,13,13,30,,Happy
4,4,8,30,30,0.5,8,13,30,30,,Anger
0.5,4,8,13,30,4,8,8,13,30,,Anger
4,8,13,19,30,4,4,8,13,30,,Anger
0.5,8,13,13,45,0.5,4,13,30,30,,Sad
0.5,8,13,13,30,0.5,4,13,13,45,,Neutral
0.5,4,8,13,30,0.5,4,8,13,30,,Anger
4,4,8,30,30,0.5,8,13,30,45,,Anger
4,8,13,30,30,4,4,13,13,30,,Sad
4,8,13,30,45,4,8,13,30,45,,Anger
4,8,13,13,45,4,8,13,13,45,,Neutral
0.5,4,13,13,30,0.5,8,8,19,34,,Sad
0.5,4,8,13,30,0.5,4,8,13,30,,Anger
0.5,8,13,13,45,4,8,13,13,30,,Neutral
4,4,8,13,30,4,4,8,13,30,,Happy
0.5,4,8,13,30,4,4,13,13,45,,Sad
0.5,4,8,13,30,0.5,4,8,13,30,,Anger
0.5,8,13,13,30,0.5,4,8,13,45,,Anger
4,4,8,13,30,0.5,4,13,30,30,,Anger
0.5,4,8,13,45,0.5,4,8,13,34,,Anger
0.5,4,8,13,30,4,8,8,30,30,,Anger
4,8,13,13,30,4,4,13,13,37,,Neutral
0.5,8,13,13,30,4,4,8,30,30,,Happy
4,4,8,28,30,0.5,4,8,13,45,,Anger
0.5,4,8,30,45,0.5,8,13,30,30,,Sad
4,8,13,13,30,0.5,4,13,13,45,,Neutral
3,8,13,13,30,4,4,13,13,30,,Neutral
0.5,4,8,13,30,0.5,4,8,13,30,,Anger
0.5,8,13,13,30,0.5,8,13,30,30,,Anger
0.5,4,8,13,45,4,4,12,13,30,,Happy
0.5,4,13,13,30,0.5,4,13,13,45,,Neutral
0.5,4,8,13,30,0.5,4,8,13,30,,Anger
0.5,8,13,13,30,4,8,13,13,30,,Neutral
0.5,8,13,13,45,4,4,13,13,30,,Neutral
4,4,8,30,30,4,8,13,30,36,,Anger
0.5,8,13,13,30,0.5,8,13,13,30,,Neutral
4,8,13,30,45,4,4,13,13,30,,Sad
4,8,13,13,30,0.5,8,13,13,30,,Neutral
4,4,8,13,30,0.5,8,13,21,30,,Sad
4,4,8,30,45,0.5,4,8,30,45,,Anger
0.5,8,13,13,30,4,4,13,16,30,,Neutral
0.5,8,13,13,45,0.5,8,13,13,45,,Neutral
4,8,13,26,30,4,8,8,30,45,,Happy
0.5,8,13,13,30,0.5,8,13,13,30,,Neutral
4,8,13,30,45,4,4,8,13,30,,Anger
0.5,4,8,13,45,4,4,8,13,30,,Happy
4,4,8,30,35,4,4,8,13,32,,Anger
0.5,8,13,13,45,0.5,4,13,13,30,,Neutral
0.5,4,8,13,30,4,8,13,30,30,,Anger
0.5,8,13,13,30,0.5,4,13,13,30,,Neutral
0.5,8,13,13,45,4,8,13,13,30,,Neutral
4,4,8,30,30,4,8,13,30,30,,Anger
4,8,13,18,30,0.5,8,8,13,30,,Anger
4,8,13,30,30,0.5,8,13,29,30,,Sad
4,8,13,30,30,0.5,8,13,13,30,,Sad
4,8,13,30,30,4,8,13,26,30,,Sad
4,8,8,30,30,4,8,13,30,30,,Anger
0.5,8,13,13,30,0.5,8,13,13,30,,Neutral
0.5,4,13,13,30,0.5,4,13,13,30,,Neutral
0.5,8,13,13,30,0.5,8,13,13,30,,Neutral
4,8,13,30,30,4,4,13,13,30,,Sad
0.5,4,8,13,30,0.5,4,8,13,30,,Anger
0.5,4,13,13,30,0.5,8,13,13,30,,Neutral
0.5,8,13,13,45,0.5,8,8,30,45,,Anger
2,8,13,13,34,0.5,4,13,13,30,,Neutral
0.5,4,8,13,30,4,4,8,13,30,,Happy
4,8,13,30,30,0.5,4,13,13,30,,Anger
0.5,4,8,13,45,4,4,8,13,30,,Happy
4,4,8,13,30,2,4,8,30,45,,Happy
4,4,13,30,30,4,4,8,13,30,,Anger
0.5,8,13,13,45,0.5,8,8,30,30,,Anger
0.5,4,8,13,45,0.5,4,8,13,30,,Anger
4,7,13,30,30,4,4,8,13,30,,Anger
0.5,4,8,13,30,0.5,8,8,13,30,,Anger
0.5,8,13,13,30,4,8,13,30,45,,Anger
0.5,8,13,13,30,4,8,13,30,30,,Happy
4,8,8,30,30,0.5,8,8,30,30,,Anger
4,8,13,13,30,0.5,8,13,13,30,,Neutral
0.5,8,13,13,40,4,8,13,13,33,,Neutral
0.5,8,13,13,30,0.5,4,13,13,30,,Neutral
4,4,8,30,30,0.5,4,8,13,30,,Anger
4,8,13,30,30,0.5,4,13,13,30,,Anger
0.5,4,8,13,30,0.5,4,8,13,30,,Anger
4,8,13,13,45,4,4,13,13,30,,Neutral
4,4,8,30,45,0.5,8,13,30,30,,Anger
0.5,8,13,13,30,4,8,8,30,45,,Happy
4,4,8,30,45,4,4,8,13,30,,Anger
0.5,4,8,13,30,0.5,4,8,13,30,,Anger
0.5,8,9,13,30,0.5,4,8,13,30,,Anger
0.5,4,13,13,45,4,8,8,13,30,,Sad
4,8,13,13,30,0.5,8,13,13,30,,Neutral
0.5,8,13,13,45,4,8,13,13,30,,Neutral
0.5,4,13,13,45,0.5,8,8,30,30,,Sad
0.5,8,13,13,30,4,4,8,13,30,,Happy
0.5,8,13,13,30,4,4,13,13,30,,Neutral
4,8,13,30,30,0.5,8,8,13,30,,Anger
0.5,5,8,13,30,0.5,8,8,13,30,,Anger
0.5,4,8,13,30,0.5,4,8,13,30,,Anger
0.5,8,13,13,45,0.5,8,8,30,30,,Anger
0.5,4,8,13,34,4,4,8,13,30,,Happy
4,4,8,23,30,0.5,4,8,13,30,,Anger
4,5,8,30,30,0.5,8,13,30,30,,Anger
0.5,4,8,13,30,0.5,4,8,13,30,,Anger
0.5,8,13,13,30,0.5,8,8,30,30,,Sad
0.5,8,13,13,30,4,4,8,13,30,,Happy
0.5,5,8,13,30,0.5,8,8,13,30,,Anger
0.5,8,13,13,30,4,8,13,13,30,,Neutral
0.5,4,8,13,30,0.5,4,8,13,30,,Anger
4,4,8,29,30,0.5,6,11,17,30,,Anger
0.5,4,8,13,30,0.5,4,8,13,30,,Anger
4,4,8,30,30,4,8,8,13,30,,Anger
0.5,4,8,13,30,4,4,8,13,30,,Happy
0.5,4,8,13,30,0.5,4,8,13,30,,Anger
4,8,13,30,30,0.5,8,13,30,45,,Happy
4,8,8,13,37,0.5,4,8,13,45,,Happy
0.5,8,11,18,30,4,4,13,18,45,,Sad
0.5,8,13,13,30,0.5,8,13,13,30,,Neutral
4,8,13,13,30,4,8,13,13,30,,Neutral
4,8,13,30,30,4,4,12,13,30,,Sad
0.5,8,13,13,30,4,4,8,13,41,,Happy
0.5,4,8,13,30,4,4,8,13,30,,Happy
0.5,8,13,13,30,0.5,4,13,13,45,,Neutral
4,4,8,18,30,4,8,13,30,30,,Anger
4,8,13,20,30,0.5,8,13,30,30,,Sad
0.5,4,8,13,45,0.5,4,8,13,30,,Anger
4,6,8,13,30,0.5,4,8,27,30,,Anger
0.5,8,13,13,45,0.5,8,13,13,39,,Neutral
4,4,8,30,30,0.5,4,13,13,30,,Anger
0.5,4,8,13,45,0.5,4,8,13,30,,Anger
4,8,13,30,30,4,4,13,13,30,,Sad
0.5,8,13,13,39,4,8,13,13,45,,Neutral
4,8,13,13,30,4,8,13,13,44,,Neutral
4,4,8,15,30,4,8,13,30,45,,Anger
0.5,4,8,13,30,4,8,8,13,45,,Anger
4,8,13,30,45,4,8,13,13,45,,Happy
0.5,8,8,13,33,0.5,4,8,13,44,,Happy
0.5,8,13,13,30,0.5,8,13,13,30,,Neutral
0.5,8,13,13,30,3,8,8,30,45,,Happy
4,8,13,30,30,4,8,8,30,30,,Sad
4,8,13,30,36,4,8,13,30,45,,Anger
0.5,4,8,13,30,4,4,8,13,30,,Happy
4,4,8,13,30,0.5,4,13,13,30,,Anger
1,8,13,13,30,0.5,4,13,13,45,,Neutral
0.5,4,8,13,30,4,4,9,18,39,,Happy
0.5,4,8,13,30,0.5,4,13,13,30,,Anger
4,8,13,13,30,0.5,4,11,23,30,,Anger
0.5,4,8,13,30,0.5,4,10,13,30,,Anger
0.5,4,8,13,45,4,4,8,13,30,,Happy
4,4,8,30,30,4,8,13,30,30,,Anger
0.5,8,13,13,30,4,4,8,13,30,,Happy
0.5,8,13,13,30,0.5,4,13,13,35,,Neutral
4,4,13,13,30,0.5,8,8,30,30,,Sad
0.5,8,13,13,30,0.5,5,8,13,30,,Anger
4,4,8,13,30,0.5,4,13,30,30,,Anger
4,4,8,26,45,0.5,8,13,13,30,,Happy
4,4,8,13,30,4,8,13,21,30,,Sad
4,4,8,30,30,0.5,4,13,13,30,,Anger
0.5,8,13,13,45,4,8,13,13,45,,Neutral
4,8,12,30,30,4,4,8,13,30,,Anger
4,4,8,14,30,0.5,4,8,13,30,,Anger
0.5,4,8,13,30,0.5,4,8,13,30,,Anger
0.5,4,8,13,30,0.5,4,8,13,30,,Anger
0.5,8,13,13,30,0.5,8,13,13,30,,Neutral
4,4,8,30,45,4,8,13,30,30,,Anger
4,4,8,30,45,4,4,8,30,45,,Anger
0.5,4,8,13,30,0.5,8,12,18,30,,Anger
0.5,4,8,13,30,0.5,4,8,13,30,,Anger
0.5,8,13,13,45,0.5,4,13,13,30,,Neutral
4,8,13,30,35,4,4,13,30,30,,Sad
0.5,8,13,13,30,4,4,13,13,30,,Neutral
0.5,4,8,13,45,4,4,8,13,31,,Happy
0.5,8,13,13,45,4,4,13,13,30,,Neutral
4,4,8,30,45,0.5,4,8,13,45,,Anger
4,8,13,13,30,0.5,4,8,13,30,,Anger
0.5,4,8,13,30,0.5,8,13,30,30,,Anger
4,4,9,19,42,4,8,8,13,30,,Anger
0.5,6,13,13,30,0.5,8,13,13,45,,Neutral
0.5,8,13,13,45,4,8,13,13,30,,Neutral
0.5,4,8,13,40,0.5,8,8,30,30,,Anger
0.5,4,8,13,30,4,4,13,13,45,,Sad
4,4,8,30,30,4,4,8,13,30,,Anger
0.5,4,8,13,30,0.5,8,8,30,30,,Anger
4,4,8,26,30,4,4,8,30,30,,Anger
4,4,8,30,45,0.5,8,8,30,45,,Anger
0.5,8,13,13,45,4,8,8,13,30,,Anger
0.5,8,13,13,30,0.5,4,13,13,30,,Neutral
0.5,8,8,13,30,0.5,4,8,19,30,,Anger
4,8,13,30,45,3,8,13,13,43,,Happy
0.5,4,8,13,30,0.5,4,8,13,30,,Anger
4,8,13,30,45,4,8,13,30,31,,Anger
0.5,4,8,13,45,0.5,4,8,13,30,,Anger
0.5,4,12,13,30,0.5,4,8,13,30,,Anger
4,8,13,13,45,4,8,13,30,45,,Happy
0.5,8,13,13,30,0.5,4,13,13,45,,Neutral
0.5,8,13,13,45,4,8,13,30,45,,Anger
4,4,8,30,30,0.5,8,8,13,30,,Anger
0.5,8,13,13,30,0.5,8,13,30,30,,Anger
4,4,8,13,30,0.5,8,13,30,30,,Anger
0.5,8,13,13,30,4,8,13,13,30,,Neutral
0.5,6,13,13,30,0.5,4,13,13,30,,Neutral
4,8,13,13,45,4,4,13,13,30,,Neutral
0.5,8,13,13,30,0.5,5,13,13,30,,Neutral
0.5,4,8,13,30,0.5,8,13,30,45,,Anger
0.5,8,13,13,45,4,4,13,13,30,,Neutral
0.5,8,9,13,30,0.5,4,8,13,30,,Anger
0.5,4,8,13,45,4,8,13,16,30,,Anger
0.5,4,8,13,30,0.5,4,8,30,30,,Anger
0.5,8,13,13,45,0.5,8,13,13,45,,Neutral
1,4,8,13,30,4,8,8,13,30,,Happy
0.5,4,8,13,30,0.5,8,8,30,45,,Anger
0.5,4,13,13,30,0.5,8,13,13,30,,Neutral
0.5,4,8,13,45,4,8,8,13,30,,Anger
4,8,13,13,30,0.5,4,13,13,45,,Neutral
0.5,8,13,13,30,4,4,13,13,30,,Neutral
0.5,8,8,13,45,4,8,12,13,30,,Anger
4,8,13,30,30,0.5,8,13,30,45,,Happy
0.5,4,8,13,30,0.5,4,8,13,38,,Anger
4,4,13,20,30,0.5,8,8,13,30,,Anger
4,8,13,13,42,4,4,13,13,30,,Neutral
0.5,8,13,13,30,0.5,8,13,30,30,,Anger
0.5,4,8,13,30,0.5,8,8,28,30,,Anger
4,8,13,13,42,4,4,13,13,30,,Neutral
1,8,13,14,30,4,4,13,30,32,,Happy
0.5,8,13,13,30,0.5,8,13,13,30,,Neutral
3,8,13,30,30,0.5,4,8,30,30,,Sad
0.5,4,8,13,30,0.5,4,8,13,30,,Anger
0.5,4,8,13,30,0.5,4,8,13,45,,Happy
0.5,4,8,13,30,4,8,8,13,45,,Anger
4,8,13,13,30,4,4,13,13,30,,Neutral
0.5,4,8,13,30,0.5,4,8,13,30,,Anger
4,8,13,30,45,4,8,13,30,45,,Anger
4,4,8,13,30,4,4,13,13,31,,Happy
0.5,8,13,13,30,4,4,8,30,30,,Happy
0.5,4,8,13,37,0.5,4,8,22,30,,Anger
0.5,8,13,13,30,0.5,4,13,13,30,,Neutral
4,4,8,30,30,4,4,12,13,30,,Anger
4,8,13,30,30,4,8,13,30,30,,Sad
0.5,4,8,13,30,4,4,8,23,30,,Happy
0.5,4,8,13,30,4,4,8,13,30,,Happy
4,8,13,30,30,0.5,8,13,13,45,,Happy
0.5,8,13,13,45,4,4,13,13,45,,Neutral
4,8,13,21,30,4,8,8,30,30,,Sad
0.5,8,13,13,30,0.5,4,13,13,45,,Neutral
1,4,8,13,30,0.5,8,13,13,30,,Anger
4,4,8,22,44,0.5,8,8,16,30,,Anger
0.5,4,8,13,45,4,4,8,13,30,,Happy
4,8,13,13,30,0.5,4,13,13,45,,Neutral
4,8,8,30,45,4,8,13,23,30,,Anger
0.5,8,13,13,39,0.5,4,13,13,30,,Neutral
0.5,8,13,13,45,0.5,4,13,13,45,,Neutral
0.5,4,8,13,30,4,4,13,13,30,,Anger
4,4,8,30,45,4,4,8,13,30,,Anger
4,4,8,30,30,4,8,13,30,30,,Anger
4,8,12,30,45,4,8,13,30,45,,Anger
0.5,8,13,13,30,0.5,4,13,13,30,,Neutral
4,4,8,13,30,0.5,8,8,30,30,,Anger
4,6,13,15,45,0.5,8,8,15,30,,Anger
4,8,13,30,45,0.5,4,13,13,30,,Sad
0.5,8,13,13,30,4,4,13,13,30,,Neutral
4,8,8,27,38,4,8,8,13,30,,Happy
4,8,8,30,30,4,4,8,13,45,,Anger
0.5,8,13,13,32,0.5,8,13,13,45,,Neutral
0.5,4,8,13,45,4,4,8,13,30,,Happy
4,8,13,13,30,4,8,8,13,45,,Anger
4,8,13,30,30,0.5,8,8,30,30,,Sad
4,4,8,30,30,0.5,8,13,25,30,,Anger
4,8,13,30,30,0.5,8,8,30,45,,Sad
0.5,4,8,13,30,0.5,4,8,13,30,,Anger
0.5,4,8,13,30,4,4,8,13,30,,Happy
0.5,8,13,13,30,4,8,8,30,30,,Happy
0.5,4,8,13,30,0.5,4,8,13,30,,Anger
0.5,8,13,13,30,4,4,8,30,30,,Happy
0.5,8,13,13,39,4,8,13,13,45,,Neutral
4,4,8,15,45,4,4,8,13,30,,Anger
0.5,8,13,13,30,4,8,8,13,45,,Sad
0.5,8,13,13,30,4,8,13,13,30,,Neutral
4,4,8,30,45,4,8,8,13,45,,Anger
4,8,13,13,30,0.5,4,13,13,30,,Neutral
0.5,8,8,13,45,4,4,8,13,34,,Happy
0.5,8,13,13,30,0.5,4,8,13,30,,Anger
4,8,13,30,30,4,4,13,13,30,,Sad
0.5,4,8,13,30,4,4,8,13,30,,Happy
0.5,4,8,13,30,0.5,4,8,13,30,,Anger
0.5,8,13,13,30,0.5,4,13,13,30,,Neutral
0.5,8,13,13,30,0.5,4,13,13,30,,Neutral
0.5,8,13,13,30,4,8,13,13,30,,Neutral
4,5,8,13,30,0.5,4,8,17,30,,Anger
0.5,4,8,13,30,4,8,13,30,30,,Anger
0.5,8,9,13,30,0.5,4,13,13,45,,Sad
0.5,8,13,13,30,0.5,8,13,13,30,,Neutral
4,4,8,27,45,4,4,8,13,45,,Anger
0.5,4,10,13,30,0.5,4,8,13,30,,Anger
0.5,4,8,13,45,0.5,4,8,13,30,,Anger
1,8,13,13,45,4,8,13,13,30,,Neutral
4,7,10,13,30,4,8,13,13,30,,Happy
0.5,4,8,13,30,0.5,4,8,13,30,,Anger
4,4,8,30,30,4,6,13,30,30,,Anger
4,8,9,30,45,4,4,8,13,30,,Anger
4,8,13,30,30,4,8,8,30,30,,Sad
0.5,8,13,13,30,0.5,4,13,13,30,,Neutral
0.5,8,13,13,30,0.5,4,13,13,45,,Neutral
0.5,4,8,13,30,0.5,4,13,13,30,,Anger
4,8,13,30,45,4,8,8,30,30,,Happy
0.5,8,13,13,30,4,4,8,13,30,,Happy
4,8,13,30,45,4,8,13,28,45,,Anger
0.5,4,8,13,30,0.5,4,8,13,30,,Anger
4,4,13,13,30,4,4,8,30,30,,Sad
4,8,13,30,45,0.5,8,8,27,45,,Happy
0.5,4,8,13,30,2,4,8,13,30,,Anger
0.5,8,13,13,30,4,4,13,13,30,,Neutral
0.5,4,8,13,30,0.5,4,8,13,30,,Anger
4,8,13,17,30,0.5,4,8,13,30,,Anger
4,4,8,30,30,0.5,8,13,13,30,,Anger
0.5,4,8,13,30,0.5,8,8,30,30,,Anger
0.5,8,13,13,30,4,4,13,13,30,,Neutral
0.5,8,13,13,30,0.5,4,8,13,45,,Anger
4,4,8,30,30,4,4,8,13,30,,Anger
4,4,8,30,30,4,8,13,30,30,,Anger
4,8,13,30,30,0.5,8,13,30,30,,Sad
0.5,8,13,13,30,0.5,4,13,13,30,,Neutral
0.5,4,8,13,30,0.5,4,8,13,30,,Anger
0.5,8,13,13,30,0.5,4,13,13,30,,Neutral
0.5,4,8,13,30,0.5,8,13,13,30,,Anger
4,8,13,13,45,4,4,13,13,30,,Neutral
0.5,4,8,13,30,4,8,8,13,45,,Anger
0.5,8,13,13,30,4,8,13,13,30,,Neutral
1,4,8,13,30,4,8,8,13,30,,Happy
0.5,8,13,13,30,0.5,4,13,13,30,,Neutral
4,8,13,30,30,0.5,8,13,13,30,,Sad
0.5,4,8,13,45,0.5,4,13,13,30,,Happy
0.5,4,8,13,30,4,8,9,30,30,,Anger
4,8,13,30,30,4,8,13,26,30,,Sad
0.5,8,13,13,30,0.5,4,8,13,30,,Anger
0.5,4,8,13,30,0.5,7,8,19,30,,Anger
0.5,8,11,13,38,4,4,13,13,30,,Happy
4,8,13,30,45,0.5,8,13,13,30,,Sad
0.5,8,13,13,30,0.5,4,13,13,45,,Neutral
0.5,8,13,13,30,4,8,8,13,38,,Happy
0.5,8,13,13,30,0.5,4,13,13,30,,Neutral
4,4,8,13,30,0.5,4,8,13,30,,Anger
4,8,13,30,45,4,4,13,13,30,,Sad
0.5,4,8,13,30,4,4,8,13,30,,Happy
4,8,13,30,30,4,8,13,13,45,,Happy
4,4,8,17,30,4,8,8,30,30,,Anger
4,8,13,13,45,0.5,4,13,13,30,,Neutral
0.5,4,8,13,45,4,8,13,30,45,,Anger
0.5,8,13,13,30,0.5,4,13,13,30,,Neutral
4,8,8,30,30,0.5,8,12,30,30,,Anger
4,4,8,30,45,0.5,8,13,30,30,,Anger
4,8,13,13,30,0.5,8,13,13,30,,Neutral
0.5,8,13,13,30,4,8,13,25,30,,Happy
4,8,13,13,30,4,8,13,13,30,,Neutral
1,8,13,13,30,0.5,4,8,13,30,,Anger
4,4,8,30,30,0.5,4,8,13,45,,Anger
0.5,8,13,13,43,0.5,4,8,13,30,,Sad
0.5,4,8,13,45,4,4,8,13,30,,Happy
0.5,8,13,13,30,0.5,4,13,13,30,,Neutral
0.5,8,8,13,30,0.5,4,13,13,45,,Sad
0.5,8,13,13,30,4,4,13,13,45,,Neutral
4,8,13,30,30,4,8,13,30,30,,Sad
4,4,8,13,30,0.5,4,13,13,30,,Anger
0.5,4,8,13,45,4,8,8,13,45,,Anger
0.5,8,13,13,45,4,8,13,13,45,,Neutral
4,4,8,17,30,0.5,4,8,13,30,,Anger
0.5,4,8,13,30,0.5,4,8,13,30,,Anger
0.5,8,13,13,30,0.5,8,13,13,30,,Neutral
4,8,13,30,30,0.5,8,13,30,30,,Sad
0.5,4,8,13,30,4,4,8,13,30,,Happy
4,8,13,21,45,0.5,8,13,30,45,,Happy
0.5,4,8,13,30,0.5,4,8,13,30,,Anger
4,8,13,13,45,4,4,13,13,30,,Neutral
4,4,8,30,30,0.5,8,13,13,30,,Anger
4,4,8,13,30,4,4,13,13,30,,Happy
4,8,13,19,30,4,4,8,13,30,,Anger
0.5,8,13,13,30,0.5,8,13,13,30,,Neutral
0.5,8,13,13,39,0.5,4,13,13,30,,Neutral
4,8,13,13,45,4,7,13,30,45,,Happy
4,4,8,30,30,4,8,13,30,45,,Anger
0.5,8,13,13,45,4,4,8,13,45,,Happy
0.5,8,13,13,30,3,8,13,13,30,,Neutral
0.5,4,8,13,30,0.5,4,8,13,30,,Anger
4,4,8,13,30,0.5,8,8,30,30,,Anger
0.5,8,13,13,45,0.5,4,13,13,30,,Neutral
0.5,4,8,13,30,0.5,4,8,13,41,,Happy
0.5,4,13,13,45,0.5,4,13,13,30,,Neutral
0.5,8,13,13,45,4,8,8,30,30,,Happy
3,8,13,13,30,4,4,13,13,30,,Neutral
4,6,8,30,30,4,8,13,30,45,,Anger
4,8,8,19,30,0.5,8,11,30,43,,Anger
4,4,8,30,45,4,8,13,14,30,,Happy
4,8,13,30,45,4,4,8,13,45,,Anger
4,8,13,13,45,4,8,13,13,45,,Neutral
4,8,12,30,30,4,8,8,13,45,,Happy
0.5,4,8,13,30,0.5,4,13,13,30,,Anger
0.5,8,13,13,37,4,8,8,30,45,,Anger
0.5,4,8,30,45,0.5,8,13,30,30,,Sad
4,8,13,30,30,4,8,13,30,45,,Anger
0.5,8,13,13,34,4,4,8,13,45,,Sad
0.5,8,13,13,30,0.5,4,8,13,30,,Anger
0.5,8,13,13,39,0.5,4,13,13,30,,Neutral
4,8,13,13,30,0.5,4,13,13,30,,Neutral
