FP1_power_delta,FP1_power_alpha,FP2_power_beta,F3_power_theta,C3_power_gamma,P4_power_alpha,O1_power_beta,T4_power_delta,C3_LSWT_D3,F4_Mean_D2,epileptic_
15.980331796448429,3.092433058887982,0.945395654202782,3.5205247384168925,0.0725604153534477,20.77695820389049,1.4115296026437552,38.578289840769074,7.4036696037401555,-0.0414000986587147,1
223.26780343682407,13.04352459411848,6.659229620150801,58.93889293815765,15.61803304718654,19.951111437308462,3.3719501469181736,588.8936581408478,9.136033349083196,0.0412156561120447,1
158.67390737448844,9.956197634170984,3.478035978275688,44.748317220164445,6.8062208758162,13.993199073818191,2.145762457152609,407.8762274072412,0.0,-0.0292296160575832,1
29.76732588212707,1.5531269125098968,0.5289616749246774,1.7316287260803993,0.023154077199718,2.432159247504421,0.4802813658338674,68.49257806542252,7.366024313616369,-0.0265025258717162,1
33.82107542541385,1.3472797388746227,0.3944627141573174,1.5344658504078934,0.013572694553665,1.5792398608000595,0.4325174910890574,96.67475438644604,3.436430741980032,-0.0008688195721877,1
18.959595202659298,2.3162225919400634,0.8865679025594484,1.9351514523425968,0.0240747889747115,3.037459763039956,0.5322325322950904,45.15556127551357,5.0073619827499645,0.0025414379476218,1
23.940644847942,8.024175333489621,23.143489077888304,2.2268431381852523,0.115484924589005,4.602357169355026,0.9641450869335751,52.41879279498672,4.875801514581989,0.0061499196169036,1
31.099366914337956,2.07136406083857,0.7857112254395048,2.145282456612913,0.0506557678586309,4.699279717816376,0.6759979222274198,66.39181039262726,6.270574723924043,0.0221798865166935,1
24.883290104450676,2.2392912752793133,0.7282211387284296,2.1152657319570025,0.0233811653146113,4.783560007733165,0.7288318888470231,71.18226171329219,5.377675127054681,-0.0242593296885535,1
32.8753534041642,1.3850027588212843,0.4554802333734271,1.2347025701272674,0.0133250296158567,1.4291103935284206,0.4498041930815957,76.38453025794699,5.510877729052502,-0.0110801499800275,1
17.554315390907323,3.2319555848395485,1.0309499096075003,1.757058372952211,0.0539100507528843,3.6626409191473934,0.8038853863919287,45.08319679538781,5.632878715663796,-0.0984436948537492,1
15.859251073847595,1.2183749213940056,0.5819818389088154,1.002897612229632,0.0118998932017641,1.4775262434997525,0.3940796457692658,34.27561226129614,4.914262121741409,-0.0326900512933501,1
25.58938669500364,6.22418219177491,10.15978917107183,2.271660024801161,0.3259849853835236,4.934736558672847,1.2007736678522087,55.31915600157368,0.0,0.0125571726993871,1
77.57292695387133,5.623418333311474,9.869063319597716,8.10550115524712,0.4135237037615773,7.000814168890668,1.8705830277413125,51.990293130216415,6.219093777598274,-0.0868296432271609,1
58.664850071803805,4.5819339238980135,3.594809934138121,8.344140621705508,0.2982474801756698,7.464689245661709,1.5898435894116936,45.80018622567884,6.079627963500281,0.4696718952009788,1
62.66621974847538,5.376791308825878,2.5949440138175515,11.14616060028652,0.5114335252364928,8.28977665067069,1.6211613135511105,72.66267241274537,8.349295917718665,0.0785216336663213,1
40.47275841763784,7.788528086701937,6.748024583223735,11.354850616512378,0.5299277283701177,7.958833041284766,2.365784048783905,53.22912208636146,4.379513253925828,0.0295028304137138,1
48.16175753843905,7.556986414407802,8.144588032358389,8.626716094113528,0.4272414688778056,8.149880938771032,1.903458128898169,44.74560058384746,6.1576274095707415,-0.701078634660611,1
83.29616226209343,4.487123382532917,1.4990975477727309,8.88792056050699,0.2696318966361762,7.956227833112935,1.3813368740772682,67.54146154536356,7.579395030745633,-0.0741393228710917,1
241.86908916129192,5.535346367178628,0.957089332274033,39.30759439397463,0.490336351302845,7.001720230349897,0.8203289330158289,157.71648556750367,7.204769642545919,0.0134597226105809,1
23311.138354172832,2004.029507095809,689.8721642671131,4626.148622089176,203.24911884815413,1969.4227069103624,662.3659578996417,23944.72880078019,11.785343549526644,0.1798380489317137,1
206.56666970254648,5.433189178672979,0.9407592776104602,35.73436173046958,0.3802498301761536,6.602603514509893,0.6991484175839884,180.84153703586185,7.726980149828996,0.0085560737644941,1
203.09824571306623,5.1153765630525125,1.069202824846858,28.9357975816892,0.3662429501581912,7.096820595905991,0.6765915656889979,145.3239972925634,7.008694463923932,-0.0061290198628682,1
245.3325867675492,6.264061958416573,1.1741962427248362,35.646336789243435,0.4107094053678759,7.550617262609634,0.6923369263656247,169.93760342717218,7.95474398601309,-0.0283400869085593,1
189.7905820804347,5.287521876663309,1.014699960432627,31.30936926857349,0.3879868089651742,6.9048100970731285,0.6455111055463638,161.38156890715655,6.7699392095451625,-0.0052488980332294,1
214.0230157626369,6.924599009876697,2.0955109282643942,34.98363018964104,1.17157255931065,8.19568512175939,1.384774869821446,148.19227394927125,8.714219054485941,0.0326835189311129,1
194.54257473796227,5.4318222902268944,1.1635485210050494,32.307593370133205,0.4616297362391477,6.201811094150492,0.7327243235613209,179.8230963265391,7.411199229298299,0.0097856602805912,1
186.45105127210053,5.512145525000062,1.0507776984569923,33.295337659686474,0.3812743925527265,6.407638918118992,0.6956070955437686,163.09640126100604,6.744811281540706,-0.0080190331224273,1
105.74401558960798,5.974938773801735,3.87006473355954,16.694896663555586,6.049357796982867,8.135050806812501,2.076490079761552,173.5812921697726,8.460819969535924,0.0898405349843835,1
15.599855268509788,1.0871745062503049,0.5900083272228783,0.4629935838628637,0.1033535152973228,1.5158587735489597,1.2000431692041644,5.563499856307159,6.912007653774384,-0.0123223024569548,1
26.53963174620639,1.7086568820098444,0.7436059264623877,6.656681408073465,0.3271203597101708,2.1665567304794204,0.3523271117608231,17.651856809926368,7.952097430047831,-0.0066735308539008,1
23.337315900316945,2.7821849107936285,1.3329743671131122,10.319702933045548,0.3373166400598922,3.012445527510496,0.2973685005235624,10.462979300027506,7.606030922426687,-0.0057907324303176,1
21.36517216616572,0.4440890051486328,0.6434542570857771,3.605873862573736,0.2121341217981334,6.358035245238415,1.2599789625832098,245.36064216484465,5.306418379795924,0.1241462861631582,1
22.183559182341448,0.5792702138161671,1.1160857239773467,3.5024334590656143,0.3340286865355793,7.751125963712332,1.555709228091395,295.7175955069219,7.121611414337737,0.0212947395394754,1
678.8476012136396,570.4774681056972,190.25592074689396,861.7870201039473,43.62016146382043,576.8287907622089,186.40907720078425,655.375890583113,10.234844838673654,-0.0556139254268199,1
894.2133938058964,720.0642425392152,247.97767599408596,1102.9051570232548,56.35328312238675,726.564405509378,242.9698691076402,820.1339189758469,10.005538161763628,-0.8267116805375865,1
805.713887665296,657.9916898574709,557.3117294627164,885.4735304708144,291.9412375793886,669.2318786744678,547.3169722319814,729.19025496336,0.0,1.6353184958312357,1
835.7091416032235,761.6845383758998,521.9026115811577,963.2702438445748,244.8774831571714,777.5097062441689,520.9259644724896,746.8354862665155,8.904250760576408,0.1840625059331042,1
954.927055023884,655.0034785997308,221.20509212020204,1076.6400843805236,50.29475135439282,660.5134502115122,216.8340945496697,872.9746857368456,7.655959913439702,0.603283438095515,1
806.0837263558507,599.3656596611443,207.9692548567281,956.0822275767014,49.11623327631073,604.9830498396667,203.7304922056191,737.7801236278668,10.437143448682647,-0.396560247314063,1
627.6284405828814,495.9535995301422,184.8641205797836,776.9916290564877,48.64813866644437,501.1321357852855,181.3067240427446,560.5334733403602,0.0,-0.6920164994897653,1
824.8055406309091,650.3042680830265,232.8062903171405,1037.4692464312905,53.67429920025074,656.2084857781373,229.15081189931325,753.0353659746643,8.315162847785754,-0.0685404701077955,1
700.8409523692926,665.0863160853153,442.4297427170685,890.0965411873576,216.2091300874292,678.5402119408309,431.7450899175146,607.7938603461065,0.0,1.2225489069681863,1
739.4870957933725,679.2034782359735,249.77014882815567,1008.3307315255588,57.60085087606811,686.3933518280206,245.2934329495097,693.5757446468982,7.323102408683482,0.0049201028606226,1
630.34438584826,630.824591794178,409.85690581994913,843.062038533459,203.837482067406,641.4920401970247,404.1783273540358,587.1236565680575,0.0,1.6956339740452282,1
578.8064311074965,523.0694076493502,192.5693568007393,816.4427852513812,43.93730107819261,527.1884682382084,188.78849898359115,537.0935314701434,7.955009776768064,0.3134388779798402,1
663.5062092854905,700.3506770966876,587.1716479449806,816.3129942397318,302.3243883128173,716.3229478342538,584.3046338491342,539.7683863415359,9.743260786157636,1.1673724037611202,1
1084.1638937442262,606.5592716785471,206.9845652517681,971.88625523896,47.27896597964504,610.5308358492646,202.7072395763516,974.7033789146152,9.467257752405862,-0.4374225827877222,1
1038.423956964256,638.7224826240762,218.9959161995132,982.420769700114,50.42152221861577,644.6243836263501,214.8360154468102,971.5808460242832,10.433375058167758,-0.0907115502314944,1
1228.0939724524535,716.2505789313075,254.38581714082807,1130.654015972005,67.44203971803314,722.6906061765986,249.49791063986228,1182.2189339748911,10.659606741152931,-0.0835638748840683,1
1521.161711598614,721.3162894671389,274.8795172232724,1142.3143369014356,81.48058800101258,727.942835574881,269.5740648689332,1439.302388917965,10.393885836549131,-0.2462022589529167,1
1050.2963102907538,771.7462004944502,333.1216244733311,1110.8163837339025,99.19459529986796,779.134839504422,325.92636585052423,1004.7201640487808,9.94714788558224,-0.0036686947414296,1
915.3953231286126,739.2539132767939,252.5651963441352,1142.9352030599778,58.42635713759848,744.9066694078781,247.66118707932847,874.7664322132379,6.343244561483579,0.0090401845295865,1
1050.3467262847382,807.0595053548308,283.3141373899261,1177.619658678317,64.81001038174658,813.4377343770337,277.9966803658663,983.840307325126,0.0,0.1407651130499771,1
764.6251788978093,850.6304129516831,294.4314879417195,1197.094486226648,66.54130803520115,859.0963354726653,289.52556400290564,725.5213367290305,8.542918081099527,0.1654754229271661,1
765.5530040834184,672.5192490399397,210.760115439354,1091.3936243244225,47.60468345723192,677.4258265606718,206.9963737698633,711.921095962284,10.939542764550431,0.0677643077911801,1
711.1045047995137,660.8537936585955,211.06745337963932,1023.0599938516408,47.563073624636345,665.8012313745609,207.04639729566065,647.0382431133229,10.852185445982595,0.2168375078294201,1
782.1503778786313,750.1100210814756,244.39261191273852,1105.2452972210774,54.03243173889626,758.0290121145838,240.57454372836136,752.596837290663,9.784743390841006,0.1228441468737596,1
901.3001106382532,796.6858615138782,259.3103847353157,1190.55397882276,58.842089077421335,803.5462749421757,254.82738709206612,816.6673386722841,10.059686120218762,0.0405527529519046,1
875.2594016313883,765.1588587142935,254.91731299507603,1165.286901209369,56.76754766623844,771.8084457588336,250.4680939042784,795.0831094651138,10.798470398344543,-0.1295691787131631,1
898.4349214588556,760.5088354199253,253.2659302391787,1167.920652573246,56.70182952355931,767.8037543369513,249.1316052127481,841.2051233061957,10.345616757505926,-0.4388561967566109,1
1074.6760463845462,865.2827200209697,285.96242597793844,1322.3432639168386,63.994471608067535,874.2513930471383,281.29023377864104,1015.1550461496269,10.012717584212831,0.0722399156288223,1
815.1150276077809,616.0763131491502,205.75806668882447,956.1270458785236,46.31683309139871,621.257351461046,202.48941425550456,758.3557175726999,8.144527321283281,0.0770232735886496,1
795.3387649891936,650.2013390986764,216.8881654223344,988.7134536555074,48.69245294866477,658.1438680907445,213.43325573251371,782.2637004059815,8.64755042012964,-0.279922621086686,1
1186.5479202573654,603.8509563273194,201.39600084692452,957.0595776557236,45.72988225602979,609.1967207428869,197.4873704932889,1114.4002573180435,7.720275751662629,-0.3888307379690999,1
1205.8208944738467,588.7612877787552,200.0893493361869,919.79469109994,45.03206960710647,594.7856216250625,196.4110016868369,1168.2809287306343,8.89995197940364,0.3683485520918545,1
1112.8004077294618,573.2803287052706,194.6763254049548,887.8061173216092,44.116204101396654,578.4192464258796,190.99770406992877,1071.2770979575123,0.0,-0.187661971345935,1
696.4844652689943,546.7300737462991,200.75612837816035,714.8632311645332,45.09901378480056,551.0016822245411,196.6135693397044,662.5430027546099,9.733055474336275,0.1387388958661127,1
1386.7864464857057,749.552376557326,272.6545986428196,1026.6587849009368,62.71111533507963,757.024686329258,267.64471337523827,1360.8888743019977,8.491532096176469,-0.1899106215078724,1
2608.145353372393,762.9211418894712,264.11176522039,1063.1132145381582,59.46128289682458,769.7319110999921,259.2148435899931,2687.751766673547,8.816229268230598,0.0666425812309183,1
1661.6524020486138,476.3952631240245,166.74793276688206,666.0527701113722,38.09145787550592,479.8852964920946,164.1705531244154,1648.3507576456573,6.784407907606938,-0.2971422284626727,1
492.4982455593105,277.82508877851586,101.50457499830624,348.44464883854334,23.152933023373627,280.414140910946,99.14005936984069,445.6736296328744,8.897131689828562,-0.0600934075704844,1
894.2624080049327,317.76359126494094,117.38357041324,425.2879301364693,26.502083705893348,319.43702722755785,114.11313309543787,845.2329909210446,8.742309788682848,-0.3004881340870013,1
903.6816739166115,306.15987985347783,107.23839118995716,434.8990988660896,24.542709200689437,307.63384064550394,104.73420617198131,837.9182090191196,9.041092302313372,-0.3876649808350731,1
550.8768972978594,514.0974995750972,180.6928076766366,675.6481511723656,40.36396631271882,517.4394068299655,176.71049183519244,435.1194941948729,8.61965929974777,-0.4707686340223669,1
1007.2400332344688,642.3630265749275,219.7488125948624,856.8930734169187,49.26443466367627,645.6388448006375,214.5334824256228,842.4014462096619,9.144723250863484,-0.39234920095491,1
1012.5342738498746,852.2354236715003,285.0448227482892,1142.2375669035148,62.14898086171548,858.1759936648838,279.1972098949623,939.9722232971536,9.598471631465031,0.7441461929904217,1
1436.4245935400827,601.0015738220089,213.2821513038037,851.861358720173,48.11391886299538,605.4227636160193,209.0018597786576,1394.4494718441067,0.0,0.2950815780138037,1
787.8198659851945,656.0342037481939,233.71275605159545,928.2867654748128,52.77337582054141,660.4612954935786,228.91239834853096,732.5051051751731,8.603139360644551,-0.2382572643513491,1
2000.2107259315912,952.6420095887488,354.91303240989333,1342.0754681455646,80.97655814963555,961.8660677733852,348.6708524868729,1930.1092714198533,8.345874554255591,-0.6000095368158653,1
1707.0373335856164,921.5600110208944,332.2772174238055,1289.608572926125,77.92115554004505,929.5861893038708,326.2215542787917,1646.5517664183194,8.622497470394924,0.1303560099161185,1
621.4826169659973,458.6724923229592,153.3674364221249,662.7629063783862,40.43689724165347,460.7085399677047,149.6201830318072,547.7494181349597,8.730562182428256,-0.116026130816993,1
630.5299866286092,502.3331613229564,167.16440806522175,739.6515966326339,37.87626376397647,503.8191894242432,163.16350500099708,551.0121508976619,10.249328814418009,0.0384174373399213,1
1684.3204099280713,313.7858856379213,107.88390756150083,450.8106148788988,24.793551615391607,314.90959585302016,104.89774800350978,2531.86120826216,8.659530778975478,-0.6382250871339711,1
805.9694196573023,602.9521625399933,208.4800740664832,806.0925234995683,46.16244372785687,606.5962154429651,203.89316300134368,661.8502088331463,10.35509365786026,-0.5538434681914703,1
48.64623241355108,11.530971451160386,3.2904228206344253,21.137385769511383,0.1305051989960413,10.039096277299704,2.0958461566021,32.264416556729216,6.7893760066932165,0.0334680168214849,1
537.3200557537833,44.70718520225873,11.57495939329193,44.09254571608878,0.7082759399038147,34.58914616903409,10.31725401035959,506.0375665571057,9.475539243782562,-0.0196386066758922,1
1270.2830465380705,203.0210291471876,36.34178693455314,691.1099643867203,10.790032229172075,205.19211125673448,33.93911161085539,1233.7220243807765,9.016219268285392,0.0128071927760208,1
569.7637713653276,82.19849313868887,18.282888962433734,267.7337269806655,5.911871147123488,81.10550750251792,15.477111328358312,456.361874518568,9.328320974993677,0.0128021741226494,1
634.0259851317154,99.93952125745022,23.706356251808117,283.4957305428826,7.239455078118813,91.6201144104562,19.140231025831167,452.9394820693765,9.522041155827043,0.06196482402652,1
453.8716951469835,84.81513850021953,19.689485488680955,261.5102438681189,6.360684826143856,84.99346358070561,17.439665665124455,426.8452780438936,9.337300040170764,-0.0716051907394409,1
839.8287496713872,124.7241098830829,22.95321581695324,415.3519651069453,7.264408326983428,125.4869017224093,21.158135858007466,786.7015056264139,9.034000080338345,-0.0081128405211132,1
755.0043940277776,129.78356677728829,24.089823708751357,426.2478867360426,7.3607909234430675,130.34656566498285,22.203248365373472,755.5529236406753,7.037622357378687,-0.0061210857497705,1
771.5614457890073,131.34227442443665,24.72288024047732,444.2978235321486,7.759519864490929,132.23817174819342,22.805749462482897,765.8954393587609,8.721993589415876,-0.053772308953948,1
1225.5620585164943,234.93878367298345,82.54241754145467,559.7382008616642,26.036669007670504,232.4396989197377,84.49739173607792,884.1415798703972,9.018886378144964,0.2609974483958959,1
1943.4788565425515,279.0505471924928,64.09269142544062,845.6712033225407,23.14496935169018,273.31648260552873,57.83802620144153,1533.7418238203034,9.708256621781226,-0.0186683931810998,1
168.64566023591556,14.407338488693007,5.765851896117336,10.197229854612806,0.4917422450913318,1.2197149655929589,2.153125449295974,47.661154147938525,7.568231367245848,-0.0473394603893895,1
222.473833933998,15.9090637828694,10.513442139472486,17.84822101038914,9.818280305894984,1.8877977892845643,11.2062829715857,316.96996996319206,8.848007372364991,-0.0416386477027343,1
356.9857383417479,27.706591294877462,7.525998496407637,9.54099173310805,0.4474755391995782,1.2231840823663112,1.6365091617214018,28.869200217136417,7.354131953152316,0.018048254469131,1
148.31134206597756,16.71362809484377,6.320918234717825,11.277745299644986,1.4849775364995734,1.4079351731810734,1.8706570345742808,145.9991242073231,7.537332780586058,0.0493716236378765,1
142.83126303064262,8.235119911302213,1.4215574492245535,9.96084594013712,0.5328037455645382,1.346622400896598,1.1194851402632915,48.96491370612952,7.261246842025403,-0.0167526601590838,1
128.1821189862359,10.480112269191286,1.8616785474363235,9.86613987745981,0.8101666873336159,1.3046388873356356,0.9097892792819444,51.23220293947897,6.821575332440106,-0.0143495370981515,1
85.55212747962538,6.8396519285192285,1.241970458672589,12.094137295233644,0.4762461741055787,1.615514607396923,1.2513261045905606,82.15871985889011,6.438030371328328,0.010452455256224,1
77.46912517123587,4.319386265694214,1.3276152967670305,10.759796872713611,0.4121512810781414,1.6105410834376628,1.3173554949515358,78.20106030882174,8.390012253076433,0.0294066691017846,1
225.01596258281484,3.4609077121953384,2.354091969984065,3.958576204790442,0.072818905889196,5.351454146318122,0.8910081695565301,44.37378959677935,3.5043600746070007,0.0640918667568202,1
17.46783238658307,2.150175124376837,1.045820274682299,1.1580612717291698,0.1218685219716455,2.9498627890078684,1.5854630914471828,13.255446958536156,7.872501242754911,0.0123514219869562,1
43.579875244187775,0.5925784763421786,0.1253634482471335,2.4051728734221403,0.219957596550018,0.0922798423666187,0.0357330518266462,7.326078845434967,6.51094392407329,-0.0024002429764361,1
12253.090950990329,11683.821919345306,19457.85334107414,5710.012690245988,2221.39218730943,3653.074683553396,2187.63094370818,11729.717044458625,13.040364984954929,5.162497767606553,1
436.4183825438829,36.07939711910757,11.090226853888543,4.862334617675159,4.714596760200052,28.63877223281268,1.2132203845268277,517.0051922090718,6.514186239954412,-0.0520952811812483,1
42.01106493776336,1.873190285133009,0.8464267584327807,2.4566280268037275,0.0319586084832631,2.7680323324305225,0.7192219575362944,163.63265512863657,5.534247767832687,0.0223999307980463,1
70.80727879754231,3.6069790409384006,1.901891726988289,2.7160605013378283,0.2160291158935267,2.895899530194649,1.1970375327745129,82.56985085748899,7.661385064358312,0.0256037810565497,1
71036.50313695746,3266.932463152513,1071.2075054396412,6617.818221803169,370.98983306338783,3418.770512010041,1117.1434293603645,70926.37293873384,9.25641472091641,-2.1968842971039817,1
81.84703170994813,3.407251828633876,1.131855814480028,2.5363257268603525,0.0394220619499075,1.592563418183052,0.8025625914515381,48.20359753866503,3.8176174686213873,-0.0545011648231296,1
21.33583752544498,1.2212149399972274,0.4181012756210386,2.026001151764372,0.0172349397730072,1.2269756320518015,0.4519597191880656,52.4815857800724,4.973894788356967,-0.0144139041884711,1
580.3218582291629,15.6963152489021,8.865392928697274,5.298821122812093,0.0693836900706322,2.011052513657265,1.2469952546427618,82.21337759003627,0.0,0.0314325973200751,1
358.2898903429922,7.987251846081074,1.7885757545050855,3.713851740998583,0.0572495401666752,1.8184467220095,1.0497470850373152,59.24931545414008,5.747802896770151,0.01066108756931,1
12189.284628754898,391.2998031154572,120.82555865535052,653.8383925410222,39.9768639242056,452.6952112206732,119.45567120337203,12274.31207473957,8.299573699803991,-0.0884771392448243,1
372.79142832300505,9.323891667956993,3.5311979252577017,4.549368600408023,0.1130650267725015,2.291466988594613,1.3521072474726763,41.77873686238771,6.9197085597222765,0.0223747872897455,1
32.412036122484395,1.961855525078128,0.45083961021767,9.18657754598397,5.9509818694218,1.5512989958755372,0.4774887054344481,40.4474185754458,7.033291925280694,0.01577004390697,1
34.632933779587134,1.1819401518515458,0.1549022830244073,7.596437946044473,0.1017896477729225,1.1327892214156532,0.3830438619576093,24.11290208815989,5.744130642367272,0.0006195600665344,1
547.0933804319529,18.194828751920408,7.408572467941932,13.083563634081306,2.4556604741232584,4.930267361899675,3.9199893446141534,99.68992309914525,8.676118979706647,0.0075717991647538,1
72.05878006041301,3.2616690709258904,1.9208987234411088,2.5411974941356674,0.0861746963645161,4.1811964849538015,1.9280421164761297,51.07191260351232,3.510768973390583,-0.096836023419698,1
28.82719524896429,2.013862410028039,0.9058479561408982,1.8515855701610016,0.0556276371226186,2.8397988722421847,0.9785449623414664,38.01250091504984,6.334027944990808,0.0067381904669373,1
491.4580125230278,24.65394151920212,5.457314677245009,85.46640841935657,2.622176984490979,10.428574599279877,4.530038811417789,52.68731115589829,9.022029168464384,0.0123694967980746,1
60.565290341282775,5.856978746160864,1.5570665905828305,6.737896981620335,1.009925205084517,4.479013150208631,3.938231444268325,7.734156758229141,6.485512860122486,0.0234512045951402,1
19.939012451215746,10.854629061817269,3.649184351881809,21.678153098240568,0.6012234443173213,13.645418319477288,1.9805260640001645,11.322174316808365,7.213385318496423,0.0506533443530522,1
134.9406166155493,10.19605606371256,5.36955632724153,25.48231987935632,50.210269913218326,12.700650722520225,4.879156202908437,107.42654190220388,8.772342914922655,-0.0700547079703198,1
667.7064468262728,178.5527344359526,38.09326323327669,360.43549357231456,9.305705372949465,179.18278428665496,38.612534558814005,571.9943864066422,0.0,0.0747247948160282,1
508.9773396120064,6.2900295626058265,3.5907977555398047,2.0294904442896207,0.1999905177030066,18.58527551831697,2.189632808602506,25.95323423571855,8.314832872246129,0.012834630351195,1
70.72734704675669,4.730495868295492,4.666817249740304,1.7350916923102515,0.1132820548085637,4.13223590754971,2.1171099395552835,25.635029992896595,6.259104964541971,0.0288513201136053,1
70.6373469602668,2.7006101229193376,0.8250095478255287,1.6655692899757462,0.049672554754161,2.284508432135842,0.8885922930244825,48.0161646087516,6.325919653808088,0.0182141630709734,1
127.61376889945429,5.459644339890658,1.5234585614645262,2.600243525020676,0.0774790357368302,5.679671498651207,1.8700461152603032,47.56672813551964,7.539300537443314,0.0003262318535513,1
26.85765434715849,1.346807786222255,0.8153222551067033,0.4504901972967834,0.0402054818155032,1.2896839092876236,0.6751552931898809,10.917859028276371,5.7587659377648,0.0208803829168652,1
56002.76724542626,2179.290178100888,80.99151405935784,0.8679288387171308,0.0243070410135077,1.359867828765028,0.4770590548327438,32.889073903681606,6.4838826263316784,-0.0125290386905104,1
510.1783228025516,7.876767459243059,18.55364094291027,1.1635195547354873,0.1193722806037669,3.815070532730703,1.7368295520074346,24.32193842802207,7.033007441995478,-0.0999633154746362,1
221.5478801389563,6.118893197745569,16.819814599928552,2.6226392858731606,0.1122325483065551,19.194108880815698,1.8105694549374804,29.913097351680328,7.553889232520382,0.0787950286848119,1
490.0609986271325,5.965818156244253,3.187564496742952,1.5477929686638114,0.1752733932238069,16.348165609401526,1.92289788779794,25.33431199876409,5.228446011638912,-0.0692135009235211,1
46.44458014237155,6.245956819046189,2.0192999861025203,3.790447565591636,0.1322095979449025,10.281215934641542,2.6348514493088686,32.09129353218443,0.0,-0.0190414187727968,1
48.50217454496515,4.287592416403294,1.5658987025955302,5.057607693199301,0.0616974605398396,4.757427795044305,0.9734848623420366,35.32584430418146,7.1535774210398095,0.0103203326350018,1
171.25494611033128,20.657972381013128,9.609369568940794,15.04538236440574,478.8721060276724,43.5058285957848,17.318019386025764,153.50661944296132,9.355736065316435,0.0743450974846317,1
63.42904819415629,2.445806842246278,0.7714137999962708,4.5328246660851566,0.0799194225237149,0.3160964642477919,0.2067320174028604,37.31568852337273,6.559175722870092,0.0095536089746089,1
51.75660748327822,0.9959353530818086,0.256187746236014,2.5597883998265,0.0260394089211945,0.1161560529912396,0.0826934552136829,34.780072838279835,7.113942561999573,0.0003320084169011,1
87.58567027091551,2.145536070546551,0.6738774896842404,4.247050318911774,0.0868884616143001,0.3601996755526322,0.172634345511194,50.17191524601174,6.098145503859935,-0.0178938540668094,1
174.8879927645981,4.493503709483614,5.105423983242992,6.7664925342018725,0.1079797466885438,0.4936479596693261,0.3003109267934416,84.41469659672174,7.189298207937727,0.0739547313433537,1
78.03419350571319,1.2345023179026526,0.3157128400211376,3.1258094623495274,0.0367625482896125,0.1714548730085532,0.1005310732203539,48.97713943722806,7.748397184389588,0.0035245110348725,1
84.72321947589334,1.63300733258634,0.4804843626002834,3.792567583423386,0.0489325359829615,0.2292938462029252,0.1233398087687733,44.888047232093975,7.30717102554877,-0.0177859097988594,1
113.76864330830476,2.3428762048340874,0.6782349301495612,5.703770955241247,0.0681355541266413,0.339694101921226,0.1521253766015611,60.1337529192329,7.677432820574608,0.0104083949027752,1
84.46942136749003,1.9513042591554663,0.5873128666780443,4.3605346175881525,0.0557059336697683,0.2157178014308089,0.1212202061253401,40.57263843865926,0.0,0.0288793602478858,1
69.17684582129577,2.0246712046026234,0.5771071210671643,4.753128924782731,0.0583055426278211,0.2437531690252748,0.1381162834790897,40.52414654597261,7.579361952856921,-0.008159232940588,1
65.278205248699,2.3494423907278663,0.7062926386041887,5.412855319736804,0.0673016487308444,0.2950530643326584,0.1743599217379181,42.0024458525833,6.942042581392225,0.010564965899186,1
81.4563281470123,1.68391832170774,0.4538684529208919,4.373396389409386,0.0471181283233494,0.224877482166934,0.1165758444857776,46.15462981940542,6.5292707728824375,0.0111839873437635,1
171.76432503313904,6.93838711732568,2.464917075784613,13.664960029234669,0.4161828805063463,1.3476670598300773,0.9113197148336886,75.74215624479281,7.441325056791568,0.1008165787023232,1
54.79819709609304,1.6070458494667554,0.4604168598597977,3.59220763912068,0.0431174958873687,0.2605324501854061,0.1544425415181647,30.896067721865236,6.654346008606179,-0.0015420885134996,1
70.26627200443086,1.2431843435788492,0.3427930480141774,3.4164233325637934,0.0354706944170429,0.1362515236309789,0.0965860085968954,43.728905516866405,7.584262064949284,-0.0010040872268869,1
25.613989282376643,0.7380832931288407,0.3139308111380974,0.8617881943916227,0.0563497272350722,1.3246810870088828,0.2970248785357064,35.24644052786855,7.375986690312136,-0.0116131647777207,1
27.78785524431209,1.7148044320079985,3.2098197686656937,0.4234567473149314,0.4009901057236974,0.473550618797017,0.5224930509611989,5.930789298777994,0.0,0.0140553677292829,1
89.421844152247,3.3987619229678594,7.363220625890656,0.922317968841106,1.3105479809371647,0.7684624333967116,1.2266574075908656,27.10961634583516,6.9155911146801055,0.1307833441838611,1
36.0979797711498,5.956953643255143,3.183660592071457,5.996165044250328,0.217581762905893,0.4327919914559939,0.6582573347353099,41.24003200739383,4.4265752637623486,0.0402961242344595,1
15.448191588740375,1.1118754766067165,2.191370865505153,0.7002868268637763,2.275076711074897,0.7680592735221925,1.301059237003677,17.979537578103873,7.856430143211497,0.1335899986244672,1
6947.985984409665,965.2252985393692,2181.5663148417543,1132.9841996196146,244.62960164230896,828.6094603497118,2279.9650496461263,6867.555246085187,9.836105680520213,-0.3651120319870929,1
18.248976951109945,0.3032245595394332,0.2196962055567707,0.9966023200707594,1.6268341380087232,0.2762132191389673,0.2416634385860941,8.30818793059382,6.145289387553523,0.0207501140651208,1
3.013912557826841,0.2682750053977574,0.0863645279219842,4.618513626906969,0.031805244134657,0.1372859897665536,0.1996147402859873,4.457705424378519,4.89666905045636,0.0126937716373328,1
11.455851870858911,0.2825979357571669,0.1506313051475421,2.111047238419786,0.0155708475638667,0.715317491407223,0.1767046937327002,760.4916596177515,5.8632354493641925,-0.0327060921690131,1
37.24532749235431,1.1231993852727795,1.021627208401107,2.151725535576212,0.901567836557184,0.5687864061685658,0.734086041069293,16.973707821156367,5.618749008037912,-0.0538463290302536,1
58.502245623762505,2.8262326194603844,2.4536615769425048,3.2690518618194813,2.1469120657985807,1.0472500414937875,1.6058026324010346,27.13761256192816,6.75298413250077,0.0356943329676903,1
836.5242013939786,6.698270427978914,2.63278424251722,11.735515555891242,2.4009841962669167,0.9560713611552172,1.4906713936786469,35.695222428804215,7.9523029603621245,-0.0106269515508868,1
26.101701495012573,5.9822513701746445,1.0373398222524013,33.76246037930556,0.5391247972326234,4.352638498014277,0.8915661754553442,2.102134530067314,6.808002532009853,-0.0261771735142709,1
102.4112680353079,1.7903126727061862,0.5829807611723448,1.4929790920772354,0.0855517841161062,14.817836548812986,0.9892123942660788,77.76183766329422,6.510691166876257,0.0093596671031909,1
153.11477611771508,3.7412632824380303,4.304678873096783,3.3266244382266965,0.6076366390174763,2.4912627910241056,1.9707835785961527,71.06841875229338,7.003707570939713,-0.0403947515041811,1
29.923052853066068,1.03596891728587,0.5090017607313712,0.7973010823374455,0.0667317190113129,0.7285791610082499,0.4322328114501314,9.772477443003156,6.034339409962902,0.0483486507964438,1
472.6437051749096,61.44453505819341,60.91496428222529,83.84780520471242,16.580656610992406,55.41452173289144,15.366649024883836,397.774780024964,6.030409458244412,-0.0473942767624025,1
11.432903292580766,0.2944063636654148,0.0819027680880009,0.5253893740275043,0.0050188448195858,0.2387094605299251,0.072228375972582,23.747364367856942,4.149444406815726,0.0079786868213055,1
36.307580244589616,0.8497633384525465,0.5706453067586047,0.5880963714489593,0.0817484713441357,0.3283357620758379,0.2886048334533641,5.9523872396579325,4.903334676896908,0.0297060947106034,1
77.78024335418,10.473098168907278,18.688699105719486,2.3392472120407835,0.8925998496407799,5.8487304434891865,7.628047319850744,36.11674222718388,0.0,0.185511088414808,1
60.8032497220976,12.152647480933664,24.33917790107873,2.7572497997437453,1.4478688035147529,11.056759507181225,10.72569329785816,61.23807786674611,0.0,-0.1774308037492523,1
60.258404088004376,10.576413699694037,17.342507902404986,2.37383460065804,1.3758187390937775,10.757830627994574,7.2573789960899004,47.45198806832086,7.984933182663164,-0.0313289153968473,1
23.289325224627262,1.236816362584533,1.8796505580461096,0.7132884900116138,0.126467554665055,0.5916112493802786,0.5102975156381679,18.574243499274555,0.0,0.0753344630165048,1
108.7929505971287,1.7918679343813206,1.1225913651925146,0.7179341141812513,0.0652679595074341,0.4266210498933379,0.457131758477775,12.117746376413596,5.909693970942727,-0.0155098642933967,1
24.068173000234427,1.329652374121972,0.5676196532740495,0.6470494511605374,0.0376718117968507,0.3074631339946771,0.2332765434179905,6.9864035071459005,6.8725084037824775,0.0072591708993401,1
87.68570104328863,4.99980281141105,6.311509729304834,2.930254344413324,0.8011125439135092,4.188762505384736,9.016175698313775,202.39190638124907,5.846177977627107,-0.3140045104565835,1
130.69182136996687,3.1703715070829914,2.41389525941896,1.2120014270368031,0.5168906755272511,1.1029962757011569,1.3696991014082809,11.754328972662137,7.122313808993943,-0.0445189357920612,1
20.890445111063176,0.9677959030313628,0.5522746790063168,0.5144562028363242,0.0363813460190019,0.2618613683975159,0.2692339468598538,9.751846436095777,6.019768380457534,0.0193715353219202,1
152.53812904681126,1.35895264377143,0.9490878443141666,0.423449205315136,0.0231121470216949,0.162654252643187,0.1651067608079913,12.144472435904468,6.4476705730478026,0.003931486881453,1
56.69175333681848,8.389466121190887,8.039752951475307,0.6756253771765253,0.0512465694420026,0.3467181134441045,0.4268169426609016,11.94723653951002,6.827897872821687,0.0979938829791272,1
30.188824978994614,1.3051708804341453,0.9219068316974878,0.5557302270694932,0.0655992338784083,0.4211503514433329,0.401431645572586,13.67052407135899,6.078525251534977,0.0289916980803925,1
11.583844983290303,0.3818440028134359,0.2683515483658508,0.4040438936836678,0.0309602971156448,0.2576374252404215,0.1382062550159527,4.987685508013328,4.8611889416087015,0.0295586167775879,1
239.48507841373012,3.020131385262013,2.8457024310972963,1.9736481869466616,0.2992334088618982,1.1655532222065577,1.3634703224853617,18.934032098658896,6.693159811881902,-0.0034460081474386,1
320.06458602066573,3.647590378092545,1.7797386292028206,1.6946732719689503,0.1475646213221313,0.6630082963185799,0.8119638602750179,19.79211758768088,6.090029843682768,-0.038852071434881,1
57.24987947223227,1.243735708301878,0.8856989866429262,0.923775223132369,0.0823282810169018,0.5411031347908909,0.3724629776376118,8.450570978547193,3.909899963428272,0.0208078014595551,1
651.657744046713,3.4746136928552787,1.8580095648771944,5.543530469678013,0.2081077307173728,0.7720323848916267,0.8609970811822429,12.145644619872035,5.470191474050464,0.0441473359532643,1
566.2085073960715,4.454820321364674,1.9699767172651432,6.747419106196539,0.1509911602689516,0.6284166439044979,0.5652506656505171,12.11975132665492,6.695256883190331,-0.014741618029348,1
352.30611003570635,1.8286823389970808,0.9687601255375574,0.5415651901447124,0.1304282812650463,0.2894003151137989,0.3236720480045375,6.119247407015803,5.279603235019068,-0.0682766889546044,1
95.15344833278,2.7366846259484867,2.8374159825218968,1.0423068947520695,0.4700152584483437,1.059097198534475,1.1498061612442805,12.285624158435686,8.231291917036033,-0.005018065705019,1
2111.955489926482,65.79024602597869,13.168035183165175,204.99471694053983,5.732885918874981,5.85001928292755,12.340667365210471,249.6327951769105,9.609663141154146,0.2139225552636653,1
413.57445959820944,7.594191761447395,7.138673264319007,4.620555938568863,0.8417251149083825,0.688554496966866,0.7013001365111619,14.045020162147017,6.974840884358351,-0.0043906051787764,1
405.4824024728435,9.93715964940909,2.095587380648905,20.12308960647933,0.450272087867368,12.986890041858528,2.3099645167119767,294.22809939147703,8.137646354728773,-0.0108773995239951,1
610.5506903544872,10.430626497167577,2.8328868607385904,55.28466869678086,1.9866557818078512,21.469855977204045,2.7790060162964694,295.7926397402016,4.81606084363338,0.0837717421412422,1
548.915176853722,9.939786735556597,2.4874000736197672,50.55406540384093,1.4600391688868386,31.155788105270773,2.43634717078102,271.94626160768047,8.351633197083872,0.0800347594397272,1
347.32502880184217,10.310747090795648,1.9969743122871368,54.09174922119254,0.9978010299184864,12.537650914400857,0.9919413797663736,174.80746394645024,8.760862709131082,0.0114044564673908,1
14.986212824077684,0.8218907511945871,0.6870979282749095,0.4427067462022521,0.1340585473425483,0.9009969028020892,0.5387249317975155,21.22963477324785,8.229630993071066,0.0222191467202476,1
2.088925845150016,1.6396092020189157,2.492272681098223,10.005268908598088,3.3511851028706263,18.530413664104653,7.010548720187784,30.082638103491444,7.675016141300326,0.1311131556351697,1
15.311959131247578,2.5167643560160564,0.7653346216272222,22.054605935764062,1.570147092998238,33.76821729788562,8.599172435755369,198.94928069708584,7.010636073178341,0.0525046990605269,1
18.88721299254796,2.515969169876552,0.7550051121996534,25.60347310240916,1.5111908471088062,30.55690085838727,7.514720950377373,271.05108491382543,6.789097054014088,0.0078859775021496,1
9.706424653906234,2.3364908540171894,0.7321514430917982,18.99185509736532,1.143570641789014,22.44399535790612,5.588361849469575,132.45287179733538,8.512392089026893,0.0161636694204254,1
3.402505205162284,1.0165868358535533,0.2924829981074597,11.86913830064632,0.6322256081874614,10.33500289721978,2.5094142488396183,80.13629885051517,7.335461304619045,-0.0118500917662718,1
14.507303182410988,2.3481504770292827,1.0213016873242182,32.46090249156419,2.63142565127344,23.78025382501411,6.515292794859524,194.66055322937248,8.631056593265718,-0.0365911103937217,1
17.42913862107156,2.3958222286954896,1.1869876033687423,29.53392275134341,1.7341804208041829,23.4802751142434,5.979149927481292,288.774773898577,8.659880834088392,-0.1149169468433475,1
14.890904305999836,2.5131207719581528,1.9509936243824024,29.96130587146424,1.6442418463806372,29.59325087100028,6.601393624924272,233.2644528052076,10.439657099151058,-0.1757109591777265,1
19.403626648723627,1.8465440028246825,1.113085762019521,25.09918085032835,1.239890235136302,23.985312241582623,5.272157940683567,239.7552051494736,7.399989799400026,-0.0137713931861641,1
20.139425485927188,1.7490066622235818,0.4628865498752111,26.479797192838674,1.1788070137222604,25.848851688159183,5.492148946112002,226.28839441792425,7.935383550049008,-0.0165592398764663,1
3.8152073220365192,0.3892470627159163,0.0647317534584329,21.85803941905952,0.5028199574941884,5.898147085985088,1.92323753036513,45.12230048602951,3.8185069340917015,0.0255716911259298,1
21.198864491754428,1.1019738872637113,0.3555349012784172,23.39452278910064,0.9897437638530344,17.091237635649293,4.1578576587323575,281.7741247642865,9.33826649990442,-0.0065521242960473,1
6.689423376863627,0.7524624005962048,0.2537815106444205,29.18443985945007,1.6124375301353189,29.325350890521094,7.563905983497793,149.37821985570886,8.456333792543866,-0.0059165610752244,1
3.744330812057368,0.5140094302677809,0.1975995942261156,28.91827905052097,2.4970614292533253,51.12233477870817,12.12627265297033,411.9022853054233,7.237555590321477,0.0433960938000534,1
1468.4436096988916,29.7028692643554,5.1860409574302695,12.12493357776494,0.1201934991601328,13.0110928164337,5.900748698868832,439.0874561853798,7.4357264470126685,-0.0142281985337148,1
1100.8991667455782,49.63464315709432,8.890410040283472,15.900811775942062,0.1209084894154276,10.02238954693074,4.858153496017179,365.1663619086543,6.711254779118095,-0.011657668447311,1
902.6137843198316,67.88358418842748,12.180635123313534,24.161495078231912,0.1440524009771117,8.119654912606741,5.0594105513394885,379.91009060999,4.951386599427299,-0.0103451688345579,1
593.8821341333437,74.54495454195317,12.893374427373802,25.34360402495336,0.1174647178350029,6.075459007586027,3.756098289570004,260.6790471255893,7.145017364182492,0.0124910992970468,1
765.3555661186763,80.25323628363783,13.995902449608469,18.194659359481424,0.145567322701651,3.570693157150656,2.5964142694087395,194.1937119819185,7.123859810899542,0.0216160558218404,1
580.502998673605,65.26874322508226,11.231608446129592,18.99302510945441,0.1421637826444173,4.080470279327807,2.425057812115623,198.45134856916025,7.847215274606833,-0.0108100444002084,1
570.6712545631632,57.83860845675996,9.69417677458378,17.323416352902985,0.1368606340536604,3.6357972716923417,1.9091499520697723,194.66447685339776,7.371715077770425,0.008732150817647,1
580.6167130707622,56.62433896235459,9.087208570130118,16.671100702818176,0.1960960851571968,3.5555027330735176,1.667618504443764,184.70401198004933,7.005660310424496,0.0254635499345789,1
717.1987769478702,56.79194489907238,9.1093875893545,16.607690407631143,0.1221069072257527,2.785446271608301,1.2246222794288375,186.10369616885623,0.0,0.0252027697633885,1
634.5474629269564,52.07854545327794,8.448989178778683,16.790218211951093,0.1302451071076019,3.1380534449179924,1.3341014467042596,200.8489413870003,6.579550283999264,-0.0318148777682538,1
639.8079163652899,50.26597818554621,8.22913728207664,16.696549970687894,0.1188825262247053,3.087911547614268,1.2444662783569271,200.4528559483473,0.0,-0.003906445557759,1
644.5304719402583,33.47648057546752,6.124844556417422,12.3546178360289,0.1717233836292056,2.170446888545936,0.93354284032432,195.8367205368052,6.729908880202867,-0.007697586422507,1
540.4717202040308,36.264767434844366,6.213232284835071,11.575949539619115,0.3149989066879368,1.533764712522497,0.7469911753586751,185.7871500931453,7.272971116783304,0.0122226705387488,1
351.1030614052118,24.039751025103307,4.0347159046095085,7.626041012527683,0.1282852145623068,0.9669772975763162,0.522649015324123,144.89753128094318,9.19104806005736,-0.0004398428814978,1
266.2896194441044,47.976509267394206,13.66266996947789,8.8095191079951,0.3275387333513417,11.958957917407565,3.653749812122333,60.3099896540455,0.0,-0.0169269122243031,1
188.07380153599453,4.1994085138869615,3.079666070371683,1.5261320177149278,0.1622378338579305,58.48081561487575,0.569828275095509,17.699726515921082,7.658409051965323,0.0157757771004352,1
268.95218605951914,4.609203006792301,3.0933678965813507,1.849785230151416,0.070247781607318,0.7823962839683627,0.3083876755822529,25.62914563500089,5.819989343641852,-0.0267671382669697,1
414.1933929446607,11.491144878844226,10.542631236559576,3.3813895819523823,0.204386131616318,1.255344969649669,0.6465443897376195,33.024688348383506,7.407799638255942,-0.0409747519395509,1
187.99753177770452,3.9487601313678935,2.8653150146659585,1.3264720250804545,0.0405840619103594,0.7324333661317193,0.2365110199905304,13.632330941320811,7.198246142363434,0.0021746833377248,1
275.0149400012981,4.355543881711093,3.511388174313982,1.46017659398548,0.0453988475413724,0.90731087518274,0.2548242692506666,21.42695543858304,6.669123762154612,0.0709269425819043,1
652.2258928559003,18.64213704715757,15.226851765812276,5.214720414493995,0.2635741871744641,1.8969060831983464,0.8531857659012246,177.43844814735365,7.455624476202071,-0.0136945827316225,1
537.6848865316855,12.457819410421312,9.249555502430962,7.050566442298354,0.4342079738620405,1.8139608120021589,0.8423394929804351,56.7197391873951,6.908265769412229,-0.0459115586060175,1
426.136772533612,9.569820413506386,8.63840855338327,4.081508384517805,0.3567973424237704,1.5145411354541425,0.7191570283968572,34.96116954593043,8.490816699612413,0.0110110510543839,1
40.03705878210948,1.3673639846682897,0.667351189585239,0.8287887982896359,0.2178785034430301,5.1207783881391045,1.3610702564797323,9.906905641157271,7.197099093077733,0.0208184131068169,1
116.06684628143108,12.28726784733517,3.197730192844183,21.69841636351641,2.3360523359137413,46.232877776093005,3.9887946876749134,17.884092435765268,8.51406845998136,-0.0274394879861169,1
114.36351695586576,26.420972450832828,0.6259961011103299,0.5122563732809376,0.0297023437438472,0.5651539078770024,0.3057661978521352,7.2254528202634205,6.513076881583893,0.0402698314169865,1
13.813075224681974,1.3627964971857849,1.4021031749398345,0.5522258479330547,0.0406527070157711,0.5724506840489615,0.2861991715867668,6.90986364348153,5.543428933966048,0.0270755305978114,1
17.097059979456198,1.3174171273328847,0.4766773420523042,1.0881164595522168,0.098390070949163,2.7521544337639527,1.296691508633692,15.239895450113346,7.314023339529575,-0.0032937942476602,1
211.38459041801067,7.071816343547635,1.7938403609843985,4.325572652685634,0.2104978400800988,4.951908252066504,1.8104969094028724,216.52667189943168,5.809113187416128,-0.0433350787096584,1
183.9818120033329,7.245327158137492,1.7301928410071108,3.9979388436868537,0.1820483554333311,4.89598305834536,2.090840447499484,173.45759707640133,6.339674535217633,0.0046077274606882,1
76.37212181893061,6.273639351908432,1.5087162395638936,3.1720721820906133,0.1322336829619947,4.434081195109908,1.6217453831522164,175.9040795732921,7.412042461818823,0.0003580610039444,1
154.1448418031489,7.653859039321497,1.8541990112283904,2.9380786497251687,0.148024632778021,5.453293861942266,1.711709847291469,136.14508340767642,7.605597552636158,0.0187031358078975,1
89.44231130646111,5.7170565082268165,1.4497615228904144,2.2789489416737982,0.1300417071618596,3.875618019755657,1.2889029740681253,170.12645958557414,7.385899535278941,-0.0008829031705848,1
72.49591680166779,5.347667897981159,1.4157312853528587,1.8113793782059888,0.1746577793760723,3.607882073328138,1.1638142962535527,123.5448443502222,7.429932069982072,-0.0035820206040445,1
68.90445458383334,5.290990197387578,1.4995683598130294,1.8123446748237368,0.1280140775974889,3.659865877542341,1.1123365842548518,140.13421817762938,5.653268494954476,0.0066272567603482,1
181.48339417552864,5.55969799299599,1.6731792696724426,2.0848885509865203,0.2039272477754141,3.664132511476347,1.6199695464220687,144.58028563380498,6.834348592113358,0.0370035130561953,1
113.40842141724411,5.0747155248118085,1.510496012857507,1.8769164498043127,0.214337292063924,3.5582453477078686,1.1136841813773717,155.38655931498138,6.999530765793768,0.0053662304298301,1
112.34629504425942,4.733445042858218,1.3423560344258991,1.8184364411393368,0.1475395006491319,3.4589713303355207,1.0364138053548746,176.52292507347624,0.0,-0.0065796813551689,1
118.42524718723632,5.403977036057167,1.8099028857914443,2.1762256568839047,0.4148199706487714,4.081056060742903,1.241610383820822,209.47779307478584,4.022508633157261,0.0709177248332829,1
110.53284624518948,4.58842785517446,1.0104784898376613,2.2789860403229656,0.2097241698474339,2.860314767422598,1.0475271988229864,164.37567857698068,5.157403014900169,0.0379356419362491,1
160.87675570086603,4.655639663869291,1.312362701222349,1.873733357554667,0.1584197309685913,3.2396482390005708,1.0343879433312095,181.29727457263644,6.554706511877388,0.0093462291001435,1
375545.04929757136,28211.514705076293,85402.98595859544,97889.31321291284,84639.69784759836,63680.28366530975,29861.703280980884,335684.4337434136,9.728640726750118,-19.030655130132484,1
259.74544739896066,4.13113085488529,1.3716851958794607,2.2384176434181247,0.3174523295816744,3.106039503065332,1.533879101333515,227.94011922890635,7.623951531081595,-0.0084445635303911,1
55.71795421416669,1.1042196274984408,1.1155679081930363,1.6864527815278716,0.1037920251183149,2.6349689077077123,1.143244462782855,390.28065691515366,5.170325279761864,-0.2827386373028023,1
332.14872017432566,30.10969457627759,1.5715174267853405,3.151615068368377,0.4397211154896441,4.119243638629501,1.745816431854308,184.05256343529484,7.400359825344437,-0.0234682213483059,1
22.1989188076289,0.8780281571133005,0.6860777596725546,0.9137827177305629,0.0793599771601446,2.106079390240935,0.8363633186204112,138.96014719706986,0.0,-0.0299188862759484,1
30.517815547571825,0.9558319304596796,0.6969341700476039,1.0504311738822796,0.1477344074279023,2.341522861708041,0.9175866120879922,144.97107079371085,7.052168789749074,0.0155045662146227,1
69.72975090464335,1.0522660217479811,0.7718640558301462,1.1014954985570444,0.1498067710304954,2.392970492987724,0.8892726948897512,145.7790166541116,7.356104039672941,-0.0085941784519116,1
29.18645871014801,0.6266951357405057,1.0618208934736184,1.2560494807891984,0.0701240724758563,3.239582650268139,1.1870845580112583,223.8825419190587,8.106354043844492,-0.0086962558778093,1
45.36623206467628,1.1917310613606094,0.9153917922190136,1.2413104005627051,0.1057949124119513,2.865803011242124,1.2975351930033157,237.04713154319705,5.998935768869676,-0.0120973847111408,1
115.121679970804,3.1868678301582523,1.0778430203814346,1.1350939316206123,0.1448600305155904,2.927426606305556,0.8738006436952744,230.3205660254736,5.813001139499472,-0.0081774399146608,1
90.58491637900252,2.5370470595074828,0.8086982491352498,1.3361725024452171,0.0896769661661319,2.4211530824300818,0.7160123115875562,164.6108164996077,6.613009989572192,0.010564615766311,1
88.44914852935406,2.420957007932336,0.7765454592969928,1.2490763718955793,0.0931640264864641,2.5555828908832896,0.7880408493138971,256.4480710592288,8.081940085260205,0.010489297924109,1
84.80879420530411,2.677462737622375,0.8587217360272829,1.2657053330441534,0.1460200901953432,2.6816613382706733,0.8226303797832838,229.21094525034837,6.666022189440348,-0.0089327152233184,1
123.81990089611044,3.2919921811292348,1.475384240393627,1.8599355737487,0.4309209884558033,3.0180344751799577,0.9946785562806444,246.55068453053104,6.693233850673139,0.0018080755190923,1
64.5902629475083,2.661087373997709,0.8628787182410221,1.2182308790917842,0.8866175628003118,2.629373181241287,0.7385244788635585,195.37848431528528,6.882918399178743,-0.0116967512620158,1
103.63489174490525,2.6822848694598185,0.9513446238235828,1.2932054632466172,0.4255967555042616,2.672896087151181,0.7495643328648947,214.867231634765,7.224952087449872,-0.0094677981668013,1
103.97798951008646,3.068823205492084,0.9542230151788454,1.9056843053070944,0.1445165421948988,2.91502696361624,0.947617310316776,193.9162897876004,4.875717037519569,-0.0212054852359783,1
107.09095681358606,2.6156954104714103,0.7877684047352398,1.374962390850522,0.170037830095771,2.4334241609109326,0.7816261315454691,213.11891461262715,6.50761825392732,0.0102916094727022,1
139.4185346654073,3.378460105160193,1.6561264718326842,1.530512847925389,0.1077103429964163,2.8215248014672984,0.8263591656376131,203.3059275348883,6.965021161777633,-0.0524205317909733,1
134.15465708271336,2.962831662900906,1.1203371618619955,1.5693550623415369,0.1734672063111843,2.946871504685236,0.8853881438338614,214.6511965342446,7.00573769560093,3.752848649589386e-05,1
110.4123226263226,2.7689607703873285,0.8203813516425049,1.6581173311320132,0.2021135698756195,2.3867170475182538,0.6812618764164498,159.79765462154643,7.046570479660352,0.0098354270353909,1
89.55723726965061,2.5840149775036685,0.7687375316091924,1.6564701372571016,0.1385558657427881,2.540215482672991,0.8065604721442412,210.24845526460385,0.0,0.0077044806491008,1
94.71056079886796,2.471537765876345,0.66614946418723,1.7418391832053273,0.0615191899181715,2.014998237015456,0.5770083145492291,186.220348184437,7.333462645206518,-0.0034588335191727,1
134.52798316273788,2.664753450186184,0.7323980635078712,1.7915693215417818,0.065027850712554,2.131535137936309,0.5688197791018516,203.0379687422379,7.065768930111674,-0.0013535543280415,1
148.56843544198455,3.508436677974572,1.357583530334054,3.5091753230990834,0.2391653391880833,2.8351806250143765,1.2629904916060213,206.4258619755504,8.055639724069701,0.024109820386153,1
245.30766519637368,26.08919740238062,12.529018358846589,50.26983114621567,3.4593135982647385,26.425937777634267,83.27276040290084,355.22290573047906,8.346982129656112,-0.3079407717511552,1
191.7180966755586,2.3831287014005675,0.7417748583558713,1.7864890629677437,0.099762512104036,1.913158129968748,0.5306197590505523,216.35705155886347,8.058195244866178,-0.0234339975066712,1
182.01957743134216,2.370189197508094,0.6931549894264801,1.8567428493276648,0.0962344476429924,1.884761496719924,0.5383581948674371,249.6719006082184,6.778440616815617,0.0045933442872778,1
103.26252681807829,2.277091428362217,0.5683967323175805,1.7002078873068995,0.0726655257677388,1.7099050997608305,0.4253227468698061,156.5994933993629,5.498118437621367,0.0045207628294128,1
137.02646528120482,2.2977631069224693,0.7510594333178434,2.2748069132729416,0.1297233250198827,1.743996499397514,0.6172017549527201,207.8159305058421,8.197550983104206,0.0028159110795951,1
163.71191017305657,2.0615352960832194,0.5313964672771192,1.1818858311540594,0.5690511816961382,1.6554415013252322,0.4325007383062162,241.563381081788,7.657693881212451,-0.0150504178069835,1
194.66537136983337,2.293564731269466,0.5977189759812093,1.063040818442022,0.8493277264623412,1.8455443417645632,0.4800849766015482,245.30267567620663,7.914556431839514,-0.0062548396558061,1
58.191732418628455,1.324887782835087,0.448160341918321,1.5147058560832771,0.0935252910436513,1.2939779808323073,0.4387239726683449,120.76016948058678,6.4075503115355525,-0.0317847777280508,1
64.14374999016128,1.4930871892858877,0.4041116151342685,1.1207926128464227,0.071505165010552,1.139700274272449,0.3783793040040882,112.3932060909278,5.755940641126277,-0.0058403928387982,1
97.63736416752424,4.446999253459866,2.077995991486892,6.978511592710707,0.8593203720753361,4.328090607100759,9.744070095490358,158.83024629952644,8.318611690213006,0.0579451761923093,1
155.56537676160636,1.8484580996224769,0.6446088067248679,0.9573906048175772,0.0200480389332559,1.4452101168377491,0.4617839945978261,78.62709947167646,3.9240906031111273,-0.0154115444159493,1
234.9585846948549,2.8627513073640647,0.8959452298658083,1.136063309791182,0.0340274954204095,1.3831606378719252,0.5097958557461714,60.27531185656476,0.0,-0.1826720827711245,1
191.0339574579897,2.7316833513244663,0.8910293280442113,1.0813655534403432,0.0263172241077828,1.4054440077479071,0.5231356742076738,100.78222962095543,4.139393606136931,0.0712852624710154,1
155.6677458979472,4.485021457517791,2.102331839743202,7.229286852549766,0.0946592820444039,3.507502876895199,1.1316331253368157,63.01742534763403,6.335837773369433,0.0182313867886571,1
228.15725735999385,5.305683275730411,4.569731433353022,3.822962394680788,0.0997481946270386,2.9376249282344866,1.936443935847656,37.484222945320646,5.514637047733934,-0.050698144803413,1
111.00928597588536,3.108536192488556,0.8624673239911956,4.191718951259725,0.0337824661092762,2.6834421878190566,0.9083340762105258,46.14430439154313,4.46161693388006,-0.0034440974119367,1
136.87020854613073,2.8667980300333658,0.9432442884755609,3.664357655677444,0.0353824435279862,2.8859296484293013,0.9248237704562616,65.46728574114998,6.7436045272459015,-0.0081361812441378,1
28.334980103071004,1.228836696081986,0.3470620630138242,1.3067204600885798,0.018976346654747,0.9649605476945574,0.3484106489308835,11.551936015660957,5.989852553539258,0.0063878493260279,1
110.97352937157495,3.2875974317833663,2.812609748951704,2.2110775070809883,0.0734639306771963,2.217792675036286,0.8038871003881372,30.11702894720161,5.873670506458616,-0.0154861743978318,1
5368.3478587455575,21.43330874123606,6.3932513847594485,6.106221938422629,76.65010324524854,9.258331902319084,4.978228964296034,111.58321683878614,0.0,0.0596685433794637,1
88.01952989620506,2.56745897196676,1.0925578676507195,2.1677906675902845,0.223307388945874,2.0381723215771554,0.8405114880501109,31.7606190363107,0.0,-0.0256379119523829,1
169.42461498059924,5.571025643911391,7.534229323320018,2.8717057967431714,0.1035033050065146,2.5723124702287223,0.97709279541883,49.56160710790973,5.770980858692129,-0.0297219795182097,1
161.46550132515227,4.064033321030241,2.7168241441282603,2.8083365332622487,0.2274429948510532,2.590201975744688,0.9709498768444934,44.44952010147578,6.641175240467057,-0.0012336187885111,1
65.12414722723601,1.963668635309644,0.7625717804947124,2.215984009161934,0.0510836034747766,2.166317666704188,0.6475364778586276,24.976952779071976,6.457485131965182,0.0212679171945795,1
41.63601762927985,1.3330302435268768,0.4947980717958224,1.2436216973604823,0.0470179870663357,1.7873283904828314,0.5386226624258436,13.953908256190298,6.580948748702693,-0.0139838716926962,1
62.74276524309766,2.1294885789480515,1.9753494778222007,1.3610398505434478,0.0343637089181017,1.30203419973739,0.5085685803456966,12.754375177647692,4.7764159774673285,-0.0040238722380778,1
125.7461861527855,3.6869464853180687,3.141673034507351,1.981970400311848,0.0432503287704071,1.4277416965886078,0.598175905273079,18.633856489795008,0.0,-0.014250272184315,1
288.9066123294397,10.839712268701875,6.624421979050963,4.217690096616049,0.1157623232218041,1.6954980208161263,1.263424097726426,30.693315563812924,6.167511729658656,-0.0036819354702954,1
284.5185487803967,4.457867578413179,4.135330103640453,2.921604893142961,0.0613197289689002,1.2451532687990865,0.6745111456741694,35.796761094494855,0.0,-0.0524528419136364,1
30.89677826637049,1.6975669099393982,0.7172782395908137,1.214860848214636,0.0559014628571979,1.8882696906319107,0.8268770816689662,12.12048333367544,7.080259034173152,0.0286835689387525,1
174.30424164678666,2.6439977201568463,1.308160474202979,2.0234949436298364,0.050710414869481,1.3385963400995662,0.7464361053389467,18.22777429669884,5.920219339875652,-0.0235436711490186,1
892.2520952262245,10.639302982889824,11.844291938444384,4.7265069041690495,0.6964163099856979,2.819180109057613,2.217492891078208,66.85303472064064,6.7015947638740805,-0.0640268137678045,1
551.4965092721415,20.168658891998813,26.37915668899683,9.960917723590155,12.956618804900277,11.00107293766634,14.531635403981788,1134.6052467352972,8.50950338069772,0.0363552743686309,1
606.0999530819079,17.91975829425891,14.597479162178145,112.32615253366107,1.0454822246144333,5.087368638313709,6.329368403366621,51.78412304008748,6.841046087577633,0.0923506372341847,1
237.4694700597101,5.298346894699026,3.031577533334937,1.8781569676597287,10.145936678869782,2.7842132746031485,0.9546029948918592,16.618798955776967,6.027466820945135,0.0852834993881559,1
935.023088608905,8.760396693702749,1.157946923079728,4.739070434426681,80.84025328639365,2.2087194691615526,0.7501069375866541,68.93132116390495,6.751057617515147,-0.0036839387861445,1
15742.80565118683,321.6839023844556,44.68809041946946,2687.8832360130828,32.50717103493179,190.9951903826322,36.51594197182927,3042.716773754644,9.67599040839799,-0.175109903707718,1
8.770880704882913,4.941533837505622,4.81210815168884,1.1358783996104034,0.0110606801792416,1.716800699438037,0.6175003156270705,5.481936981328552,4.19581128369556,0.2107746058000366,1
2634.201492955837,466.7695799811932,1034.5262131325308,1071.401980824052,77.94350439153999,455.2392107928338,185.4717059366053,2048.597689258153,9.818614119840388,0.3200760432939667,1
166.6924118183031,5.011913313105928,1.494301492514694,6.454009172553643,0.5703854577498958,6.3330509730646325,1.5820136644084408,10.388722840692116,0.0,-0.0140096297541791,1
74.98691373347519,1.1962706313869509,0.7286637929977601,0.82897020727536,0.2476933151779256,1.1330663750953516,0.542076107264232,56.069865199049865,7.147230850873048,0.0293275405054967,1
65.05681238487345,2.5660162020923702,1.6356925581275568,1.5933524761255975,0.6438777920115794,1.88643856443454,1.3572297034497438,57.06613816598018,7.795630410049977,0.0283817557551511,1
107.70723092735382,1.3358484676715847,0.2781914935335919,0.5346443358533001,0.0178826864723862,1.0042494547036338,0.2106915893264257,114.77780548741131,4.369097826520576,0.0055132722830894,1
88.56031735695672,1.1650955285305975,0.2556192454241609,0.6736056628145635,0.286345931764899,0.9580345117956311,0.199569822759004,87.99092439949969,4.809817690379295,-0.0012294552658412,1
52.361435810177625,0.6470756406655356,0.177924484961845,0.309821778058472,0.1647798807972319,0.5150230733624994,0.1257411914844345,38.29661613570909,6.450639663659606,0.0056478392570797,1
332.9176784694177,8.538632366225851,4.355342818454773,16.42560288083838,1.0615733511431322,11.24755596164542,2.6161709609872554,312.40452938413995,0.0,-0.0123105616177006,1
150.17037894621674,4.261703254942338,1.9403186577091027,2.4378907960774305,1.8148385457069005,1.690795164300354,1.0121480024001912,75.77546686881259,4.846634388111453,-0.1324755624598451,1
129.23589230212707,2.7703402790053784,2.7923962888539577,1.1936468256038804,3.3705231366054225,1.5155078609279151,1.2042932958252763,82.33883464391332,6.2556393436105004,0.1163780202942128,1
132.0677676145387,2.2509005219316225,1.470718968349078,1.1148022757426403,3.535715355098912,1.1394106253715637,0.526093330507094,132.00838241620633,7.10898442613566,-0.0017427463056955,1
91.6404925123694,2.1774922450617837,0.7509391913346469,0.936765100346774,2.61661645537374,1.1687749023193414,0.3202278321126805,110.24284758487828,4.481374180966792,0.0112573802128134,1
136.02986772791678,6.75949659721513,2.8283503194773147,4.701799136910472,3.1726189780924035,4.7263099425059885,2.2259237422299423,135.6536972693053,7.4525463214152925,-0.0001431373543767,1
293.68851555584274,12.960565339760471,11.93866125006446,170.96971878074024,0.1231025920745424,29.672203690262844,12.692094189239164,9.173923673393224,7.358408223090874,0.0806033076685045,1
25.92895307185029,4.126795634492795,11.769497466701912,8.720476796121423,2.490755567649391,12.517922940768583,10.585261899127334,121.62298946744714,8.412359161805973,0.0418767937562592,1
31.09748281827702,0.6369907627730538,0.3800141114180913,0.2809564481101068,0.0391877568771196,1.382635415339012,0.5562643741547989,3.754735145860197,6.747560942984,0.0351600698320114,1
9.000822629368018,0.9314449027673116,0.3932660116129361,0.3994446556998173,0.0121569425951273,1.1092721353357762,0.4671983232492167,10.83236456935948,0.0,-0.002969172955775,1
201.03371052846927,8.074543523253048,2.3643477401411257,22.23611650379553,0.7726248295746067,12.432654781573593,1.832144824033744,15.518346691778197,8.261156928312353,0.0072459967654638,1
43.87142838099072,5.010129904078006,1.5647540127890411,5.820249357111992,0.2393135326135921,8.409454706144901,3.3910904723203887,30.339234466919407,7.955994557191267,-0.0087308212613397,1
214.1574165606157,5.747673897359903,1.6215893061396125,1.5703280816487255,0.1154417043062076,3.1858986640275444,3.0453859165690984,25.89672873010603,7.106942784606023,0.0374606621332597,1
233.40461164384917,6.68403273313312,2.1155690518604464,3.0659233741536087,0.1547263148267744,4.308962378295625,2.1842341991153047,40.05695111927686,6.284649470123763,-0.0516556543391505,1
468.58895024526186,10.12035512832686,3.030028112772277,3.749666376255517,0.6859501486403098,5.409554757187925,2.7207456855005976,64.19899325844453,7.514756088884016,-0.093443339192329,1
543.4391614066124,18.72753351856681,5.9543828240671575,53.84921932372768,1.8091371098199107,11.083287379633283,2.9075441104746425,68.157889622903,8.222151874137825,-0.228985581478942,1
1202.371180666036,83.12456343265471,4.75637695080344,128.42683633780692,1.4387533129090295,1.7838789370792971,20.70217395924556,762.7991515779312,9.223364099717028,-0.1178582172461746,1
89.21914188735676,5.293687737075535,9.0216011573755,9.35384436100792,0.1851252405644675,1.6578336773235018,0.9869864649228944,32.37668699612669,4.704722932348203,0.0935721857884918,1
14.585126013250251,4.332237226179202,10.607219331231244,3.791595744040072,0.0645947114715747,1.0830684082882742,0.5151853467067565,9.094483350688249,2.2764515951775333,-0.0268880222958883,1
450.9003909511284,6.2343274083730105,12.297649284901588,4.6331140185432025,0.1007139053069972,1.1313389739155717,0.6917450309483858,13.449371971937024,6.800393766066304,-0.0516650934539,1
123.2011515721153,4.606721182353222,23.99276281645429,4.570360919280248,0.2271718587515905,1.0932186789913576,0.7249176400738137,21.5398479192812,5.420632433429252,-0.0085380897642666,1
129.26271056167292,5.4296445101746205,20.69318898878733,6.3132447822634505,0.2309901119716265,1.245870772513543,0.7440043572987044,13.141465174146475,8.069474605571825,-0.1869574990290405,1
84.64766483865557,5.8144911026063575,27.89146794125267,5.669921083970682,0.1325754167692285,1.1949634231377613,0.7455662970709819,9.040246450428672,6.377626262160143,0.1779953727802547,1
81.9234847758448,3.298934655574767,0.9071228012565816,7.194929605828979,0.049697835276397,0.9483331396474826,0.4770244630263638,44.97113422406711,6.224063177468412,-0.0284713572359859,1
27.257405478791032,2.701386292504479,1.783037422575665,5.004580472498168,0.2383447815379882,0.9002418757551273,0.6491764019158647,16.341407689792565,5.683370955503943,0.0231543856772265,1
93.68541514632308,2.3440136283099413,0.8511591918640771,5.308327969514231,0.4641023678574174,0.6892630602507247,0.3686525953597632,43.06558385169748,0.0,-0.0746967661810361,1
51.77828289214182,2.9966732027770813,7.016706737060593,4.852155309753719,0.2338234970126814,0.9346096721475378,0.6726012719219042,11.099187197962197,6.6748680488810015,0.016344654775509,1
35.013561878754594,2.85164207599815,13.29401491899027,3.0235333877054185,0.0796989157654833,0.631841139519432,0.5144584295727965,8.132993988661307,4.3329751267371375,-0.0059977725480266,1
85514.03007133602,10914.020904036272,15.20483756514674,9.542783898538715,0.2660681619151249,1.7349177865428485,1.0515801774993363,72.73098834282393,8.582117835118659,0.025974820495809,1
36.03122209532421,3.789032709664213,29.420584337047963,3.623014212556536,0.0993109379089941,0.8051773209020673,0.6178524014872517,14.82937979931523,5.1038896097842095,0.1670134330657568,1
14.681795587342704,2.8245317899355133,24.725784432757827,3.9749830834409017,0.0972237641797013,1.001544916022176,0.6646114270229697,3.616760195684877,5.302495317109654,-0.7341362107886142,1
64.64173545707706,2.47230750091693,6.380405464432977,3.9864961342635183,0.0891185468218298,0.998740302875,0.6455207857331794,10.3131605689715,6.816867672551052,-0.1892704024294332,1
464.2140640251805,7.435886355992874,18.77725052682798,4.611586196269222,0.1383487976584935,0.931282420087196,0.6028931787438977,16.853469597029804,7.613554587382388,0.1965356660402243,1
43.53949823762869,2.892400732243693,5.18648628023722,5.143594062089648,0.1046226971993714,0.940448758663996,0.6560869737245826,20.302362253425787,0.0,-0.0702226633654734,1
105.48315179749171,3.3327516771167405,5.571839678514899,5.097259634051205,0.1082177084576602,1.1875755373965438,0.7981450771395662,14.319919371414814,4.854236681648059,0.0360197594054959,1
94.94869186070088,3.458760532329085,8.759647661956384,4.911486906466464,0.1457863489061164,1.1005817608662576,0.7731152358764869,15.194968814381903,6.422570172085672,0.0072949207785544,1
79.6787903942397,3.9602607890138697,4.91293616367737,5.596579577645032,0.1953268711745153,1.3683545877476706,0.8130623921809784,13.652737978303463,6.187915189274302,0.0339355742900654,1
86.17902712445722,7.872623536737978,27.306195066767767,6.92773202087384,0.1651494947023461,1.7297420813865882,0.9302364727455108,14.046312010411324,5.795750329322012,-0.1686045919795421,1
35.27458475302793,2.64032980515754,6.614514404667016,3.7380888610247776,0.1169563834689766,0.9130203088621412,0.7242563720063534,9.22118653488743,6.838936596357108,-0.002266413439279,1
67.29161728471144,19.570778371423096,10.68444286490291,27.042281963066355,3.441141142331025,19.462678295411614,8.318759438386751,49.53064890482904,8.416100854411075,0.0679890162605619,1
33.757514263037784,4.132266082497034,2.605847512905118,8.034439036888054,1.317004993894506,1.6127533053105545,0.8730783323432836,18.239617225361805,5.197836769901208,0.0994692304202716,1
21.81889694496203,2.385236635974908,1.5182229274561845,4.618447844451887,0.0858822602612233,0.7561038815842577,0.5691265042763859,16.457451907609393,6.4998295877257455,0.0880195576593921,1
108.25936249954508,2.8922275614559823,4.7772315772051615,4.213126779882436,0.1879994268790694,0.98094700857813,0.8611425374822576,17.883369454644914,6.110987581598692,-0.0412319862388143,1
76.03401846848878,6.737903643495088,74.32394449080027,4.148914821724787,0.1815560697815171,0.9856679313536354,0.7077361065391946,7.398123032930517,6.076892708436872,0.0321886416105969,1
89.35453284467795,3.460361664438511,14.643189218425936,4.709505703868351,0.5990220208034063,1.0639837728992785,0.7643084539379549,12.907478771813317,6.414204217343367,-0.0537834008269764,1
99.8158376952096,2.788450159654364,5.840918058064806,4.6644593906861465,0.6209694084202121,1.0511887352598135,0.8454531488378864,23.83420668711791,6.916294013276048,-0.0202308452887841,1
21.79739492685673,4.422044598098772,14.810357750731152,4.168100191742878,0.1085232256980242,1.163526244894742,0.6829330299412811,4.340291287883944,4.060533404407034,-0.0637846498109065,1
207.03644072361968,11.50954072633985,47.264834818066255,7.647517512405468,0.3228875605793159,1.1766992099553524,0.7959381486686644,13.361693330749274,0.0,-0.0949963275275665,1
140.19780201541894,3.2794755445848662,0.8021269037681771,9.300183214253572,0.0756527847886768,0.9101199574499615,0.4065331716140017,64.91556832661519,5.6812912818058106,0.0015599418201051,1
13.714453249035609,2.282666579893816,1.8787512900071413,3.257202925586306,0.2602404165706223,0.6953811936589324,0.6785800419145848,8.800517824654818,4.9890200223177175,0.0316774321803174,1
14.985761595662868,2.630933908986811,2.701918707205305,3.837489723960146,0.1241303180272898,0.8213388083398199,0.6724890788277404,11.098332253234194,5.984265665624355,0.0361984763616317,1
128.2740446304773,3.5845376611461885,11.023219368650468,4.961467547048033,0.2190626662657472,1.0166044542982684,0.7615804313072859,17.098147027558124,6.236774160798004,-0.0971075542823957,1
59.25668006434353,3.061449963623959,10.555694707939011,3.819150206169568,0.1032853217115329,1.1663239223091633,0.7373162049590906,9.64302681708633,4.2498879522852615,-1.8683500306658112,1
868.5795215389846,6.024029091419772,13.834009076730943,21.93287259807,0.3859333292088396,3.987452860035413,1.2980441082077745,780.4454146054164,8.57762216706505,0.2300449688574017,1
173.58231430445224,5.447228551794424,14.31214157507643,5.075052891592276,0.1775373075229096,1.094067142990784,0.7411844512977956,8.70207119906959,6.690948509035051,-0.1603019273724599,1
125.16944831017096,3.345362171152437,6.380351884244816,4.538934483938527,0.1705714381554873,1.0526005386101835,1.0355687266391544,14.360339929592543,0.0,-0.0994145186927365,1
92.09576177095468,3.5746505196062546,5.291179819318762,5.284030704024015,0.1193380334115531,1.2155711254561647,0.7414134630476039,10.655524801944102,5.966502796917956,0.0990442227416011,1
31.71560316144446,5.107281739790777,23.24456930119824,4.769431635070598,0.376091878635401,1.889576185555759,1.0678732746399842,14.354470677087695,6.674532601101617,0.0165254145712282,1
226.25992269463103,4.623010334164254,17.350126644982875,6.357350600327425,0.1712907499967013,1.4773102108822358,1.0064879419093191,14.40903099353394,7.514689200142598,-0.0631159594433388,1
107.15187740348566,2.726046033799178,0.9763597647293528,6.636373615898117,0.0565143232508726,0.8885683589711799,0.4645199761339626,36.287880951712864,6.7917589961997775,-0.0297395120044708,1
46.25898749268097,3.2509001368550376,1.3545342369172573,7.3009383151186915,0.0857335328975667,1.1612850181140304,0.6169816707259819,25.579777837778703,6.025392873272407,0.0262061647626708,1
130.58083252262222,4.524212177175756,3.798465957137637,5.719071990067125,0.7619196939895941,1.5577522358041132,1.1345440933025654,21.415894490539596,0.0,-0.048945874222685,1
78.58389767059317,3.4453755739147827,6.105667249172325,6.245018541967789,0.2572072689188138,1.1799369072804802,0.8161076132252899,17.200729747168033,6.977364403095968,0.0843922464991625,1
304.36610149622487,18.093390659895512,7.229443400602766,20.574058468853867,0.5591523997291945,11.410312371671646,3.2611712947477813,391.7177370023913,0.0,-0.057176719547674,1
57.08507868167067,3.552586453939905,2.1861365147468503,13.605800321563995,1.0186743888906336,4.873685397682472,2.0952875585289434,81.18734349605626,8.3494854648553,-0.0910776452984266,1
86.58406792793812,1.964609405782129,0.457671766006551,4.417357571664843,0.4314454793242544,2.118473824324239,0.7763832099939946,88.26793482247068,7.232496277288507,-0.0584934855696867,1
27.49272511124177,3.287322090977672,1.1095608989251828,4.602406817156169,0.5716117338008944,8.182033489117451,1.5962108772032986,12.230221451661404,7.850689468864918,0.0344097768364996,1
651.6730801722555,27.849119360740968,7.244860233387842,2.623144067442293,1.245171044947675,2.378341648311669,1.7603699849326684,108.77542193757787,8.75735049512335,0.0454657211233541,1
29.409519294188986,1.602342196208468,1.3550598097695892,13.439843907687356,0.2384262930651839,1.8230348272865784,0.2932871495960418,20.660202786358266,7.894968694096772,-0.0039527646076324,1
477.3777693706674,16.59721960105577,5.584105479426277,21.04412469202176,4.157280552055652,8.87965547957958,3.27096797499058,68.2237305801687,8.337688010710789,0.0120741720742989,1
38.20887646265084,2.2284978553175088,0.4471346573143984,6.4937230357388325,0.0522997782810088,0.6482908499648581,0.2854573761004367,20.03343903984261,7.13421467817855,-0.0048064798248993,1
34.26334450365548,2.3452009630802646,2.2203496167250303,3.1260193505717098,0.98701666406149,2.3850531162093587,1.3464185822746169,15.754256351522791,7.685080155454244,0.0218356945493903,1
32.10618795390887,1.133735040077671,0.3983846239251991,1.0377332140832305,0.7144052835224,0.9505162500204376,0.7746118925420838,5.805149367701231,7.005547545990362,0.0017323967464746,1
13.574601643834276,1.500641388977713,0.5104529844400081,3.913039877264003,0.1815724942855258,1.9830191929560808,0.1877073706614708,9.8985547844914,0.0,-0.002920732654988,1
19.6069759146264,1.6104022965193734,0.4821711002377023,1.7454807545275433,0.2124918229574744,0.6106392084032057,0.4162734453342671,19.825905003853773,0.9551159802005876,0.0232379014229969,1
18.603592452852556,1.4728790263094431,0.3441837134850689,1.5439348583241357,0.0421650376672873,0.3244914063130343,0.2532929921062916,9.813269443799491,0.0,-0.0089734682442525,1
24.933593505260877,1.2114234770540402,0.2883763000343729,1.3702043997724316,0.0352322671622981,0.2639425907312504,0.2241865265385309,15.90554181629864,4.323605060282023,0.0134104452735285,1
47.8629841151722,2.106379739378012,0.6102450549728556,1.7386493944007535,0.1715242774769792,0.3971478733924349,0.4122445738075773,7.967850243602895,5.71277676149805,0.0230819595973261,1
14.641158484392022,1.2942597674770782,0.4873768256792158,1.0212270347552808,0.0642893808074723,0.2637876525997729,0.3038463513255791,3.5640592792050403,6.184003070273851,0.014515609165754,1
24.633688409552818,1.3495355718148343,0.4032254627548005,1.1866971790098273,0.0651719949247691,0.305804670685106,0.3088020618808323,5.322342143341457,6.297779200555068,-0.0039258969562682,1
12.033667682850185,1.1151800336245687,0.3568763238829606,0.9712310146283084,0.0606466109969672,0.2589348164973264,0.2860625895788998,3.6529463282481673,0.0,0.0302205539001131,1
90.00611509014726,1.5314377341991556,0.3590790952899872,1.7875966609771432,0.0985736899609247,0.3671861355057843,0.3548552082208948,18.033084672311613,3.885805842981247,-0.0108853228610193,1
24.429873824514218,1.090456935142483,0.3047039669345593,1.0943354384699873,0.0446962103398424,0.2509745334993394,0.2391812791679553,6.668483870195433,5.514908667270209,-0.0071160613644468,1
344.9893941757352,1.6352827192185937,0.2995136455373166,3.0621657749838285,0.0301645446183568,1.3234359605307593,0.5007352524730143,71.08545501102735,7.330988254309074,0.0005356968460249,1
30.39298123671882,1.0391672423673377,0.7710765061292625,0.4552118659829891,0.4150718045898042,2.1615003228678065,2.369091269176465,27.82253942854368,6.040986892881228,-0.0330021820285784,1
147.89363809408383,1.8791050653364008,2.8385718319701136,0.9156497947695134,2.7389170277809525,3.4758466513562416,3.2721579805717345,74.03857316316335,8.828414159986934,0.0079773617960184,1
11.085391660636065,0.5332274753504935,0.2103823035058692,0.3556468955793623,0.0234227673055755,1.1666509129259015,0.4404693766692953,12.36217495125724,5.394881941621542,0.0072753043287526,1
13.047622262679775,0.6106330155254218,0.2732090254371043,0.3520842070953473,0.0324519927089106,1.3534124082399657,0.5573932286524904,7.736885933838563,6.048023232231555,-0.0017750182732032,1
3.4199674486524687,0.5322989380637737,0.2602774337982489,0.3208030400567258,0.0334418033558517,1.2899818180015568,0.5598798342085481,6.810150526920393,5.432475923709784,-0.002301138492224,1
45.7974595081003,0.2546386760834259,0.1044415305984436,0.6117148760391348,0.0180131036117196,0.4296887585579639,0.1707274396887279,66.73405287176847,0.0,-0.0083269534698608,1
7.4949129904025025,0.3564120688329678,0.1688671608206492,0.28619273782362,0.0236328371366844,0.9050785708221178,0.3448431517403026,12.262840476679887,5.304209818933415,0.0092776616964476,1
8.53168868256197,0.3742005418799759,0.2744993805265972,0.2531435712942118,0.0655128312067299,0.8443988575234049,0.5094486452157511,8.647765648886343,5.858957839082699,-0.0189266287989022,1
84.67084829059752,1.1484233215625248,0.8939537234096618,0.7323661577224109,0.7714475330708337,1.3386845158150964,1.0154243444312228,39.21631366066925,8.982302029043426,-0.0019356475508633,1
11.182800649230272,1.6323838871784444,0.5221152597292503,1.377418852794842,0.3116338852231959,1.3294962321413948,0.5371640166304166,13.992566549745057,7.034099783235789,-0.0042661167976382,1
469.96625819601167,31.34715344944765,11.81233653243192,1.6195065588187136,0.4346351083984927,5.453407276117496,11.517279281898595,55.396830975559816,7.575075239953798,-0.0879367560882437,1
13371.57111036937,3865.192104974399,2060.3547468948377,6772.268200040106,2360.0454177384186,2853.7393555320728,1750.8156851330032,10853.22667413628,0.0,0.2402372803187193,1
71.32035874224653,6.493735117517729,7.146964854002025,7.027259452184322,5.648270815650072,4.420057797136419,9.261352687182884,1463.239341041137,6.830844978891097,0.0479638289926494,1
9.708821554366976,1.8978194350190187,0.7799813732663393,2.175352185292905,0.1085401499605064,1.892547643501961,0.7434606195765681,9.498448412374458,0.0,0.0048152828060803,1
12.945966202387767,0.6281385235351971,0.4068136046512165,0.6185217345468434,0.0451001634975911,0.6325607115928636,0.3704226964780564,3.2435138574748885,0.0,0.0112410455553909,1
19.987510169396348,0.6033068151494799,0.3894769376335158,0.4287981870981642,0.0548261530001902,0.605631454238704,0.3655724408147374,2.9554561250165565,5.3343065790872535,-0.059302282562021,1
9.945925374570557,0.6674629539579885,0.3825639056562199,0.4122687542302417,0.1611706466821755,0.6637256507606039,12.56126400943104,5.0956853471714165,7.055073875101992,0.0431044267836736,1
13.960204768491227,1.508392134605808,0.5274011584885892,0.8770770062257908,0.0846084092544411,1.0376029600678438,0.5446937341011538,19.147977797853105,6.559671222815331,-0.0085183838538166,1
1850.5006869294664,27.921012355207324,5.621267848376667,14.772007588397196,1.665425205976981,1.811265751785272,2.47798260276064,233.44479681391172,8.06200139073847,-0.139343912091373,1
1224.066951357698,23.93756490439186,6.216617909275466,13.767201332161116,2.7955228734668123,2.6176382144971257,5.214361068765001,378.7635524992584,6.967789921249207,-0.2272599664222273,1
567.7046352015619,6.672240950676682,2.393083474223746,3.66681810880794,1.5750941027043073,1.2522537257442998,2.185368648243785,83.0581626079813,8.117866875168012,0.0264448983489564,1
719.7919799603948,9.520792092247127,2.8334046326442834,4.89726524675228,1.516485819645201,1.1774261260236445,1.828721457824336,70.33062944286951,7.364017831673927,-0.0132212644907544,1
89.77319889267429,1.266190069573892,0.867682371421577,0.7817257656540367,0.5302622149181876,0.6940058233900661,0.9250230404140252,27.29776483129487,7.40096171264002,0.1068320787852156,1
7.562954115660374,1.08340903634003,0.3494595444749215,0.5976875443115416,0.0130952970511738,0.7556438791308004,0.3230387617661426,5.430875210918551,5.738531588248893,-0.0068879648260752,1
5.853518308891818,1.2056903541256494,0.3768463323605597,0.6936661286511576,0.018956240188179,0.8394243357901852,0.3525779625013877,5.219513250338858,3.64736587108336,0.0035856322918349,1
31.605595433944693,0.8215141647236521,0.3466664426245655,0.4525810577293444,0.0229105395428336,0.752669990307703,0.4166904051794305,5.671962235974274,4.991536476549422,0.0088495838985498,1
29.003027193712597,1.11942635211167,0.3972945801499361,0.5570928654683658,0.0276051895032245,0.8056322603138375,0.4826704309368146,5.910532953376968,6.515915702686653,-0.0098754031481741,1
14.849068153038216,0.5958229785975899,0.332348727648999,0.3021254547942896,0.0171210722282866,0.4660492600076736,0.3179496890423543,5.579992821097148,5.027943620577805,0.0192465164353481,1
11.253617219805568,0.8918903891158231,0.3020699245272433,0.6096319798097547,0.0166376208104281,0.6940646268938693,0.3384895715186659,4.675030658679411,5.940295456766827,0.0019542449688481,1
13.556518155491815,0.9134976463315592,0.3137670310540793,0.512821956352116,0.013562592253284,0.7037854551323292,0.3241032158318609,4.500797387310468,3.88866931958209,0.0075640169883105,1
580.0753996797084,9.020149319797827,2.229658092818676,4.317377712323316,1.1221960737328207,1.2079053397052637,1.5569401203871538,134.48572091969825,7.942195811396741,0.1220543873390429,1
421.4320562108351,6.210451401323431,1.1229580210545944,2.8577001260625643,0.103288458778676,0.7611783989608665,0.5454400288534532,34.98771258673832,0.0,-0.0600100578219974,1
567.400454908258,9.948533174489585,2.620361818299976,5.447917264381231,0.8443500163167714,1.0427350542712277,1.4446264817777454,116.69691431588195,7.11983098446183,-0.0171788564583497,1
34.91509056733272,1.0383740991153112,0.4094668683199661,0.5422884414310783,0.0197576899156897,0.8729837213753462,0.4108432730869733,6.087484466040845,0.0,-0.0115928009947904,1
368.58858543534814,6.800012145127795,2.015470214241355,4.068528305678033,0.9843218186098212,1.0322468280007215,1.4532862467696148,119.55909490351056,7.742030613965121,-0.1859389349458715,1
708.639463089568,13.180019457387395,2.7432453511534294,6.193355481780567,0.1413744419345959,0.7181641829610638,0.7243345504193934,42.19500953221529,5.648900315592724,0.025458265861801,1
502.57482645047776,8.306420460639139,1.7855504637707522,3.7370614313690176,0.3555895257992389,0.7677311197876372,0.7531450017288478,40.67607367265226,7.135113299633478,0.019129407677851,1
103.54304411314008,2.0946919433873474,1.072360257039375,1.1098464132267245,0.4916306585206304,0.8195904364536126,1.0874060535437924,28.95430525212485,7.452979811657088,-0.0039131117653757,1
1198.03841868658,22.493535391584363,6.350776343427447,11.072464251032528,1.4113019799536322,1.4585559405814563,2.2295372383000136,157.9878372408704,6.64672495205325,0.0823405177807183,1
1163.1290508146049,25.593212640344948,6.52159461889928,13.732362882851374,1.7114312372772718,2.153970992724979,5.27023825918267,349.0373710373425,6.89284323679064,-0.0911151790041281,1
990.734511513664,26.178090309415964,10.538522866026918,11.56336763202262,2.2442282483497014,1.7115548583448486,3.4789803042405785,112.43976177884758,0.0,-0.0124978828924296,1
1591.0430820648185,29.27862349136145,21.197480696623277,12.825123745041187,2.473690498073335,2.1350028463547988,3.145168510151178,117.35207731448423,0.0,0.090418933889248,1
862.3048638412693,23.36953115047733,8.37185598757398,10.369343843236912,0.8035559875924844,1.2966514120325978,2.730976254320973,112.9166430716452,7.753197247146907,0.0043760248239291,1
569.8213662357762,10.421885818378437,4.823622955405948,6.942320622734267,1.604004364588069,1.4560235364141765,2.7545748615766192,103.40827180839364,6.566331244895678,-0.0747013964893973,1
257.1163064160682,6.0781950812187775,2.099152259007889,2.7698689146173407,0.7584692183091789,0.59349030135942,1.1592323091017842,25.654615452378287,7.360074592560919,0.0402944331328543,1
761.6981908821475,13.767522957406392,5.1067242085203866,10.329378387591817,3.4260720248110896,2.2271689253103384,4.344455584749859,209.7319457403584,7.9651696322670755,0.1213969449708632,1
341.75263261904706,5.929526306899343,2.254903450817128,3.243747618289086,0.5569740217579894,0.6886225199250293,0.909278796972976,43.89775016131929,6.231802871106896,-0.0361745788315721,1
168.19149941073115,1.2178675604269271,0.9595259096702716,1.201918762355968,0.4208110059547304,0.8088227858352997,0.9890495171801552,75.8382345689817,3.895486258872018,-0.0355639869536446,1
18.261396089451942,2.4461748345735463,0.6224596629077249,1.7843695918001907,0.0168708385656279,1.4733178253158168,0.5295112915097421,14.166849893094057,4.716684566625719,-0.0083448571135509,1
8.687455741654306,0.8611445855255717,0.3306802673734033,0.6394195001746209,0.0216103041381961,0.7417058576194221,0.4073226821200989,4.673013956421109,0.0,-0.0048604062419669,1
8.273131199281538,0.7978806618560239,0.3076389487429347,0.5398535094866322,0.0141806033483112,0.6885242538295797,0.3577649858630599,3.758797322231687,5.403022231633458,0.0085154036733066,1
494.1999593158668,8.164951059081199,6.8969428142568825,7.50577773664968,3.916443927707632,3.2736995959415727,4.786967697476738,150.48205662448615,0.0,0.1589926768127515,1
1070.1828234287434,15.76926663425506,6.099196325003824,13.190498000285046,2.773483948320388,5.011326364700468,4.754594327646637,195.7329325714658,5.772800646920367,-0.0524739709089154,1
2061.6760142560206,21.48203892582097,4.0886197098162285,10.462871167891228,0.5105021127238316,1.6022154108013065,1.332671153683612,88.73295468086881,6.410715529265327,-0.0269009407382541,1
1240.061909371476,23.418342936555227,7.142906386757216,13.098403274485795,0.5679807785066425,1.441991898790096,1.6782475682395086,103.22934268901216,7.388906047801647,-0.0707086204573142,1
1027.2631732502005,16.35347532984919,4.640138915272511,13.053867251367109,1.745753898876039,4.053312650111574,2.963169312332904,151.2133340704261,0.0,-0.0281427067966534,1
1518.8674163929095,15.438156303161993,4.072894781742284,10.586512817031704,1.7817692065466797,3.691994286892548,2.959213377755835,97.48357392226944,7.7447128282700355,-0.0368584125927067,1
4714.000480057396,41.39238587720675,11.794830118912625,31.21561865154243,2.7620448491338765,9.118354893223753,6.087620628739593,254.8203997783145,8.55984439148211,-0.1717837282360212,1
1561.0717181642328,28.15330479438265,9.493178275564636,30.082065253978467,4.368622675710417,12.141286099209347,7.56714810867116,167.69901385421008,0.0,0.0440974530648302,1
2003.8114052366748,25.983203654522985,6.14194513264743,19.81855515582512,1.1380228228984386,5.210309586878883,2.823543351384412,94.130444159681,6.785769219018726,0.0348797268838181,1
725.6889181696105,10.773157119152328,7.128932950745297,7.584834499385376,0.6233389725052491,1.7087599401455775,1.1276139997175132,71.28113994887433,6.4849229216503845,0.0592185203020864,1
678.1252559663127,14.761261631372044,4.188307498483241,11.094971350389498,0.6193928749650796,2.554717140556105,1.977162238913976,97.96178532041172,6.45837033062695,0.0160892691686364,1
23.085854812017025,2.362363707937865,0.5561652361708173,2.0664572041892835,0.0217339576589076,1.657793148161889,0.5735520521478225,20.820472697899707,6.05796221579084,-0.0213708691154207,1
2711.4656603981275,10.459557475135725,0.8019809155161145,1.973035723438538,0.0228665952841886,1.395156972234481,0.4993905264048777,24.889837072806312,5.493301768359221,-0.0032236591809162,1
1109.9245863000804,6.8619045989586125,0.5167020951350912,1.5385853800980045,0.0193260461052158,1.013010497251917,0.4148875949839917,17.877823296809304,6.400406911149082,0.0054206288364155,1
4500.953257889336,41.20046609189042,7.932516492646183,18.38782850786416,2.153836781732993,2.8887306434182145,4.817076242486507,322.94810493207024,0.0,-0.1885917138984742,1
1748.997039012835,30.94550029769689,8.779344786888684,22.78709701792512,3.2600184307963365,9.367540698988684,6.902260399502428,256.9408562969927,6.917991121748133,0.1136762888525807,1
86.93496694852581,6.763941967355878,2.1253803984100696,7.863963556294421,0.7110790842296043,1.268676968939153,1.014754801309518,24.11779099874808,8.123413044101031,-0.0267222675495767,1
38.69423424037691,3.139766623539957,1.0726761162949832,2.884569240432973,2.1764445543630218,2.367204292977096,0.8148584333875042,24.387743399118555,7.42653920451039,0.0003829923594513,1
52.43267371395626,4.1632501334154535,1.7751799307795677,8.549792422188162,1.2434464406833925,7.707860727141634,1.2405412954852884,9.362613767624268,6.4135071097584335,0.0086542469459351,1
39.106797144296,3.150244384035604,0.9154564185023456,3.7521786371242953,0.3254850576158901,2.5205105009848894,1.6083856869214772,13.590484481825197,5.122630469117096,0.0034201368863963,1
16.10627975742081,3.2984552773733435,1.4887040588406464,4.501002511046322,0.4111495608988767,6.428588917825778,1.1018078841661432,4.4718113012547365,5.71281923447651,0.480123049722477,1
135.1783488105982,5.395382126033205,4.497842092153231,6.041245255214116,1.646241426576483,6.5060710105759325,1.7750776821763468,9.952649726716116,7.55786029688351,0.0218937188264149,1
6427.400898457946,203.6043719733481,138.26927425031133,1526.8245637692144,16.997480409608787,202.16080142262555,116.64359898146432,6319.637044925045,8.515471149413269,1.2245576334473975,1
120.04592511415014,18.71244189177517,7.840133602323298,71.88228057331592,4.555575909593662,20.11743913608557,364.5928667016648,16.912387357082054,7.674264241687442,0.0018360200773908,1
107.39051000617324,36.259044449626494,5.329933201257953,51.28605095009171,4.25169788254464,15.619294385877971,557.9462692579772,9.4000501700829,9.197418045296985,0.2013682928888212,1
8.483122952094241,2.06905916728964,1.0195332916852375,4.363547712852548,0.4244999707880885,12.504136212480644,4.976621213082275,9.708079857776694,0.0,0.0968001922396883,1
47.56129965342106,3.2932737802721794,1.7486755827079137,4.2082759780543455,0.324988609013496,10.754757484700065,4.518503625898616,27.41907980862565,8.272924410893046,-0.022357216566268,1
19.176053252118223,6.024902044863813,2.1829869731553866,19.03060247411032,0.1981434275188117,3.6581403871364864,4.15203185809769,8.459632239174487,0.0,0.5744528244577022,1
209.93106342346715,6.4427185308842825,2.299414048483756,22.935098429256684,15.463850507841428,8.92667251577224,3.70833279404447,330.8492281589012,10.181385527300291,0.0251029960258142,1
203.07835591403705,9.262630009967635,4.829680778454045,24.13345078255816,7.678574595185656,14.787231469315213,4.748259910426173,326.87465246647105,9.071498311903508,0.0453107545635264,1
26.40519727504979,1.3604741983976445,0.2766061560723751,3.1959738541923968,0.1211539444899266,0.7058620168343286,0.4028644562051729,71.50223503115683,8.512726923884161,-0.0050347705115119,1
93.75315758623373,1.9061698666220512,0.4524579600787771,2.7351805280404364,0.2945998401239805,0.8978177483090305,0.549516954633389,78.87659737099888,8.559619146500166,-0.0069457841913473,1
215.2965228896884,2.883159050415165,0.8131420642844845,2.323615342187107,0.2581345998143462,0.8850113328584144,0.6940485569261763,54.827891121774655,7.11803884282552,-0.0044114949065246,1
44.913673817451496,1.555704225452839,0.2609056732976776,3.7678842269788086,0.2753195041599818,0.7258680381775509,0.3274754643876706,114.33891323077556,7.364828837973998,0.009750598737143,1
31.7335044054624,1.405253363362295,0.2589207760368755,3.1621695462957167,0.2534291514002101,0.7997225471350699,0.3832457545101488,79.76915241349656,4.462022259174999,-0.0073475664519185,1
196.45448994207192,2.5852462774689937,1.0497587325153337,2.539018610727275,0.2586333975456316,1.216807417317426,0.7377378130288861,50.28351495843629,7.941127820652134,0.013056215268998,1
615.4787954662921,5.568804712630562,2.107361117438085,4.075757637168499,0.3131343467321856,1.5493338703948425,0.7912018628170275,56.06297751696568,6.692035476161539,-0.0042978361661185,1
1368.9788789480683,32.22224514198854,8.196443620989031,47.1326464747405,4.415442372391992,26.71226525515221,6.319187751493797,588.9544965215653,9.24935358633682,-0.0082000616982308,1
1017.8281917004311,9.7062614206694,3.883802467466692,9.198051076487252,0.8524660537920891,3.384100772263132,1.6384544372140908,37.350289824344586,7.144337275094996,0.0591597045998613,1
661.75976445171,9.292260103133891,4.771700129509423,7.719215233349185,1.0103482319605213,3.752883335245686,1.7950088099209938,42.002556521036894,5.5294330485005405,0.0068603361317823,1
20.545766082910003,2.3966529876325016,0.8891892810646705,3.864401267847237,0.8429449583306676,2.015169572235372,0.6223214593848226,40.80435560760417,0.0,0.0093646706085286,1
26.984417284425817,1.7377957497755978,0.3210116783129664,3.7566866432105215,0.1207511709896461,1.3034860286286176,0.170253501808089,84.3405308484444,0.0,0.0138960179939092,1
356.1944290549307,6.290196066103277,3.7670219033506513,5.758057529199849,2.001743387405423,4.807838242567706,2.5241975120336897,40.55009335099216,7.689938837505463,-0.0715286980241779,1
242.0064431164156,3.911473134689144,1.931074035734112,3.9889957812945824,1.6992822574831046,201.2155022732676,1.2858405063082663,44.90086944150323,7.329336484585659,0.139856566502307,1
94.89579783883704,2.5974630515899824,0.7382825946680679,4.731458729907009,3.749335166902049,42.17712018251406,0.3887429296673999,94.7204175464802,7.454425398975627,-9.571568129810675,1
14.559625010932422,1.2612261524561106,0.5535137382229083,2.382857478207133,3.8072130327964087,3.8589597091955095,0.4826597710383282,30.338284704781305,7.439313538763479,-6.589589507756068,1
96002.29880529594,45403.13457085333,240143.30590307512,306843.2228843897,282174.6699928757,293410.55820267927,240756.18002825137,163937.04801778574,12.575401239908905,-7.965226008044229,1
78800.11720572638,218393.1219788825,131955.25937939904,17445.865843330568,286903.1467811197,286716.5109463085,235120.48478663145,76343.91279992246,13.804819445412305,-35.15853763855929,1
185.91648237421944,2.4382927435094013,0.5228001313051087,2.877531046901564,0.0695684788453046,3.7948290109497886,1.0811857409683867,61.32652890656534,0.0,-0.0117040515893433,1
975.7227945441448,4.628807462533183,2.0387063687754665,2.877876939441588,0.4059114942178289,1.9811421819058808,0.7161230600103501,41.63169470035744,7.254461032801013,-0.0203013816294841,1
2006.4090012035067,5.758579159379733,2.4497401137738253,3.421861618906616,0.1879070534956928,2.036909361990047,2.290752315721741,61.3661167449155,8.01319620106101,-0.014781433659862,1
26.137697784055508,1.2861888993731492,1.457520980833524,5.50496718182011,0.2210757741983471,1.947464409741376,1.2794833116227726,47.424689558003294,6.6709184009854985,0.0005331647140925,1
24.548558681997875,0.5981462972182414,0.3965813058188576,2.76733530713956,0.0588531334184334,0.7544919314557954,0.4938852357250005,54.8776240915333,6.990906111633186,-0.0079511416215335,1
37877.475775970335,1985.9377963428328,19.53471637353625,82.80209385021227,6.925279331308722,60.281965462529705,17.50440063595233,262.8011561637768,9.870349942027968,-0.069706234008268,1
13419.487253305511,2087.5423246626005,833.5328723545219,2560.7730506442385,279.43434873027,1811.073326322922,829.473278398827,8553.91528033999,8.159128677145235,0.8046062061735514,1
20936.71433156189,1280.7813048693629,6.6991716598762485,3.803804952087642,0.0518881838431605,1.1967022351036702,0.5892521657116578,35.20386173246663,5.951448518142228,-0.0347554942352588,1
9951.688677090651,611.8838392826872,9.145378370809665,3.2473076393442284,0.0638985075759311,1.1761434794267658,0.4354970896847046,30.924630252654964,7.061906837008115,-0.0190809809833683,1
42312.30866943784,3059.084787521993,7.312825553433392,3.604585278284536,0.0502842439348905,1.015312940292676,0.3742754627445093,39.023432647034994,0.0,-0.0161561136237964,1
16.458795650019162,0.8106785330185519,1.3068809445864398,2.701447979206121,0.020654209594846,0.6975799013502304,0.1790064112853818,30.052495068693872,6.041249873338426,0.0102630033251002,1
3266.416689715033,143.18507310986632,4.4947029103057226,3.1960819680518497,0.0337070620352067,1.1158877757593455,0.3456411715523273,42.09473889874787,7.043665165570882,0.0152886771160107,1
68.70191223905971,16.605550122120256,0.3009024525753962,2.694826257446899,0.9212458811973716,1.184582603998824,0.482065757562717,57.02456863580765,4.951202508529695,-0.0008684499772872,1
189.27270039832956,5.175773754966902,0.3506496431047274,3.529232508163511,0.4168044084722245,0.6992854670440469,0.4373995467648446,53.27894546283508,6.354845099845742,-0.0026599422297331,1
10536.47249275477,1271.362790010798,26.8877965623604,2.3984312121524867,0.2426038204604074,1.4996297453932883,0.5213619245009882,43.6988249834367,0.0,-0.0001085069463181,1
93889.5779463718,6059.360283848069,186.72717152918528,14.543124264601152,0.8327157750006138,5.782444374595546,2.487220003608419,104.65347174167792,0.0,-0.0027908503083307,1
68395.26598527166,13046.655681753626,104.86427998540172,12.907796680161116,5.214213463920579,9.848660027067831,18.04754994478013,129.30081498163798,8.267542864072293,0.0672060193386788,1
19.297670915164577,1.2480298181409837,0.3676927380898922,1.1422735928934962,0.0481220548069996,1.1580996247032158,0.3952735001852368,86.07522613977974,5.796684285144995,0.0203394685291781,1
42.60710313589753,0.9184678089944276,0.2372145734931045,1.169391946889024,0.0185567124391353,0.782821651209899,0.2400312308420631,106.83746538769071,5.458715087401601,-0.0037988345848762,1
27.724406302932,1.0540341475621768,0.4002804000565248,1.3071866043253484,0.1766340542652495,1.0149349280878877,0.2812521324130854,76.4287446871867,6.338895797505275,-0.0202723573381593,1
30.126442050397145,0.9290253744109566,0.3271331355760269,1.2029107726456003,0.2821435324896487,0.9512518227838408,0.2502347514542406,98.85118514837929,6.246043813788862,-0.0039797464161786,1
22.298797056450056,1.0945620694202067,0.3662098485956117,0.99171373282302,1.0267391455510024,0.9778979497678458,0.3636614243831445,74.93183424502487,6.847823140738053,-0.0061346450810363,1
27.3236176206384,1.0401512538568791,0.4690714050115346,1.0712525210384165,6.7624026621473305,1.0352150140568253,0.3718415193391857,101.36155818837464,6.282891426395378,0.0091659912747194,1
132.7203855245199,1.3542629687584031,1.7558473408737114,1.4696510246143355,0.1207899727698981,1.007545637274686,0.5297213601983246,418.9868048410042,6.590680648621914,-0.0180475811093546,1
102.26421747731978,1.2487305199672118,0.9168357700669706,1.0421953333023035,0.1498921426588342,0.8109124579067029,0.5286303395051735,311.03065959061064,4.164485772182194,-0.0118070496199958,1
49.2174543565519,0.9216397201105444,0.2519245768398792,1.3592431610342155,0.0247986533790658,1.230106128774735,0.3347400568095672,162.9768666847535,6.140044251211482,0.0364826152092055,1
83.9607307766531,0.923665958553566,0.3884777925936602,1.3615963548663548,0.0997360614953176,0.9985847416780051,0.4140616110989241,264.01344021588056,4.596668089806784,0.0079522649388771,1
33.893981182385915,0.9704427674145206,0.3082029928079802,1.4219872982196695,0.0133352514554125,1.3002322365750856,0.2587614104363246,133.253561564351,5.8724001866672015,0.0026362274847761,1
53.70466372597662,0.9323121408213216,0.1907535344180928,1.5411838515764362,0.0112768039168327,1.0244256799838043,0.1939406564580857,263.76082672207497,0.0,0.0101155337333665,1
57.13996722950365,0.7663918946140948,0.2295208198908024,1.1859663383866597,0.0184853985726841,0.907953552348162,0.2444552493949344,172.53381491765492,6.247317138226327,-0.0067208129083323,1
43.36466619009374,0.9641745598063236,0.2194787974816625,1.7534217635946474,0.021968689996222,1.445395984279254,0.2325252898549351,189.7058565016789,5.730816351404765,-0.0039513480262935,1
41.95140553140715,0.9877353902888693,0.4619621447237274,1.3626450976452034,0.0174575551580337,1.7184651004344669,0.2605392917796739,93.14334448268654,5.950216413104693,-0.01762716081301,1
113.33059043335652,1.5141912418269965,0.3118029940225801,1.766991898081409,0.0228988637497197,1.420229840498768,0.2258879917897741,220.10367976258843,5.980878153484782,-0.0046624357169819,1
348.03073500370675,4.675386722001584,4.1001054516678135,2.3236335330213853,0.0456832726037137,1.927761797710416,0.3321058799109491,292.0693065570558,5.286563105009862,-0.0795896583145331,1
177.78106338799287,2.299082247396856,0.5622332569640042,1.7852516892671295,0.0206770509967697,1.7125181267233367,0.2778047424319709,355.99786632092287,6.0635231557218505,-0.014160496115391,1
83.06264788037322,0.9879843457721896,0.3280692201417349,1.6663398695757785,0.2636333728086835,1.6301828141181098,0.3587538878360989,242.8175039483619,5.374889782571149,-0.0070288962521185,1
87.83017279192312,2.8323237175374354,2.9175536235181787,1.9549117984896511,0.4352703015847984,1.830244511508209,0.3611907959673304,112.01610420874596,7.462348663878911,0.0096335141233132,1
36.24534287211032,1.1873609246597958,0.5264586048632138,1.8718309843518528,0.5946403209890606,1.827823895137601,0.2786843093351787,112.48936404533924,6.39865756272672,0.0025636175551836,1
28.26769014385193,1.3318597412530728,0.3231879000285671,2.23166089217062,0.8625673969609956,1.945827703129868,0.303864568156644,118.79353816948866,2.2862735032260053,0.0080549460983619,1
17.025186451023135,0.9094578446080412,0.3162612324898737,1.6736242349552646,0.1244827502828606,1.3066940717775553,0.2450398885635569,51.28444447172393,0.0,0.0076276448526736,1
20.461721235661365,0.907852442385228,0.2296954448643868,1.6968490101415423,0.121194564143175,1.405039494481248,0.231431085536453,68.76159958493412,5.492681792462939,-0.0071175433718059,1
34.35431527115553,1.068188113046838,0.2363593668336367,2.0844657491301923,0.1541680404357922,1.884621851102087,0.2344604638118776,94.9269089497671,5.503878849596107,-0.0024944093730104,1
170.6356504290199,2.2582926340866027,1.196333572640647,1.5668500927095568,0.0735484322520142,1.354321018268816,0.2860299021017688,292.1199404335079,6.557750066552758,-0.0168328021037272,1
13.991463979001493,1.1069631477010615,0.2746282897871947,2.2408578542403497,0.8738615832276891,2.1181696580207388,0.2776219841141865,46.92497499556798,0.0,0.0297179576921418,1
261.71003046363063,5.5987467042468,5.237147678963054,2.734680065765396,1.0699510584717613,2.1776307309065484,0.6036121390271451,247.2940678809136,0.0,-0.0204109069584934,1
286.00309606469494,8.306292247049614,11.064644198159812,2.684983746697194,0.1492670045064826,1.7629068601461026,0.5322164625082829,268.35502740005506,6.074066060379878,0.1016308415381908,1
223.7873694215405,6.442240659901204,12.95821760910944,3.998403613716083,0.0795748875672194,2.187231451730775,0.4587906914414655,48.893251630983855,6.1571553122599685,-0.0016269650125149,1
336.3051810655284,6.271946471965898,4.906499264804818,2.690459437819785,0.0477695466708376,1.977248328870068,0.4335235845973808,49.75809132122183,5.132933303107122,-0.0351864037522712,1
393.33944740530615,8.12015842867287,6.54044837680955,3.658700716134536,0.0333250531377085,2.4255633304993425,0.4371719664819438,69.06645675491187,5.746203614793968,0.0208400281192632,1
71.54685863076223,1.248821255817406,0.2457031240366482,3.305663132589652,0.0267551885482442,1.3202192384528106,0.1635334150498396,315.4877036468992,7.326119557296697,0.0073557708719233,1
82.02307519201605,2.088810466427075,1.3924473627286833,2.243191562041192,0.02851652987314,1.4955247370526454,0.3250793361130188,196.2081272396881,5.1412050676304135,0.0430579657709204,1
375.96582559804887,14.470841974216556,11.90426576992072,3.503424244098385,0.0984372727965002,2.1574965614035406,1.015458266490065,215.1858314467229,5.055396248762022,0.0888812413943407,1
88.76492150106749,9.756251643945888,22.538381882951835,2.234815763491412,3.0031935085517136,0.6354915294976777,20.14768192512985,46.49339471510326,5.994163994523162,-0.03384314023338,1
29.75198918427812,1.7448852715603893,12.222322845035348,1.248389951258728,2.870079384855166,0.3876724921851584,18.40825226691418,55.3727402342339,6.479963446002048,-0.0086334653225344,1
15.45218043244266,0.8831668466036271,46.5047584804024,1.80170309888388,11.917481108028651,0.3810724322985952,29.713783696894623,27.093609101125995,5.349890915144301,0.0143069589043279,1
9.104793202627176,0.4007196513102714,75.22780751836102,0.9682270003693773,10.374665664916714,0.3885259865590958,1.6664959471987952,16.009332370481367,6.267335107545639,0.0070845053331683,1
14.08076006261784,0.6131192975542739,82.40780377185614,1.4289281275733854,8.391235368492223,0.5361007313945124,0.8824229750564477,30.893994395532804,6.720206749295549,0.0585973781454256,1
347.7399846546666,23.99486193601512,40.60685764851184,2.9046468094434506,8.461298614389364,0.8748838576489589,10.707697647183345,60.949358178748255,6.425197123342906,0.0650986196668301,1
86.15929116057531,9.138869897595333,10.154979364446705,1.7964855671828197,0.0372810775316996,0.6189141932166919,0.4032679036409605,69.70558272186905,5.328790891875927,-0.0401725720253839,1
296.04044031838384,49.03352416865218,50.15879170766016,3.863447274886154,0.2702927452558472,0.8396512941531878,6.96296328538432,78.66272710248111,6.364604827794988,-0.0269352299193009,1
105.9066836250874,4.947329905822349,93.22805517187383,1.7757619116099896,4.292882459750254,0.8005421499687824,275.2030715642147,49.55837104545957,4.292342453701509,-0.0055414741140961,1
31.80794129701227,0.7133075701212082,0.3239614521875428,2.34482870681972,0.0718281663936358,2.45508369612102,0.2935673853551569,271.5532247302586,6.0551739936542495,-0.0305051081456263,1
77.52209489160256,1.103414447365198,0.6803121937035731,2.7318486349221303,0.1423218131778672,2.7777936832553816,1.0488757346588728,264.40645863310846,6.685264650868287,0.0395417096390074,1
68672.30534338388,4821.399484258771,2989.6312131833424,9946.261428768934,57690.287938016016,4752.169014133448,3043.025083418825,68699.44536516785,11.09969904980914,-8.971683579688296,1
305.9538775483356,6.196237738725298,1.6439549580614774,26.95453605039822,0.6578687848775222,3.887088852979279,1.7349350562384316,278.5388229150575,0.0,-0.0399526774610493,1
17.372506974084544,1.3948958419738968,0.8723734249025932,2.6644987718529705,0.203058804697217,3.203886322475172,0.4783281994467104,19.2218100714906,6.995192811437726,-0.0260762938866011,1
27.44793032772173,2.676240551524222,1.1830827628565916,5.285566407428889,0.6441014506454449,4.644779587396941,1.1679944226384522,5.325092569447647,7.4523496667392735,-0.008216774885329,1
32.022765908336,2.683126465860803,4.638200923722381,1.5909323655508871,0.6293324117355316,0.9956948315789096,1.3570612718098063,5.404482207261312,0.0,0.0718146981016986,1
124.72292277489358,5.094862680924533,2.9381601412521965,6.058482155566943,0.7189554068616341,6.391630416213182,1.7952458854210949,11.222148282572183,0.0,-0.1030240468810345,1
75.70832488754962,5.240149956002547,3.5576021742515884,6.182324239119714,0.6843225454253552,6.2402013686470506,1.7063755255745203,9.744175363476783,0.0,0.0603455986902615,1
68.60536752252085,5.685357717054307,2.4025988389271298,11.133438577644736,0.8049420765707681,8.44995044633814,1.0272026821462654,16.461588820552198,7.088821689762884,-0.0017669793834288,1
15.394406573937475,4.304605110845014,1.6631979795470333,11.439922294990197,0.7018221283498756,7.171592433951595,3.1459676421312417,5.716881958458608,6.985432382525983,-0.0065151679155847,1
20.424213864639174,3.212242093431424,1.1922982614201676,1.9867212256801248,0.113946640703328,7.850661618399457,3.1816948766982915,33.031942381373895,0.0,0.0073167448219602,1
21.536195641578832,3.6539691430116217,1.576551664410866,2.7777355060478235,0.1344689237325773,6.798420921073309,4.5103061466877215,11.71417293548207,0.0,0.0034823284350942,1
404.95126695991735,25.301041717079805,11.684166234032867,45.07709578925062,5.055375746578512,23.985768110162407,13.526062662479632,217.2386779796056,10.739718815224052,0.009526823106368,1
133.38001278118475,3.522964820681086,2.0937435039772327,2.0314074936061948,0.3237850977701528,1.7846299076515082,0.9203047773826518,19.51096177675412,7.732392589351138,-0.0131458064260896,1
73.62262176609865,1.89561573326135,1.0435647206891394,1.64468546019613,0.0887764385328743,1.170437053704072,0.4897003017120626,14.87169767850856,7.108335374976788,0.0095482446990218,1
127.84997683396564,2.6483544221503856,1.3987505418852102,1.720913173816886,0.1627220896216827,1.6161913300163069,4.947219614458224,14.128080280109131,6.556281757051732,0.0069708995230053,1
71.14208002149729,1.0624846363316505,2.0941983848027177,2.664290217832048,0.5304215949337162,0.64434301696132,2.0532445852593457,72.27245453396183,6.706035829084969,-0.0002298790649523,1
28.083005576330137,1.7792744722269351,1.6846852321920949,3.7318930678177376,0.4268454125279474,0.9207065117521808,1.6888195463862068,30.64359370203402,7.06434131894426,-0.006178384707678,1
69.61648231589425,7.346556811714338,4.008175565200826,12.491339539036614,1.1850978287054148,7.311286362579472,4.074221515997439,43.848560428932416,7.142676518629906,-0.036288756061118,1
2396.064649402233,252.5857342197689,89.1204182940182,664.9972122704247,26.71248438523117,253.79643908850497,95.4824744844026,2145.891460039308,8.328266819125679,0.3442101075430617,1
137.30687722492493,9.93711592465624,6.0087530529831295,12.307125627118785,1.970994553952761,9.247951983167855,7.912613252338352,48.612776553586,7.469648338593896,-0.0945710756455122,1
45.04040086018553,2.4136435839969868,1.1650143299239204,4.5375226882548105,0.3028989229443345,1.1847478453283578,1.1931338942444254,45.60352343189592,0.0,-0.0126544351358226,1
1560.9113884290025,209.6103122020592,102.09899438667644,427.6211387843916,35.2245120573615,210.35850980440887,102.57730464022676,1408.699355463502,10.440625823738367,-0.2434144064821349,1
6328.265334547794,1148.9268805230397,503.9587482761888,2222.8079612989527,161.97474701637285,1141.705753935452,507.98263084960814,5793.7184926505615,11.601580652323682,0.213706322257429,1
3038.2387222200787,472.8115717583096,245.6879358696511,1052.6297676185643,81.20126081484482,475.7267820514428,246.56389833227877,3005.457437831112,9.364157177609126,0.2535394220717188,1
75.84228895728846,2.5082537149029496,8.34771602086501,6.309850610101969,2.935501878496219,2.2485277564580897,8.275934191876534,80.62931944782329,8.26228185039302,-0.0486936467705423,1
75.35925166276434,3.798976155053688,2.4578966387207912,3.291131937850459,0.9427298219546844,3.156736293909053,5.097843763456479,19.01423106478976,7.528503154486307,-0.0199888866427555,1
69.84788992902313,2.394110625447603,0.9106244255306244,1.8093676420837344,0.3533437964755529,1.9562236732208005,6.28032909321882,21.13701054856152,7.5405905923041985,-0.00901003027728,1
761.2617191774838,135.22702131759422,43.013856919996336,322.08827028949247,13.794565934942357,133.584414532053,44.94078685704456,646.155399160908,8.644888993153128,-0.1025654102281302,1
132.188078878708,2.2270100860393427,1.780600295809408,2.120122463056839,1.1190662964576432,2.7406802311095,8.145137958314452,17.618484876740826,6.815248954006798,-0.0908308491953112,1
91.28578069524596,3.3451336767830098,2.4839172129514435,4.993401300920128,0.7765681596523301,3.498459980593068,7.507229523764412,28.891572379517136,6.889023088593892,-0.0394850338481259,1
683.759981796848,69.73266753899514,34.29208764405976,116.6342152441744,10.513118289126432,68.0494413833167,34.16252118867105,323.36265328366784,9.61473284379984,-0.1433808158434358,1
403.9246438305809,30.070150381615896,13.945585688160346,51.13033276378597,3.8622817576467168,27.326190822082,12.774677596402515,257.9732995945983,9.114531849867168,-0.0611842021628839,1
57.6673587268544,9.740861024964063,5.476417175499375,12.844766072011812,1.9505695232578315,10.264354920958317,5.835742848251009,61.86548336574391,7.684928384373976,0.0830177581808143,1
1440.8655260775809,215.831271525508,87.9445108627371,434.0454477619994,33.624318794392245,213.6168565723226,88.40205437734016,1226.6787449325138,9.402385282658544,0.1360676403164087,1
36.96266224058808,2.221356236031857,7.073268136228832,4.808542058284816,1.737581862840376,1.2447013012500778,7.293661914973828,40.09440033214474,6.445867598645866,-0.0041914812117231,1
32.666113003450675,2.08356653951157,0.4205663045702745,3.5112569983601034,0.1381665528765169,1.450948483475794,0.5075520077077004,37.22777393455453,5.964239824252651,-0.0139696423384655,1
15.014356566540975,0.8714627544782599,0.2722125656083049,1.23772008583232,0.1705854607142356,0.9476267357897974,0.4935100741740151,23.915523499176963,7.328522983359082,0.0008231090779513,1
16.4804741543047,1.5838844697621148,0.9573582628690288,2.8937018313718017,0.4049839400709045,2.376162379999879,1.5422254325788929,24.13452061796907,7.368712417611558,0.0247821808514347,1
192.60704902794456,12.515302120711908,6.411745461877842,25.535699765995343,2.146139922599419,11.494423164916023,9.585834175295767,121.16941061207778,9.296416617369314,0.0704441813687653,1
51.09322754358574,4.063328382835572,2.9878610298988035,13.339309862272623,2.0745959679063395,11.539322914164936,1.650958973795018,458.1769052000949,8.607013184579914,-0.0045567986786064,1
13.038808329887186,0.931795781407876,0.7450136777554265,4.901188613675476,0.2273851325817165,2.2903318739123364,1.5451941807981742,14.48861315477143,8.447581644581831,-0.0112833164373577,1
10.829740201867594,0.6535723091127981,0.1037776054750169,3.526989349160328,0.1540656916132539,2.0953653204038294,1.3641025747938624,14.085299054116732,0.0,-0.0145719313865441,1
10.127710117084538,0.7768127137535978,0.1207382334273439,4.411261922256528,0.1626632110661881,2.07925450384817,1.3438739906742088,12.626772213387508,6.534213327273883,-0.0019028405744451,1
140.9012376684354,2.172993323942725,2.554797933504433,4.3322321461606,0.5362498936825042,3.3808544147400097,2.2911846090939374,41.43900627315109,0.0,0.0161521980502279,1
7.473625793743789,0.7835071947458944,0.1300919076035222,3.1391330803019715,0.1737572828869296,2.139080692665229,1.6236316179787051,11.994173585512822,0.0,0.0071805092433737,1
13.826072243030824,0.6945716028443234,0.1123059925984084,3.3151178503051706,0.1889525049279368,2.2783203933002203,1.736598187232208,19.68884987089228,7.293583534151938,-0.0032877958713653,1
6.452994739267743,0.5554652567543945,0.1063656387949545,3.0063530252410984,0.1761795491508594,2.206563816418023,2.0251990868933127,9.749903548748248,7.222689286878867,-0.0103824424758241,1
24.8075237615044,1.1607937054647406,0.8242070258786539,3.1307298719428425,0.2814147204216641,3.3001941417285643,2.387278909223814,13.989608718758507,0.0,-0.0136386890003508,1
6.381292547336463,0.7930876628491628,0.1504545832058088,3.252688141970328,0.1873864453889999,2.399109705264084,2.049055676608739,9.8641450466855,7.529493057636706,0.0007684344764335,1
9.706958583087587,0.5961222046047301,0.0955678666648193,2.860545050087424,0.1523844532273336,2.0289792210028974,1.8159050867753104,17.147157850091624,4.513194683891831,0.0029169784095843,1
10.005304862243865,0.5091241207196207,0.0837609994737769,2.936931312323265,0.1501809147273753,1.88270779315094,1.878705036861799,18.61591489081141,5.996781102984367,0.0040589643934207,1
11.56306795948234,0.4036586361556316,0.0705428673933702,2.624217461475608,0.1403114284614982,1.7459975019062883,1.9262536848837848,22.65197757454001,5.95704562799816,-0.011206502359138,1
6.3766699198026,0.6863532887734693,0.1427668078672307,3.038453745690713,0.2093032790269602,2.4079041093541003,2.1803684461153234,9.851263053914858,6.692406709936433,-0.0068489726877911,1
15.102024556055062,0.6779624172602771,0.1359653933066793,5.333520989143474,0.2183755262975583,2.4119968401528227,1.7236104151764238,20.961043565680736,6.204719808406415,8.615877197658912e-05,1
39.9719719016271,0.7209717777476712,5.106831088941886,2.95277656167776,0.2218438341573758,2.408839489999441,1.7900420881348256,48.0388917787161,7.904644165557275,-0.0103312845778331,1
8.858739032822076,0.6827159379358376,0.1375729605438052,2.28848607505448,0.1935747567832324,1.9477401464985864,1.698487374242906,10.855986991855191,0.0,0.0037815078337729,1
199.16970800938617,2.443616202035172,4.500244840614138,3.5653565444425888,0.5674144570259991,3.1856905500719934,2.255974706446496,59.7726050044,7.625714532769776,0.0107598482946528,1
1177.4990264405722,12.008444798005614,1.3646728100434735,3.8055795496952114,0.3507369328382663,3.4313794588443494,2.2653371595323506,48.99909882226535,8.293628312980191,0.0103734540467673,1
573.9219044084323,5.5658783350584,0.2145292750856901,3.164973492116286,0.2670310213997084,2.3501941446335657,1.8969824263929247,24.56063040841256,0.0,0.0205008213931212,1
1002.2140428474436,4.70554772205702,3.65480107345349,8.351919844318887,1.5906522897418789,3.940230404960469,2.250253995351167,152.38066970051,8.716306662146646,-0.0038965544700006,1
773.7515463271964,4.381514619237751,0.5808094344184783,3.709495515430876,6.801210279632655,2.84955850596173,1.916615053868556,21.581146025102196,7.836698402551591,0.0091735486093815,1
814.7263983137914,24.9757011786494,10.766013727161964,53.61068473912732,226.57419850658016,11144.908233319107,11.077901444115884,350.13250376004794,9.821336750505342,0.100699497050507,1
10.398667739764756,1.1348584285500745,0.5879057117832606,3.1454298216554832,282.0050467669792,66.73150585505138,1.133548326228948,11.038547376917872,7.471987857117207,0.0383055146976374,1
11.60732195682844,0.9999669369865708,0.1918810452565212,3.419042961616883,7.723644227862418,7.040400168078397,7.942554281126548,9.879064810858694,6.988705242668662,-0.0127674191486235,1
13.392359291311132,1.3668922018799152,3.6207130704146415,3.860440824983668,2587.082124929468,22.47046697049775,4.185295300708275,11.521547547687437,6.623640627079142,0.0108599960666196,1
3482.5523050740057,382.7589075615121,167.19089714926525,624.9178048871172,4831.437912305113,6849.899253447318,158.4239539456865,2501.526413923126,9.798559147275077,0.3286923943985517,1
22946.306992132988,415.5974722972544,6454.47882693979,5.124226421420017,0.3342487486447449,1.3246992219631812,1.0489174871126357,70.85998597482272,7.204383199628532,-0.0051056516123316,1
58.05890989255514,2.089519158237363,0.6075099376359442,2.8149069652863434,0.1189749023325057,0.8163529138921611,0.8818137280094179,27.430330727210656,6.8065590774466855,0.0048091833986812,1
10.804500071223282,0.9858936790717312,0.4375647782160743,1.306894676048044,0.0728867300601266,0.2710771506538584,0.4921518822940029,5.074526945021472,4.949750913373247,-0.1066787272028078,1
38.53730946166353,1.7866771826534005,0.5926569064108885,2.263488887139633,0.1650526381219615,0.7124210559267532,0.8099945511391438,19.965517809827237,6.998809810362682,-0.0121030524485514,1
39.88245209744304,2.011570675750066,0.5227700707710653,3.788412699577601,0.1073460544303137,0.7081802073391071,0.9283492658530224,20.475063659391367,6.841939511739311,-0.0010089682328228,1
54.15113172491766,2.0578311766045205,0.5171435298545644,4.164805151533765,0.1104092844602914,0.7609117650490662,0.921862254091974,27.673017223593984,7.916412854692735,-0.0078935726904794,1
151.54245497341287,87.27266320447815,73.12659789507123,67.64718526831443,12.260621396208771,45.08490050015421,24.086199493626925,88.06896489803013,0.0,-1.4510989782832489,1
249.2415389458397,7.056210473010952,7.167684821399939,4.648679197068705,0.2489511414003207,1.4485282097490222,1.306323674360971,85.39862854316955,0.0,0.0027596461348878,1
322.93605642562994,4.3268097960171135,2.009641776503844,10.825734636059828,0.2659538086740853,2.5423766612206222,1.4072434582240063,280.96589429830647,6.855844571818488,-0.0113541177839638,1
44.14122486622529,1.6890440813375054,23205.59287387136,4.456880259207812,0.0845674786395328,0.572167620995021,0.8344060239378185,19.21532538951953,7.546252183575119,0.0079266695185761,1
177.5457569484571,2.049814522507591,134.81438739268663,3.221648993816232,0.0745090129295689,0.7488275348123141,0.7074392044620699,21.07900444563144,6.337690443302328,0.009162104638591,1
271.1016796313594,9.093946054109036,167.25312549098274,5.544513840174687,0.2119611133505245,1.1531530268214638,1.0745079168611011,46.029217262655656,6.874686282123784,0.1151998417200686,1
249607.6933777923,5134.146231679534,57.13497330488722,3.9660829952644217,0.1624030835679255,1.1349024630610145,0.8509717344294856,38.570292036613694,6.9022219002051175,-0.0401459585786563,1
13291.430965576854,39605.22386692611,2636.088688430392,8.7864350779582,0.2762978882501533,3.1596489513037227,1.557746946790252,88.5049363196146,8.346375375084339,-0.002616292919818,1
37.75881415305293,2.159603441194845,0.4405347611334132,4.303027372395103,0.1389018899632454,1.482625182393534,0.7267529105989889,34.43456099895847,7.467741384179296,0.0039051255734466,1
73.68341886913325,4.47818974412526,1.46350674256945,15.137929193989274,0.3187595473599245,5.408850380561754,0.6369701317201245,45.39474678132365,7.414328669268565,-0.0143280022741917,1
427.16722159092905,3.968957928689116,2.3665953347728137,11.781711240594689,3.8125735825184366,4.880367903053621,1.994632579610759,379.09491061446505,9.452429435865788,-0.1792094564958961,1
18.758787878698985,2.832680815156849,0.8099047035468493,8.887513088171831,0.1905835484363163,7.66769410972355,1.6129703083358444,12.840848902233905,8.144604848010959,0.0091844486340738,1
434.0124656357849,1.1171029819714628,0.269724816584868,3.3925966100133405,0.0859963383523574,0.1053900166451594,0.159100380049513,360.16019036030866,0.0,0.0587258931171877,1
311.00625810450094,0.93911668946783,0.2659734324998855,3.290136141889028,0.0778024803103439,0.1050627669502223,0.107388198776533,299.8592241946268,7.106873153426196,0.0069488151943648,1
150.01019202504597,3.218645645815102,1.9867302141127376,4.603701577489699,0.442976946434403,2.901611347266308,0.5927488331209928,10.670556343006975,6.496127984750707,0.0291699523333964,1
121.6324898768008,4.0512868894622525,4.194252756558605,1.2036335052445415,0.4816428308907961,0.7052174051897391,0.8910972677885005,11.693224113896475,7.088746865923199,0.022092688761815,1
24.151553111277124,2.05824024910311,1.0812402987722614,2.85032290830838,0.4895240365552367,7.398032858320295,2.3531569685572,39.28891903067029,8.371880219626057,-0.0181037408489641,1
123.41754012755904,4.53344488019358,1.7376022940026952,9.698945513396763,1.3623096524191307,2.900409270168661,1.2988849875072188,77.77781211936474,8.268841686334664,0.0166245371915658,1
271.3946658885909,5.688571700325648,2.287010307590152,7.871887740588001,3.72808513111407,2.7939149564290666,1.6738542044793954,41.85222129013847,7.761322476934445,-0.0591492866369071,1
89.90010125868923,5.337733149689568,2.36611857923796,9.013494124868645,0.313460770310255,2.388559279530034,1.4603722900342702,26.92574880059513,7.176477336161217,0.0472500944301503,1
66.45883673740457,1.3494718346732275,0.5789999450820505,3.9057144244606383,0.0419911481420017,0.5950166017467114,0.3359757378177702,58.85101510067849,6.223580215220702,0.0186279570602373,1
21.23497843673181,1.52042792161606,0.419716196665743,2.6792586058161243,0.0669948682455698,0.9582729180461016,0.4060205749505473,21.37715006176524,7.206009543507324,-0.0142300238455075,1
45.57302718044495,0.9726396116910012,0.4463509366206648,2.5998074802151114,0.0773986707380427,0.7533653444815022,0.2504219102662809,41.763087762870896,6.711353088377075,0.0053415413071969,1
58.3478031021381,1.2811124680086343,0.4246138224689897,3.0381062835189088,0.0477761142587929,0.7190697540868043,0.3066929077136555,51.48417295284544,6.567457596876773,-0.0210094547696829,1
98.33377685088756,4.751210628759721,1.6629598227786977,5.936556332995052,0.2748453728072529,2.2408239573590603,0.9538869144437254,30.95878007319324,0.0,0.0401341787238998,1
367.9772256371573,6.652944082145788,2.736617934792632,8.477107053176278,4.661430851605542,3.749687152161637,4.236434327317706,38.33630958091016,8.020804044339867,-0.0844355175316777,1
96.45566582044157,7.368267738676036,5.269122761546872,9.255156598021356,0.573123038449302,5.262104835922318,0.9493691355379594,41.450483699200895,7.678483961043402,0.0265548263553462,1
212.0055950749341,9.815758268708429,3.594010241316871,9.253032060576754,1.5307147436620416,2.461093425100419,0.9942283886390472,33.18783380424267,7.6414027514077985,0.0134020428834793,1
83.52053668145777,2.1685440053824534,0.814610637885223,4.419383372634616,0.2737611318953014,1.2271533930668628,0.4202414410946473,63.734777520056326,6.790066703223799,0.0440058301533823,1
206.8759993769297,51.802930524648026,42.65822838782776,19.349627039085597,90.04862636043792,71.88752742551459,17.166821111114213,661.3672825712222,9.935759016387044,-0.0297208491443932,1
125.54905231099268,7.5665068669672255,2.6521162398657383,7.420694926475058,0.8062659297715441,1.8253092068289287,1.1680670854189772,36.24490292351893,6.562458434999554,-0.0377123585369617,1
134.01735197037442,7.22564358801549,3.297645067480864,8.053005548787484,3.4497226976543773,2.6769240860964243,1.1506791195535973,34.03408771267229,9.573563725327608,0.00397131445216,1
164.90581815078053,4.373494273078937,2.5304951540324563,5.335866812174274,1.1295669554436143,2.6026076855885094,0.96734360698298,33.9484705332709,0.0,0.0287194841634775,1
276.5028861639326,6.535073483171773,2.7601774731898243,5.87051472013069,1.7270466042076744,1.7986773622251233,1.0556052993677516,31.81140865395248,7.643137646944448,0.0674366566642198,1
263.47427335779724,5.419070820246599,2.7871128249589177,5.508047685120754,1.3968565593801925,3.9765491272092577,4.245658486490278,39.85618614328552,7.753874684578763,-0.0488742733314982,1
17.894771155850343,0.9462656373592986,0.4472203962592129,0.6876350370159429,0.1472784681930388,2.879670849593232,0.4431260019777524,61.8225235046859,7.4858548494913215,-0.0031716770401064,1
42.80597199079324,4.740343387074026,3.7144459384343143,10.393693005568265,0.3457212679293132,2.4138100912602045,0.6449134550786431,32.986523003511905,7.416540697645003,-0.0184683646271013,1
10.646010773467736,1.1796451513396908,0.5394310536457597,1.0415298793839052,0.1238991453375895,4.372459421365862,1.72010316573495,9.823226253399604,6.926538082479408,0.0200617116534801,1
89.79036763778862,5.220936508435639,1.181138061978778,6.091606701779366,0.0789610579411353,4.084052386134371,1.3218856429115016,7.397963298932392,6.315355905674392,0.0098137592032376,1
188.96139409389005,6.380604310013647,2.590636374213256,5.800781497629128,1.5920834028236452,2.509526211769104,2.4306929378523816,12.255497581367395,6.560789376880474,-0.1037045911913161,1
279.01812576634416,6.791248618740956,1.942669784058392,3.843247341349743,0.201533628272415,1.7333194324030563,0.798075106216731,22.55398043480019,5.951522453186247,-0.0169889639697488,1
244.4471123068664,5.930088830597019,1.4501569419528175,4.224631977144713,0.0665863141529217,1.648523900225319,0.4520034302035802,13.744368690075314,0.0,-0.0019211932545745,1
40.65538567626286,2.882553602360253,0.6556266614548819,3.739630894863245,0.0366396506148062,1.6808372935519516,0.4574502628893121,12.447046725533188,7.237056037912054,0.0063023596251746,1
335.3959468297299,6.748088005214165,1.8400689177977485,3.0669936085877514,0.0872171624445849,1.1818839692599603,0.9140474666860232,20.62794861484354,0.0,-0.0096084120242797,1
12.857583828676438,1.2679941941819532,0.3199808031417546,1.638974169869715,0.012108700671746,0.5129432979665505,0.1666931074495289,8.071811542526559,0.0,-0.0117800777101628,1
48.17393994849135,2.6337909528903247,0.5524389400118493,3.03642924684713,0.0303437718150461,0.700091304555566,0.2618460356674008,26.25230441010963,5.966343726110145,0.0075294348297147,1
11.392014740533366,0.7410954521392501,0.2287726170471109,0.9351605450216786,0.0093466407640969,0.3287240381668948,0.1327714496322497,4.397509381917379,6.189791667858278,0.036981695883611,1
9.328275309985614,0.8250668001430244,0.2466200059120845,1.056778010239052,0.0113298035372863,0.3644766156226557,0.1421139769094668,4.528861796952937,1.7813887746293389,-0.0328492272185293,1
17.150972994851198,2.1446027492457502,0.4774557981974457,2.2324048498728253,0.0309061329214465,0.8622690730452738,0.2669423674736482,12.842327252027584,7.163876097939031,-0.0047809285515272,1
90.50248119692422,3.789825576245328,1.02680283569719,3.88243874226774,0.0679369029572932,1.5673938505589768,0.7393360387881779,10.628090173385496,5.010359047551966,-0.0188434190138982,1
469.8921562417548,9.196277448089472,3.646337111473122,12.101298654349664,2.9581741945076807,1.999070357517992,3.838260320157545,127.99378112308388,7.757694413036335,0.0025313346097763,1
193.621016613674,5.373626517689681,1.4240027867241416,4.303525979638026,0.1874653200312045,1.5647286029286578,0.7944433789720337,20.18565492401134,7.868081433173006,-0.0115384900348357,1
238.7668683119112,5.923812290565717,1.222020033401637,3.716641425244216,0.0945079697202778,0.9845249155804184,0.3544539455743967,13.18696224495574,6.336184363704808,0.0150572730123883,1
188.79033072350583,5.247753561354548,1.269204354337021,4.66483631057333,0.0568495114484063,1.521903905912693,0.5656763670918649,14.867520269396277,5.667517832457856,0.0339437215139515,1
352.69449952415926,9.707356969960315,3.3465148297970875,4.445902009667403,0.2495678562905601,1.305371942470176,1.0332480396892345,29.966908743385343,6.947284080211282,-0.0016688527006302,1
428.8532240056732,9.123688765094748,2.688221197161272,6.107040842191879,0.5800423146902595,1.6061671372593809,0.9956233075624048,26.365397473733296,6.72283329860492,-0.0301864400708918,1
304.13705460298166,6.027293753564769,2.090556141853756,2.9463126230342453,0.1092467831441941,1.0547312848322252,0.4903129804480689,17.120667617075632,6.5690419210738025,-0.0200606048896316,1
62.61474388246788,2.513675359181969,0.5294085466374046,3.4431202588119234,0.0259979551139712,0.9828200611785134,0.2895458387260663,16.431260699754873,5.338266093185573,-0.0288283419286348,1
12.66336246697573,1.2844745552171044,0.3664441914682128,1.7329188195031482,0.0184584657954951,0.5678947345099921,0.1994311572069511,6.976843572514008,5.994691353487114,-0.0199861091542178,1
51.2942262415613,3.434800302962609,0.7751783491503378,3.361702976166033,0.0454756957314864,1.5233307568491596,0.6155732927721751,10.734724588682091,6.380352217609242,0.0389672115890799,1
250.3048295512461,5.7223886375980415,1.3704852270001788,4.474714533673613,0.0769578601515958,1.7888029472115354,0.6869926457823938,46.72547108787039,6.100299358521452,0.1539433909226824,1
202.3618058457805,4.015059667439445,1.206685145691298,2.467905044220516,0.166209318728733,0.7574374817402925,0.2797233007158401,12.610473862735304,7.665641320852084,0.0493496792998437,1
452.7376967231992,10.354111596160475,2.461652232886132,4.694890504013398,0.1550033959707355,1.283884130963154,0.5279794195074091,24.48750602137351,5.290479359732262,0.1399355214280978,1
412.70391360140206,8.41630463536851,2.2661359047295355,5.733083282484873,0.2395717029787305,1.4887351714708186,0.6149932490585394,18.80279889763697,5.85635496704966,0.0034672152024385,1
2918.829642809508,24.63871209568697,1.6723533434188724,3.1980758853841547,0.0936816517583856,1.3179773495252811,0.4745368770198572,20.642350782889604,6.885532754823946,-0.109784560446955,1
146.59067077371083,6.250427728494184,1.2906555986814543,3.053070353737258,0.0536349464479268,1.3629195113907258,0.3486480441583974,7.464523891914763,0.0,0.0216400194803192,1
26287.77633877272,172.91652316315322,2.127364994179872,3.9210456131285327,0.0705752489403269,1.4341319611906562,0.4767762367348023,19.30972564031493,6.343769145149829,-0.0078624096544652,1
4991.707183042511,40.9670667512092,1.8148673555185075,2.5415663893945792,0.0438961903285714,0.7388250817485842,0.3089736328490575,19.0418367697695,0.0,0.0275892954277669,1
891.8041151596217,11.366103469007935,1.0966860774883829,2.8894839887773984,0.0465161263222135,1.0644163488696727,0.3522553738121949,11.244628102291452,6.674924733237993,0.0333012739378869,1
38.086964333133686,2.5061076740720667,0.5860107111578811,3.3495134192041083,0.0206768255880712,0.9599659465819697,0.3459253001410377,13.069806995082088,5.838936519481899,-0.0106589330765389,1
31.28469739910336,1.9693116734549725,0.4104669743868867,2.8653333866990387,0.0145840111244957,0.8601790753659553,0.2146617531610336,19.1520874430898,4.702183301372243,-0.0052292787945912,1
21.57334315169033,1.8874182200095169,0.4039418961344896,2.4346003424299503,0.0185324912501349,0.6727224889684786,0.2171337105671927,15.729062446263946,4.967089709804743,-0.0249391581833362,1
54264.5886088329,385.4269894182331,5.313763633923177,10.309500279448176,0.2395838585388933,2.1067666346142,0.931950831047876,44.63637591079253,7.860303216182347,0.0917820308174215,1
4402.9354756623,28.041443074981174,3.0486665525017345,7.971713385145148,0.7251173465811258,1.976238209510868,1.0699940304614708,32.141137543010075,8.700035885269692,0.0030150136032324,1
11029.604220256491,78.69298444710878,2.968468678366357,8.040194050484715,0.2213503184616636,1.2300331246788887,0.6362494258733122,21.613947413994275,6.292323475601067,-0.013173988895293,1
2872.231179539533,29.772247555927205,1.7169836941359808,7.191204546797347,0.8179808884730624,1.5896068653181104,0.6784586641338025,14.353022687710252,7.310863000040832,0.0440390338708017,1
6066.73481223461,27.014259593508623,1.9248278844493456,5.63456654692618,0.44414740687537,1.6135070085405954,0.6328882514399348,15.05723061493989,7.282367598310972,0.013823647118888,1
3603.142386881715,20.369844145111767,1.576195673002249,7.559397730271205,0.9784896442767456,1.7479489361028815,0.8139850185645991,16.531498315536233,0.0,-0.0674983551376887,1
157.67910488354343,5.11614627643602,2.1877427568577223,7.633511915960885,0.1569992330851216,1.3336904102480556,0.7015380936845643,22.158356576934093,6.798449335175652,0.0331048610330736,1
48.43112026044855,2.5974893049560768,1.1044400701571873,3.1029538811037867,0.0306269315228402,0.8716274681314855,0.274735210027968,12.456416449074403,6.0607851695887724,-0.0874976131455191,1
66.36038268564033,3.0137768668803937,0.901081105512004,4.007510985632417,0.0289200517891228,1.065986296226461,0.3603387134071281,31.316572857145054,6.143835897132751,0.0147719386877751,1
100.27462737188932,3.663446672380567,1.2275336945069248,6.278467197235187,0.0727012240237756,0.9491099845124608,0.5816956329026549,16.88578001947625,4.88393732281376,0.0861048320400852,1
190.653471291141,5.6659292570861375,1.9279585055340664,4.643811950592529,0.0447628039032984,1.2700507119942035,0.4047067324216716,17.348409547651354,0.0,-0.0094753784275947,1
186.4105285473798,6.055601219042777,2.127979361705223,14.584758681563256,0.1835340788172126,2.040041321447632,0.959307085992408,18.18978344756522,6.633075311123473,0.0144069594803132,1
32.06322515815705,8.0605143415092,3.450343972893174,15.523555496567864,2.3468485632522627,16.195913409002692,4.261847116279392,10.518434152987547,8.903661918692208,-0.0946119433296916,1
19.45786872761574,4.483783531093166,2.2535755773355635,2.133345990997784,0.1095119524996826,9.17389598097017,3.351604465560344,7.872251287712574,5.782665569482881,0.0068468929611975,1
23.92726183159916,4.219305133432103,2.1435743297901584,7.542806460423184,0.12685019214272,1.1012051948259471,0.4487919637198943,11.077821972789414,7.822517743444207,-0.0315433888553582,1
26.05738375700665,6.677350453086753,7.379790685141404,8.629073789371015,0.1082117660457267,0.8175113174590626,0.6328140344931138,14.132303352797624,6.610276784744668,-0.0874910721274266,1
69.51416965928502,8.744488996303996,10.710992896791906,0.8026852834330147,0.4601258590786462,4.188618128093461,2.2371877233142663,45.94106187265335,7.9344744983005135,-0.0220187143702968,1
41.775792063183545,2.0554241162036835,0.5984466601069269,4.471398312496827,0.0249029232983048,1.5902787296371426,0.328507939047339,36.92403546808148,4.339181081167791,0.0249508562853613,1
53.050056713821256,3.825638046987733,0.8411625039639402,8.507569536378641,0.0246031656791924,2.00375995521323,0.3985793423919973,39.87727221906807,4.107825426937247,-0.0875386422934238,1
49.13138912936007,1.539892039794812,0.4177624734681682,4.050059627516525,0.0189921639228227,1.2453864083181063,1.9187331514143284,42.10898158768268,4.348738605541707,0.0135098233808544,1
41.75411568017401,6.470514988878,5.101202843675599,7.781311946131054,0.0378007791263938,2.312471449493333,0.5696899653744154,57.66105490591246,5.042650411072475,0.4569083272409467,1
45.450718724334536,2.4247480423258763,0.6236295031936535,5.211567147896403,0.020572925091051,1.489696878004846,0.3329999530506086,31.064195771291747,5.143032465214391,-0.0568019074427867,1
38.1415929033136,4.520482021231581,6.2915527651686105,5.573232343202349,0.6867360340152585,2.8527894026003366,0.9617700577288548,43.19684484626463,5.383735624999744,0.0662294375563636,1
253.56993901257405,11.060007837202528,27.43171248432053,8.336493882787357,0.6028311761035452,3.2962171003496565,1.1020737325954528,43.74722272056725,4.899664708045775,0.8600931740572417,1
93.5400398327604,8.658717953138437,20.454574239615663,6.07814237600808,0.4259310838549289,3.291636025418538,0.8918425210806095,33.12228932031788,6.8954175248344045,-0.0470789648648955,1
47.97894434973735,7.077337148798804,3.365017909288873,11.94836029353186,0.109134049579791,5.424173546243124,0.8893069519370088,27.86053400787448,6.682724311829151,-0.0399656248608345,1
137.43737142274222,30.849707484860268,72.14959227606623,5.306883785008044,0.0734838479025389,1.7244025516321984,0.9885715638668974,41.4843334803594,3.645769736215592,-0.0274840414582207,1
113.29932073919502,192.4803119447132,462.7641524935096,6.8255232247606745,0.2573207030705922,2.49815397426268,3.1796782233261003,32.98505418177484,6.3448049421906845,1.1324871035915165,1
95.74468593256692,24.37600658178437,67.90689194761299,5.844520744512487,0.1071037044628636,2.226652234875321,1.4245467656874091,33.41922382920264,5.523838992905422,0.032424836055516,1
133.73615215138852,14.298081691485407,28.26066104380477,6.083478553780863,0.4642054064271342,2.4210784373681755,1.958908385431032,53.289072121638725,7.836708856221425,0.0432020500666555,1
42.77004742819472,4.838419078267429,8.219939866788705,4.569985213203754,0.080412266813708,1.8227310942022288,0.6518468837735458,24.60957346474639,6.810056835058124,0.0204224122896684,1
80.34836048714584,1.0601460536820173,0.3114943701954117,2.7775055294456013,0.0129469463214032,0.498893894395351,0.1572679517922815,54.73654527895265,7.131515705538412,0.0066131722705592,1
58.13388921652929,3.013190038686827,2.3318495002308564,3.5685019794734623,0.3026455041560516,1.539210646206313,0.744484944592991,39.05327713353388,6.865323415299933,0.084027964653212,1
18.108576355459032,0.9867502647493006,0.4076853150128779,2.026219539044328,0.0538809451411615,0.5788475198700779,0.1952431577664497,17.565099504292604,5.969181530047232,-0.0404303015645124,1
191.51040028202104,23.953228256782825,39.86610133221613,13.478869041335006,1.409298310272584,8.761838726751595,5.174112809632856,51.131044959520615,7.860666538133295,-0.1368106976359763,1
9.275828739546917,0.5912602786782855,0.2455771124554055,1.2395152784823111,0.0136161572484778,0.5129869315240949,0.181038805477373,10.80459004391932,3.6915951739708577,0.0022352256000686,1
31.908840380041948,3.0076446289138863,2.2250115312399537,3.1214600937788006,0.1393544230481137,1.3484656803586093,0.468736604307006,28.463680548033384,6.327116324103316,-0.0069248836899941,1
42.4335772381559,1.3965558048569742,0.3460143104079473,3.259977492224233,0.012616676923325,0.9547867361340808,0.2018291345037344,37.51620772974,5.562076930530557,-0.0234489362712016,1
243.5476725935692,37.96245295285043,112.19477496785022,5.019916752523105,0.1783142716534796,1.6656231001232384,0.8610972118347131,37.38162035068796,0.0,-0.4336728485948131,1
351.66738006299016,39.72937857903485,85.30843454651419,21.785865420431715,3.506753452800349,5.303326304060847,6.110405245084977,320.06069493912224,8.479223619011137,-0.1178942407202254,1
199.2917383884756,22.525502012176084,33.556690952654016,16.540955918522595,1.4615620872728956,9.014904710310775,5.2761421512133815,96.61248271948736,0.0,0.1071043794401286,1
248.2072528608397,23.085991639350294,36.64368881238251,10.34897474280231,0.7917436110402385,5.791665428767521,3.377752605016461,37.19465178023356,0.0,0.1578433132718328,1
114.22008841095187,1.021588911668772,0.2179375228850124,2.8665115378862214,0.056839355921073,0.5436411547779254,0.1245119266781832,87.89323314557552,6.431909797017022,-0.0002553021405895,1
299.70429193923,15.969353299454855,10.335345864006344,29.297865911590005,1.901452136583846,11.821543833305869,5.89428916391745,104.15033421344457,5.560634012675087,0.0357976733984172,1
63.32261667330052,2.939319535583538,2.506294285092717,4.915485668384228,0.1259795005279777,1.6140861819473225,0.4252469027702617,62.27321409536143,0.0,-0.0222963637578593,1
52.85777765663265,1.5513759287007485,1.5491227885994538,2.6814042955300086,0.1099745530578911,1.0088264406357943,0.2897036142088066,50.5607419253225,4.655247939812491,-0.0161171274046248,1
20622.542221219588,1699.945688785847,42.16250504197279,13.298535990012192,0.8134449236660997,4.293363723258027,2.9887068336145157,100.1202080628618,8.231150999658922,0.0019621720526103,1
1531.6990666494476,26.396251270509406,25.183431901159047,7.742369844030636,0.3642455300553555,2.4599656336332494,1.164928784853784,54.91081727575412,6.653610703177813,0.2706519762400746,1
692.8324079959207,9.107048416511374,8.998246265960859,6.051035753116333,0.1566615298073081,2.030579643658605,0.6766943852534096,166.09090854347383,6.6180338441662085,0.0667904109312745,1
3535.2031104344533,80.49329451123258,76.16025258989752,10.226673490349167,0.3106943380510453,3.0731886540204347,2.10195530076398,39.78808160908432,6.493748187740519,-0.1569275950518799,1
12526.154723638874,95.272056370538,46.029295129063314,7.7155919342712815,0.1197912358673417,2.347960140233451,1.2848297543803286,42.7903254245966,6.250207298171668,0.0602332137522439,1
706.347544145946,24.652451347935,30.024032672323088,31.865611681500088,2.049423691851328,13.2780397115264,6.627305747707893,108.31100999179225,0.0,0.0781624345176707,1
821.5713838520062,6.854138282402987,4.093516757455933,3.713820533992713,0.0673092711524173,1.1866490179913023,0.5036153266711597,43.67661058124813,5.918837254722402,0.0421559328406568,1
265.53264570777003,5.4756030156513695,2.265790310416301,10.322277947014696,0.6851555875483569,3.6533966286853534,1.6044761810224817,251.5998312240879,6.571092788237497,-0.0070080508417975,1
155.9491058483946,1.1433503072739275,0.2158774479061206,3.9123998045027983,0.0660137405288235,0.4289246461306861,0.1270105072753898,136.30209511025436,3.3257084299045148,0.0689531273800263,1
30.281143230222828,0.8202895914633277,0.189002675483983,1.9839173928912428,0.0087672717637665,0.473133347670539,0.0949446397331058,23.817544120487188,3.2045124811441985,-0.0338909241085709,1
1735.0742077304526,23.43589563117544,1.3533362253007712,3.096808009834348,0.3981454421868069,0.9711886038059248,0.4879655710406023,27.58904853379085,6.686511916721418,-0.008821106364441,1
28521.211105344468,760.1290519842926,0.242008397272842,3.110894777381868,0.0139897258214085,0.4778952255769594,0.1373899369482733,57.391082745965655,3.7041841228454793,-0.0382584899693756,1
81648.29925414796,3936.8188936902393,62.12425177397608,13.210385803047355,0.5798904440506853,3.713903342667953,1.6668515390442118,807.4418880878711,7.474845784862486,0.0959619817186373,1
428.0106772654746,21.453300073631823,7.64095078105687,2.762407699908144,0.0302340562041185,1.3581992925187378,0.9893300492038604,15.965339996690927,4.1387016421999725,-0.1545722649393655,1
1055.7619605988257,90.5220943442734,20.151195420795197,4.7506946404188914,0.0518985734625803,1.4351807144206257,0.6143245543769763,11.795616051996586,4.503448156847171,-0.0492453562560185,1
26490.54751178645,3896.5295080589335,60.65138261314161,16.01294443943974,1.3683025652743697,7.962601755916115,4.541430072759406,60.64619390066389,7.916623368401981,0.0669200296324018,1
3444.804864009044,348.62052581526154,78.39205610565419,9.693430422537864,0.5454840086019093,3.5992514613499247,3.2747135803611123,47.37140998929243,7.489566059379178,0.1092847180734728,1
228.0547255092932,45.778871196838814,100.64427974136372,12.421436567087223,0.5098489543798382,4.1481757269053485,3.3695795367150216,55.57099610221322,6.376072172895025,0.5366185419115428,1
103.17530400425504,17.40945611714632,38.604012230789365,5.559740494546517,0.2051954837616203,2.8467280965338,1.2671414806777053,25.59238465123825,6.674130256793458,-0.1130647888062616,1
94.51875992111648,26.36920237374964,65.82644596494356,5.208200331217573,0.1096980849917982,2.14457684073544,0.932480495620816,20.7814034133196,6.495410505222464,-0.211214942921066,1
33.93881015019503,0.9835467746740144,0.3860475816302116,2.208157532927276,0.0688775701294317,0.5378336267794425,0.111251513621409,28.047604308062567,5.613266222255977,-0.0177269226327267,1
52.83474321002266,0.6762710156733434,0.1803761413491008,1.7441165281029098,0.0984611098601397,0.4045344222308469,0.1003530319993892,47.04350124947055,6.167527199808903,-0.0108794942382323,1
40.613914761206175,2.7728754265901445,2.563199085961934,2.4639206520288,0.1086648663556676,1.113736655099733,1.1962559474526866,19.697365235020055,2.8003406434666336,-0.0582938004934174,1
3770.938982505753,19.458645154413347,28.640803899553863,7.918950520334978,0.3401776822936859,2.30704957768756,1.3745556548527629,37.749525697998216,7.099999487172393,0.0276727373792404,1
116.33028793579884,16.76132779269293,32.560147833528106,8.584888210866168,0.5858366075594048,3.944855948242168,2.6638367617192222,40.30259771182737,5.170464608235298,-0.0603860080796164,1
667.3952168979099,54.14516303123521,12.518933389668524,145.46302389940882,5.1800701881708,50.744941709484046,12.695946285057175,410.39679903311776,8.970307365925178,0.0242609743596345,1
227.465828279668,5.370252627030821,2.858012705546748,11.033762013549971,0.7640877850684371,6.28208723168809,1.0168883869599223,20.51784487487616,7.719774861328381,-0.0244748315599737,1
42.49648267900663,2.1384342660594777,1.0802425786410077,1.8708461119407584,0.3753438825597109,3.1565575834132766,1.9685979576112431,6.135776965583093,0.0,-0.023919671022539,1
44.26756497234379,4.718627653119015,2.3965798039935526,13.789627608271031,1.101621757202617,6.212332567600516,1.486486413867412,11.74687986447618,8.364424260141906,-0.0158216272587068,1
436.36290721490434,27.90764789757555,16.130717980721176,50.98058046493564,5.091156455683168,37.15088887277947,12.518373731228886,531.7479960459781,0.0,0.0542958904385096,1
70.07937222319332,1.7929895290919506,0.6525267831228182,2.929824947438937,0.1295464347275582,1.7568907645834786,0.6218565418513561,65.37173360044065,6.381795260980892,0.0167851481575187,1
212.45666610855145,2.7850963301925997,3.3742357133453003,2.7527099937533097,0.2464358600042288,0.8071212864776307,0.6801215725338562,33.53880967449327,6.898374144511116,-0.0521124813375051,1
245.39396066576103,2.772173442653649,2.7272063917666207,2.0100435557162184,0.2920883691549969,1.4123378386346483,2.144352260778786,35.517411761555856,7.572375377325107,-0.0516047917243725,1
160.52160157534922,8.24955422850736,6.277692288846612,4.499486424869299,0.1958971038366488,0.7714758299677232,1.3183744375869615,33.610587128800795,7.0501233976106334,-0.0090084568197218,1
89.51651821782083,7.577914585619805,7.357154447035736,3.9227032312128594,0.1070236308666343,0.7872123996284688,0.9521460777502624,30.785671446497368,5.267466641043393,-0.0546582847509607,1
136.41695060312978,7.9383383195395485,7.348012194819781,5.018074926529319,1258.1858698644494,19.56833025658812,2.99383798410118,97030.21095586527,12.124414212459977,0.0047725570682102,1
41.48616827134397,2.96547514056728,1.0820755102083308,2.4740136610214454,635.1997026838598,0.6046344679012159,0.258641852745154,23851.41880645998,10.68590913087504,-0.0250117694582994,1
49.57605462123887,1.5560161882263264,4.1958066517198045,0.7643305633907691,0.0282344778479137,0.5481646299643046,0.4598163602380824,39.801842557891504,6.166916281313876,-0.0132474170814164,1
47.16291116085416,2.017375318073564,4.30241004898413,0.4890699191334579,0.0180084560262165,0.4181993965893507,0.3723674491965396,39.97711480675334,6.7414811006145,-0.0122031848207136,1
37.97268597792199,1.8931612555549413,4.692232717668742,0.5034271799599018,0.021606784965809,0.3841325259470141,0.3626997243979482,37.6674120361711,6.446075919433102,-0.004565669866746,1
36.08844092178972,2.112734692105372,2.0557831395911883,0.4896208036540618,0.0207545559375506,0.4379296985920031,0.8222625991690048,43.27456441254231,0.0,0.0073974710756858,1
53.53746397510655,1.805790575561072,0.4621774721663035,0.9124434897684937,0.0518602593981148,0.5640631271199981,0.8354166500603482,44.0657977406888,6.745368602245857,0.002244415312095,1
95.83743351783986,9.63366156559276,1.5321952407593633,1.7346470133702248,0.0619564521242377,0.7957722572556276,1.2355816891844664,46.129931624443294,7.197120140213264,-0.0148027128361253,1
100.1878091022028,2.7285788929467425,1.4015295242201702,1.2253023475839266,0.0311239850691989,0.7335398972350895,0.6836564169304978,56.4489246882512,0.0,-8.420585653985804e-05,1
45.94401585301504,0.5647218398834162,0.5728287040574424,0.6147798599705611,0.0416508034424052,0.4047442193334138,0.2577672700531105,41.02101666935253,6.7112279128717445,-0.0225793663301371,1
61.47695531311826,0.3798358851764399,0.2190397506741052,0.6528904301112486,0.0229056273607696,0.7838101739123711,0.1549803662263367,65.48174944040423,6.014295181189412,-0.0160465256645159,1
37.88669197754615,0.7622631627670956,4825.8114266147495,1.5401122634238682,0.0810166910118061,0.7706826131991134,1.5527194179181991,53.93688896900978,0.0,-0.0122284051610174,1
517.3905207152881,10.348232511975707,700.0731573129037,2.3860565967786287,0.0877518783939334,1.0868476842112862,2.3962056851796936,54.50318226420687,7.160390603761548,-0.019827820150737,1
597.4439675920444,30.31622928586062,10.787727052956877,150.2481605179077,8.485516069573274,29.51319569485104,21.433338824562323,618.7678026292507,8.633393033610648,-0.1004229426461219,1
54.39602239381151,2.107189058922524,1.5440526072257663,2.212933390375699,0.1230261914952754,0.5456605991097216,0.6126392557066241,27.971548052605318,5.650257746383794,-0.0610089021825879,1
9.821509827325311,1.5431916361700115,0.8173862512117722,2.027821574842488,0.1509653276785882,2.9296447180156164,1.2420646043360504,35.154530723481805,6.8523263059492425,-0.0092548500523273,1
659.9306673882793,54.168095954846784,18.89674372263408,91.89626032767796,3.99240934779749,54.285919498648965,18.47826179260451,700.4436500492347,7.837815848900362,0.0139457222936255,1
2.292410700337267,0.9146851715304556,0.5834117819429364,0.2571171255727795,0.2108736201569804,2.525357768359076,1.06852096115599,7.910437834556508,0.0,-0.0008034591010634,1
1310.3611612010257,38.047579014651006,9.739110779447037,60.057249765719135,5.1268947633826105,17.069092272357032,15.54170602983555,1005.2246605801412,7.882903851851068,-0.0259370085524681,1
28.563897907573885,1.9821506829817253,0.6264625254019599,3.671213617976356,0.3004318505638206,3.917883363468548,1.9150519021419727,22.328705198935204,7.947577760776697,0.0028666264043945,1
26.55781837052444,1.2788922058663617,0.8177006308582427,2.2388906839315363,0.1871017786744423,0.2148262997606558,0.2643882997835101,27.721710476781016,7.300084794427938,0.4827241334098933,1
19.89234029919089,0.472556703757466,0.3109479384864835,1.7644414327316025,0.0496970877974147,2.3530412211205176,0.6143942718025711,9.784441673261105,6.672161834292023,-0.1953583364748153,1
158.1591077391136,17.896460207165244,4.734571542787559,56.92731263636846,2.614063458749668,22.51091744635849,4.756168638430045,56.93952081670321,8.96363391627443,0.000272848085529,1
58.7308034443049,7.460394970931553,2.044919351289378,12.164872727120454,0.3109628406917689,1.3881362935969734,1.2965522106244072,10.748157777462382,8.513390102806571,-0.0144680251846491,1
19.819299819729,2.3776500960429905,1.3437855722907015,3.19825447379363,0.1081307529228914,1.1053081953827557,0.5325236045541902,4.933158618917184,3.316294071936009,-0.0285140427334717,1
51.42956217654783,4.021236033749549,1.8005917475358275,8.465805489685865,0.5264144419530266,4.154285063775118,0.9456402119455528,8.584168392379773,5.547290649620919,-0.0289015213602533,1
389.6971518569701,16.442731953636027,3.167749110447716,69.50314101152013,5.576138257210977,31.15198987703312,3.3651886933725863,483.93823439183,8.315343717834017,-0.1655566611533094,1
97.66024238865464,2.916575789576089,2.4281104538521268,1.6082224578529392,0.0820326555313663,4.101850840698203,2.4117983239552325,147.39619569903812,7.542252476179124,-0.0048084206159776,1
790.1324548353044,17.122634631154867,8.589230517431696,87.5240220534403,0.4032973731547835,13.997347121956274,6.657693080390367,668.8877233697682,0.0,-0.1599153879885063,1
73.94587917500637,5.819892406609334,2.5249417698794274,10.62506416587224,19.21227219013773,8.545672310797396,2.9601677565987496,59.47272538579134,8.229944381001372,-0.0157442083254019,1
407.00320708995713,7.680966353270044,2.6447197446476154,26.337928875165836,4.073198064090634,8.457591222716996,2.177610278772279,389.6114872754889,8.859219094710555,-0.025844259239349,1
13.270884867688574,1.9755485828548285,1.8799266386071447,0.8971657888401694,2.0954099742840926,2.1970586944442765,2.0496543189157923,13.06858375580675,6.300315568577339,0.0537559936143821,1
22.07958345757169,4.5873630447145,4.769637367500928,1.4761911425546768,4.757589379421748,8.031717589909148,2.878121785897513,17.801083798445834,6.9481455974358015,0.1547573522770553,1
68.014145321288,1.655549231260785,1.1138229136921256,0.8640133707343917,0.2622980027592766,2.866785334890797,1.0490246394474612,18.44414472364788,6.687266787935946,0.0463626068367801,1
15.475413121881086,2.803936109385244,1.6417388908106323,3.2413756776972127,0.4044034018439836,2.97829930390604,1.343948752299856,17.104633389417938,5.276238653508232,0.0202387418795253,1
75.41648368636444,3.9605528889663577,3.622077596797877,0.8857391358117384,0.5303897560352714,3.760754685301381,2.1466908949014307,17.300513704914113,7.88064824861755,0.0098199621451595,1
123.21526656990471,12.869733346035366,10.04796785113399,2.1654428220224218,0.9664783982679936,2.358201193120496,2.126146489231905,17.670652117253624,0.0,-0.0558324344232139,1
15.448719151799711,2.5797094836281933,3.16538786060598,0.5791641555489407,0.2224692235992148,1.5216895942110136,1.088798285736664,11.558642990188403,6.081800679264831,-0.0068410462100521,1
20.46073294657705,4.117729125229015,4.038347819232033,0.8680215904370252,0.8659499427393134,2.234131663289,1.5334722956977815,13.85574718973484,6.855026366079413,0.0881697934827462,1
482.5704116323069,10.488977524690611,8.052755110610102,2.4044267371568213,1.0908848203157957,2.086974556508149,1.631469847972694,20.402675876466198,7.650821672503216,-0.1597004772341359,1
15.50044684556945,4.23279589544566,3.8970325309229374,0.9878010002546348,2.988655168307396,2.2999924931143543,2.25323653494372,10.661189549327617,7.851119254143878,0.1541751614796349,1
69.6856678049728,5.362495407054501,4.895574443494087,1.3494536366643988,1.3419767202377806,6.0729354120959735,1.994672379762316,17.644240763757438,5.15026130469338,-0.2677412242096948,1
99.15156232972322,8.535101645424456,5.558160869716402,2.4978464503151403,0.9067760094723408,7.7223968681507875,3.4790128126521904,108.3851110388474,0.0,-0.061289177759077,1
78.66123543334756,6.775209941122363,2.5290193188438885,15.700129322489806,0.7896606536433088,8.305093563692807,2.5741676266397726,20.228410339540183,0.0,-0.0210311456474965,1
26.26372933665783,1.8475095942005568,1.1513327512786722,1.3360129527581923,0.1283386768340607,5.25859087206531,3.221126407412876,17.86150783553446,5.829810836444088,0.0583315823460624,1
153.69024454113716,6.2504751520874855,30.21798602422272,9.220736714066014,1.7927671498666808,5.245461773805424,1.0015158430758422,24.09397089921308,5.341899200802829,1.0585357590259024,1
1177.463740156226,27.13161659316188,57.46271158938547,59.31057494508954,5.655727968881574,13.53754439134191,2.897253897964825,658.072025625254,7.8262258837474254,-0.4750853864416965,1
45.14272199184771,21.48624110644137,81.51668382072293,13.82678388578366,2.47534266271021,7.650184551484097,1.2888082449004958,53.25192382128972,6.334010377346924,-0.2563869325449793,1
51.98464487458497,15.3695274534665,31.0550059181502,13.148425910817808,1.830051820012148,8.046739847043192,1.4689078824785715,56.42252644565728,7.624657375176548,0.0785019005970324,1
30.79610968869546,26.028531881431327,97.24542858497452,0.1739142206585274,0.2063842444444754,1.5733191473455277,1.2718184165595878,96.45091893380288,6.921567930143943,-0.0557389550660286,1
34.90804147859839,8.624934302196063,35.777943728206914,0.1131363547686837,0.1205918872070732,0.9321662159390178,0.9793173913064658,101.22337740944008,6.10429708354271,0.2676454908168415,1
10.36545367745935,0.224103406371045,0.0787830309802187,0.0343786193594292,0.0071262025139268,0.2676596818812238,0.1398726822152002,38.2467705488941,6.407020169387363,-0.0029002002763985,1
10.642232510573605,0.211960077495775,0.0852586333877409,0.0276401030908555,0.0221362424544946,0.2997007005465482,0.1527561118563784,55.81894840746293,0.0,0.0066306896942015,1
5.9835223332911935,0.3927642797604791,0.1619213501824662,0.0321186449675416,0.0179954909098904,0.5501566071783528,0.2256222771598119,28.879294505990448,4.987935434591608,-0.0026330106859723,1
496.4707381550433,41.98857437993008,38.6265481420433,0.1816064567275769,0.2748010063066351,2.053101930012112,2.431690534767176,79.13893825689497,7.7363102759565745,0.3485881360594936,1
26.19370051874588,22.461636331289192,72.34113109423923,0.4801865295368424,0.1232569069763214,1.507375174046359,1.5061512847048242,58.76206012286347,7.097988447786372,0.0600817134434872,1
12.468815426793382,6.512782767002912,31.0067125326686,0.2599408859436371,0.062875073754005,0.8597753193409352,0.5744690269394959,54.18760211498394,6.184895434582836,0.0204289595775143,1
14.104555498970075,26.55125291208825,70.68579217182969,0.5921378145012062,0.1246846425161241,1.6147501421569794,2.188645123606344,54.237350439073545,0.0,0.0375085870408461,1
41249.267281494656,31184.73001972497,124684.52050261368,23583.95105874897,269389.5131673927,29314.44894584167,132894.7932887578,41259.5260176184,9.529565216372683,-5.858464176958615,1
275507.078036934,403916.7241422177,291640.73312443896,347128.77330225083,267099.2441539534,406047.81591598375,291380.3636867481,270693.88868407963,12.952157383108414,21.323490890914687,1
98402.58052030632,281794.9934010853,245508.4923891016,305063.62975371553,284365.59822862694,316781.5757017497,235602.8749019689,28279.24846269008,12.084780179607517,14.972333275202091,1
1665.8336652954242,53.282502284896914,43.80256650315351,187.6116823546226,7.682373111878602,51.98974898051959,27.79260630197845,1635.8179974486188,9.927292330231698,0.393736520614285,1
300.74219856011416,19.137606364325297,173.35065162822514,4.8757359458344265,1.597067961108584,0.5095891128189616,0.2503647431578488,44.75204762407917,0.0,2.2512920959415306,1
109.99760824831,5.367989756678306,22.483349943428287,2.773388171778284,0.4127979176288616,0.4407444886965377,0.1915315990053093,30.602763747072515,0.0,-0.3197655746286023,1
11.823676870841402,2.005851996329934,5.933886458179983,4.1430176343170615,0.2703867454262072,2.071916953455082,0.5861646620488056,20.213902749352957,4.587434656104425,0.5269230538825221,1
13.606817023944494,26.40886457632617,8.575020267035383,68.79563305709087,5.41968803219145,26.893011346482663,7.296117567152161,26.39931678398364,7.8094149288746655,0.316204478461362,1
30.531037116587783,2.7619939584104327,4.979776084112012,3.446128712712836,4.626885519944484,3.4750240368974734,2.2802818303699808,44.89194520485714,8.364657118761414,0.0613006093809206,1
1506.7156724274814,31.98525623272151,13.734405535244074,133.3816222270452,5.757795749546323,35.743770066403044,13.012001325339773,1338.645934979466,8.797321422566778,-0.0014914282699139,1
210.533905541434,3.439908442609498,1.6995488074942589,678.5643509611717,0.9089337112767067,2.280483951573184,0.6984184063499015,47.68429798772779,7.315271281847615,0.1626416656739137,1
54.83778535073513,2.5362424120378195,1.1111181534536636,495.39332076092086,0.3841781558699625,1.5166709159923664,0.2103352694767126,8.077232431098732,4.857556038220875,-0.0596898019657374,1
77.88229789578854,2.3111331906271726,0.9321602375829148,116.4695694916861,0.4214840483343719,1.7974980830852911,0.2220119891152554,25.87574297555436,5.757189496315083,0.0141176201474537,1
930.070963081591,19.527564943939083,10.382857315500008,306.4369302454913,4.8596409325630345,18.70033775177368,9.914102460632089,841.9453438862918,7.981844582793911,-0.0694805840477041,1
4574.9115950998485,79.13097164662335,0.5925922919612208,2306.7182256962265,0.3378018758114466,1.7967521908218134,0.3019008537937911,29.82255599775616,6.425018748915057,-0.0210195967624037,1
61.52767144774601,1.5254566825218436,0.7392820896760863,4454.599796194942,0.3826405259578549,1.5137266296880325,0.2958736501054929,27.829638104583072,7.093969565944071,-0.036209056906877,1
60.0510778223507,2.4080797881658,0.840156325442269,6235.343568905179,0.3789963357073709,2.639179464020571,0.5348683550721721,42.53718932596964,7.246186976356034,0.0022608123904461,1
78.347235788405,2.3692526268741108,1.5249798075797685,4.70611791462683,1.4336245853347644,2.888855301525485,0.6681744031582677,11.241167386861903,9.069011528064491,-0.0521281932489061,1
1024.198674583983,20.870193020422924,14.302419129857563,137.33754191087596,5.640633384648369,6.646927146016426,8.081226565015642,614.8449636253813,9.86168226457107,0.0489492555019301,1
1197.8813875386086,59.39959651440744,4.5850321395382085,6.887953974425741,9.079125580469306,111.19258106551706,43.70062959687661,4831.470645398783,8.417028552715005,0.0514401401993906,1
18.743718672745963,6.207172103451773,3.2365381677435683,4.076378835027806,0.1527286549739247,10.938672127413914,7.057888594611021,11.309180146189457,6.285519737477182,0.0061587314385669,1
11.62718316503214,3.4466456188835624,1.6392069766054995,1.1135162711475328,0.1196596960989828,4.053405880968443,2.7982629601046347,8.017990893179146,8.012910094204472,0.0568618624886356,1
1228.370118869415,35.12682897422062,71.79391034215956,102.16057072483878,10.72433715589445,29.53173819516495,12.384057765623586,1020.3017086791824,8.49771901411209,-0.2534554236524515,1
66.2254637563566,5.617072302745973,10.20489551329116,2.9255624737893555,0.8509071358257271,5.453096667968558,2.2133131620216147,50.136114681122415,0.0,0.1222201852282533,1
1553.2487885529144,42.813064597875965,4.345938859400071,21.9130384725667,2.027824822536166,6.138173949461232,2.154455056073132,89.14413519525196,0.0,-0.092990826661517,1
63.5779229341526,2.756019705142556,1.0152862904953823,3.733378566577245,0.120123878392441,0.2572779049303913,0.2593879007262737,17.903837195121913,7.151927417994927,0.0054407599217189,1
416.2888750597888,6.097937305830535,44.73265167580797,9.549498824357563,6.0522331300084975,33.7744121518285,7.269765164919788,834.2514585698871,8.550828963443816,-0.119403256151777,1
49.058247583993904,3.697340047781629,0.972678048141466,9.131170875005768,0.0832069674812633,0.9506929263409916,0.5427184806435936,7.094669368819813,6.165575797519499,-0.0173111296671333,1
81.38929211024809,2.0914696891669164,0.6689080740646668,1.3214535950559252,0.1075480106136206,3.8758008743346495,1.6765117166641383,17.047591023192116,7.231607050942979,0.0282128479168705,1
408.0660187520476,9.485640412935275,2.2926717299879704,20.245651770856472,0.3055549766997957,1.4167463303218295,1.5653717881619853,45.72057259166325,7.000258875907023,-0.013424001364079,1
53.23578918854636,1.617529687225696,0.3658641397055009,5.082121321520796,0.2078376189203294,0.9449609114503256,0.5874979911882546,35.783698587365095,8.205272202735847,0.0013405231199706,1
492.5022460480282,50.86870299356091,4.059472339369502,58.62180826692243,5.551942970487842,42.03380567636948,11.702997024200435,454.5761900978832,8.606559508689612,-0.1129114231602687,1
311.0818547755183,7.105576474942214,4.094023589833525,6.051060821751943,0.1441238400839766,4.677789096561128,4.013013159853627,194.80209580724176,7.44256132196218,-0.0155164205378181,1
186.7757004787246,2.9411178578597426,0.9579191477152554,4.211762524834925,0.0414585098879401,3.8275247868332114,1.3505021392630814,173.30905878242717,6.029978446011215,-0.0164455540289689,1
229.55752323146876,3.2642276749109587,0.8638103287472787,4.91915497155052,0.04416910196815,2.9855023218621497,1.5498423377855115,226.3787042016993,6.6777302656783135,0.0165265545157091,1
250.690896886992,3.204744875981571,0.7980313828511165,4.5196036446638415,0.0321573703905563,13.612568272396128,1.4204594838946116,257.7907171018392,7.037198049064362,-0.0075637233001291,1
162.30038197391426,2.6921768785008258,0.699779416999217,3.3724512542529737,0.0292237526166458,2.8374003541125736,1.3113269171770372,181.9422925347639,6.044619583571018,-0.0145204200590535,1
145.11698411832003,2.641730624384764,0.7143559273755437,3.3138237611097874,0.0311711761814737,2.894494440560224,1.3108974393992068,134.57042716574415,5.520896055457604,0.0157741664983644,1
156.9013184766465,2.757038047556067,0.7071765200510757,3.299339597562738,0.0275522030340527,2.835362590947587,1.3662281831098682,156.52043402538274,5.573536151056883,0.0051132018874757,1
148.78825489218562,2.6452488258445213,0.7524764082847991,3.1407180414548894,0.0258913741454811,2.6111381204790134,1.1652701912527632,129.66066622735448,0.0,0.0094671558177299,1
138.64977678077287,2.6175315645040955,0.7468892052079821,3.3221101841270757,0.0327300704262319,3.1815435407539665,1.2887171479007993,132.8665006214245,5.707159228816866,-0.0270899132141194,1
136.15832779742388,2.4120351598491854,0.6225846505616578,2.991827658286512,0.0390333179795563,2.8215350567522104,1.108038021390714,134.60901093133646,7.02511094947218,-0.0158534698720112,1
2157.501751446936,30.97727236864957,10.252847163696254,110.47898808218191,11.65087795894688,29.841311567277184,10.027994476484407,2065.9233782614488,6.8874426086632345,-0.1293223062698082,1
1103.5975725059204,28.655701342622844,8.482891126158568,84.80943581945023,8.746128174859763,24.614960607339924,8.277718505382069,1047.1764916877812,7.528530439701258,0.0224640286864515,1
138.97637357877804,3.0338895568131417,0.8091322749507254,4.6553125274115095,6.492620931871575,2.7060572766259283,1.110737874389546,127.26190357741356,6.535544379601247,-0.0525767080949424,1
260.13928385442404,7.173243648019768,2.1923767987578104,15.955756465532405,11.32175440932888,7.368605189084616,2.7195772448394617,264.2319738485241,7.4594390985132,0.0543773624609337,1
309.0938485387926,27.160266670364923,7.264496644387478,62.86816332245854,8.07414674257449,27.35611243197788,7.653232213068978,320.3429246460091,8.69224248901517,-0.0931670675760046,1
158.013131222504,5.520393890704685,1.8006857020545173,9.15180051308552,3.711849151974907,4.639330057260014,2.237261918165524,147.7656746851894,7.764555004011442,-0.0435800082943473,1
155.33708013176815,3.248864542669464,0.9200140317389428,5.458621440918557,6.1616895762523125,3.1076788187390787,1.4468970216811303,131.38664059908243,7.891023016362183,-0.0227015416459587,1
381.8111409725017,16.345981256900338,4.827099975908969,42.889516989224965,8.326142358773435,15.266481258005289,5.223276430722001,350.81072553529617,9.759783949117796,0.0486737465477105,1
1946.389380233691,200.3945003898588,97.81021257938342,323.53024061620937,44.7922382395096,200.5210192469225,97.93798581957658,2380.975858127252,9.934194763995263,0.2087469177910564,1
134.92726446567414,3.0980624853073166,0.7755627986566411,5.2946447620667,0.0320856274435235,2.714475759164717,1.3519591108755875,113.39969782735052,6.758643566292204,0.0301650236067286,1
416.7342754510808,7.339992424172052,2.214641309067104,7.476978393371363,0.1388050290850774,4.3834837458998255,2.8493005720699265,149.25099880560165,5.053155299813191,-0.0382207614027593,1
149.6572514749491,3.4762569808275443,0.8351644564727044,5.956885979271116,0.0311023136516957,2.9480550172141977,1.3598827039865329,144.72048789758225,6.372610303275863,0.0109493142572551,1
263.6292726331212,13.408912183070257,4.504850643561006,29.43051948186981,13.913376485228689,10.178162653576578,4.420210734882049,187.25311305086015,8.123955249323728,-0.0045369431062921,1
122.69763063169522,3.625582997037316,1.0577311443294937,7.319559834867551,92.8637395281087,11.46945051982678,1.5789159259618273,109.1303054246314,7.850695516514003,-0.042733470576284,1
925.8025585699075,108.23079942078866,51.33951229562165,201.10889416288245,43.6359998469236,109.261055267899,51.55604293317888,915.5973139019712,9.932121354436347,0.2332637725935428,1
15066.93181254951,1201.9919970696533,501.54465545530815,3049.57954472832,274.0224182830445,1192.2509704931606,495.83904248195967,15196.53150378711,0.0,0.0597998986743155,1
9101.88861355218,112.62599039441412,21.699444467786737,75.90017130915534,7.091656645839803,0.34741823513125,19.709243405585,410.3593255197932,0.0,0.0719518798469324,1
104.6577258563808,2.9950826951676115,0.675159789730424,4.558822178673715,0.0203654345509686,2.4607911394670308,1.2983131889098098,97.69503577583563,4.615412637259904,-0.0140250485692397,1
139.99689622146892,5.899332430394209,3.5330180184127484,4.8712967440675445,0.06193695613343,3.1264682517799884,1.9783524015110177,96.97464734925408,0.0,-0.0017248249143492,1
84.19359020195596,2.8689180911672185,0.6842622210375334,4.267006119626158,0.0152607662672195,2.500455768478786,1.0365602303142103,74.22051837056966,5.534196542353902,-0.0319499615728013,1
296.11191690987204,5.849720121311225,1.7246555273595463,4.89279444932426,0.0672239540835804,2.81735869928686,1.8353170573860067,93.32488440990308,0.0,-0.0421942799910015,1
99.6005388045962,2.8310156630172867,0.7609572105131887,4.786480487123902,0.0124716947587183,0.0581413044773087,1.1492753186164968,76.79883526811889,6.128720114785125,0.0165428379883021,1
116.8790665894606,2.396562362634873,0.5474368382757226,4.329601971200149,0.012969844616926,0.1009956315411787,0.992911362630216,67.26501005883087,7.595985834385099,-0.0130118791334381,1
152.9065691097856,2.6743149737150027,0.6151888971094308,4.876460396689509,0.0129265573532464,0.1238209581977148,1.0656742487288329,81.39386898095454,0.0,-0.0163715860234268,1
1160.538572655223,4.813056841035043,0.5990065692096781,5.601074240278226,0.0183395402868354,0.1194315571444992,1.2159858952201752,78.68977346307375,5.971057742655768,-0.0047484036606588,1
6495.1112274837415,31.75789313106381,1.0775036199335315,6.109391273924959,0.1706225608029155,0.3315372868570257,1.798991931925045,88.78875686295805,5.862996527879795,-0.0242595852260419,1
7912.931900357569,41.02203352413039,5.047256325815425,24.97335554431136,1.4888720721256123,0.171017553666266,4.356983986138204,207.26815520968228,0.0,0.1105242600297852,1
86.06319818377756,6.1831683678983245,4.429616342383525,58.75035010802338,1.2847852751962945,11.054793920467056,6.511678352653023,637.2294506100197,9.182031240881724,0.0841943616948889,1
59.28813771799739,2.3415407005361404,0.8842733503662221,7.109657787403113,0.4178218235581512,1.2989382111238177,0.7788223778303718,3.032871995101378,7.764089033454571,-0.0122497028243879,1
33.660895378825586,1.0379985132928822,0.5666693913393207,0.7561945599677147,0.0865261775194459,1.7543837020329869,0.9965756481564724,28.79101199719779,6.910283140150031,-0.0016608761205782,1
12.758762785527086,0.6378312571174202,0.141561578513692,0.8358537258410834,0.0418210816379246,0.3514751454226554,0.0836571222756168,11.076914965210031,4.2256918394558936,-0.0076377278113487,1
52.33799103232211,3.0284845819160755,0.6221247681739113,4.896276361240973,0.0784797906286693,0.4879385793827126,0.3608396113915453,4.863093846131952,7.190002712605847,-0.001880210446428,1
1268.7472127126923,51.4207783647895,18.64776744286849,99.18963669231508,7.823220718875746,62.88569518331789,17.440169519433738,1163.305244839258,8.78218846425141,-0.0929400057518975,1
96.35227200228444,1.8762610458569828,0.578687639774881,3.824981131975572,2.008237709562903,0.7200640383989212,0.2552921556510502,82.83261829707337,7.327238091737215,-0.0543736956828514,1
128.74031575474814,2.688646501366207,1.5028157286961406,5.609307782685408,9.45729911552481,2.7627524328517805,0.7947367172142278,86.02362961410013,7.954919717132153,-0.0294072438192006,1
36.56654670366344,1.5651040390635718,0.5979912133680673,4.659338170079768,6.553407656173548,1.3395374792705996,0.2997622300193131,53.39244022457547,8.062161609576542,0.0671427455281103,1
395.2267437569584,37.13280659332123,14.995102180545992,55.64924806555237,7.982662526469617,40.56015763323792,7.734454348761281,473.9825193186221,9.040248275707466,-0.302492508762401,1
44.353677571832826,1.5723973495060215,1.1381132045539324,4.264596526384889,1.4167689601082905,1.5991772145822731,1.1858653512291932,9132.340529492429,7.468101293865512,-0.0081068697467961,1
693.7365785749076,53.36891850211709,41.45706122581071,84.39201026840145,17.574866746511542,67.2209272333726,36.35904589881465,862.3762352283355,8.780008556999633,-0.2014900529939763,1
73.20390677409985,2.3788787212728955,3.0693205205164613,2.665977282122021,0.4160688723376251,2.554088663239084,0.9774682184210758,110.68191783130652,7.926521847248588,0.1128165108219778,1
61.24089630589205,4.252359133615991,5.207040110322321,1.2236989145221464,4.45585131494869,2.88788837201397,1.2298508895153508,59.67752211821269,4.775626876739938,-0.2655940822036963,1
125.61986395065368,2.810501210544837,4.246428171313147,5.057333096465178,5.860721772854326,3.0539750572718214,0.9028979253295134,65.22480104779774,8.11123800165687,0.1247055481826886,1
508.0924924939233,39.38741327908615,11.911807834334226,81.9124250891861,3.923333267401836,28.87759437129688,16.565348263628913,95.89900501273635,7.131958615431657,0.0295179266144312,1
196.104067523224,7.525355428092836,2.163249507966064,6.924482099004406,0.5167080452802216,8.276671041774911,3.1076964012311223,203.709439923602,8.201819839598953,-0.0040640047239704,1
221.73787529594097,8.062669620573754,9.125280571602849,13.225730558314693,5.980653846552285,7.205134188592759,6.866045600921612,119.78925300555112,9.35610954536372,0.088837591081835,1
587.6790296889849,34.944572648045835,15.721253346348115,3.851593706519514,6.427785450375238,47.3390237642173,14.715579108497655,385.3650750474772,0.0,-0.1135886084646956,1
512.4166376398796,36.14495628794685,14.451539628787842,49.20376325130943,3.989223553548232,35.88077702713264,13.870613345141257,580.6270361421483,8.290441276571475,0.0576904639371668,1
400.9631573385367,41.57373108825554,8.672323278371007,54.475466946232174,3.5188938000249097,41.5834474144679,6.949266922724488,373.6492356588862,9.393291571766074,-0.0439710288010863,1
106.21608300481736,0.93483119234148,0.2891853301835914,2.150756807315766,0.2257443739916937,1.2112663857843569,0.526415229690735,83.84201029764905,7.35855116924813,-0.0014731916170403,1
701.9821837134795,39.2867504275415,11.536874058805791,65.78596850041143,5.3030555292508845,40.98649271699206,10.743320361236144,654.2639409804733,9.617687367178307,-0.0153928988089469,1
197.1002916312608,2.214227897918589,0.4614109097134866,5.618080192091807,14.110602840476703,1.1416941638598228,0.2921148068160737,139.25765182929536,4.386234208215072,-0.0003018900221806,1
62.466741457331416,1.158911353857338,0.2488865971977536,0.2515501330398184,0.0704535660061301,0.4665750485752971,0.209035827467824,34.35757964303563,6.117494801055267,0.0055650644964726,1
643.8231780371289,19.56353730263321,10.699726978925671,81.64721306638234,5.066933411399399,16.917397649891114,10.624861633450497,610.3157782946332,8.730518690371419,0.0788471888403935,1
40.01129583586975,4.928831961976161,1.1023814777082708,9.71509389053782,0.4776715496044346,2.90130096373816,0.9734960398594374,17.675454280340556,7.198736857886112,0.0061615256322168,1
80.94438979133116,7.231012235569528,7.1616603585275165,65.7035530790457,1.4997628724543783,19.644231215249523,3.855592753822904,125.76340182829456,0.0,0.189624071448576,1
23.321265631939244,3.2319441847233508,5.716331548807437,1.8519749165467467,163.65431930831386,0.271349319901186,0.9586222003276262,3.5706602875074096,0.0,0.074401893785714,1
69.36176201534705,16.031298659952753,2.2516031241866967,28.45745373822024,0.8236014082326402,8.009215235479662,3.0425843045123524,56.531982528383615,0.0,0.0153843849160885,1
5.528279066504691,0.2886678267928879,0.1207920338190554,0.2648766511009872,0.0417529719682771,0.2172855100370115,0.1175895645704881,7.362242203997308,4.793294126446769,0.0089143318620531,1
23.845344282756447,7.962648213331636,3.0656041918230788,8.480102314313816,0.3927851210724087,4.577279583781342,2.677462939334681,10.142624725808696,7.18161918558164,0.0050502217970299,1
21.324744981761278,4.363531477743591,1.3862053620217434,4.991724793762672,0.3902815867691015,3.8406770292153656,2.8750231385032703,33.34498896045549,3.5796086153603826,0.0093829607550391,1
38.79952456019504,2.038540617458313,0.7151820207130064,1.0984194605844602,0.1449919493879219,1.0809783946228078,0.8568907016349331,12.445966427436906,6.477098481714796,-0.0070089554549642,1
135.9679380809533,1.7180975242908296,0.4543844574168767,2.003200791046853,0.1782161355432751,1.1877394090524145,0.8511153842939322,46.49066020406024,7.160998659500736,-0.0006505024767243,1
11.279586089384074,0.6390075746777304,0.1983545336305641,0.9165838366397476,0.1582083620264932,0.7673636618102031,0.6452785057189646,23.80082392687337,0.0,0.0065331989461782,1
1064.1210427458734,224.9161122270016,1045.2428967614428,1.842848414458362,1.1335390062615702,0.9909163402880689,0.561458623675288,1943.163588613225,0.0,11.290506086170454,1
194437.16204763603,112785.2782740597,95706.39800055686,1978.5468308985864,1243.0627728611455,452.6905983499197,157.3943188993727,181243.36836907183,9.546183665688895,-15.51138569275196,1
69609.67886205019,7443.804920889505,1211.0280951881666,6559.25038111052,145451.79462815882,159180.6772944805,2122.3008460828564,73370.8892016009,11.847594049072216,-12.081134629789656,1
20.176245975820773,2.961654787238064,2.7949442003819045,2.6955939511426066,3.017490301768882,7.1003233240400325,2.820881437542227,40.5007738704028,8.337510961150093,-0.0151566348706227,1
14.162160637599658,1.7531413413396957,0.8325085112184332,0.8009727501663441,0.1844069195764132,2.082887220420834,0.77075458253591,13.243252012647762,5.968879378730367,0.0122481954673828,1
27.2732028393816,2.948045232350532,5.238284212889876,0.5844570818932492,1.6973814691347455,2.5408225455765403,2.371524847755908,20.621297654533898,7.762677782625594,-0.0051513078779784,1
10.661259021494413,1.4693688691796638,0.5547442166520606,0.6501019882692999,0.0330487639512054,1.65309217680313,0.4914038176460063,9.764451684457708,4.68512952235361,-0.0024945795021706,1
12.091427662283454,1.392171783326602,0.7610374473682245,0.5865154726744751,0.0952318301374798,1.4721118831857354,0.6088337051568372,10.773912909241917,5.712714932720685,-0.0363716922427696,1
14.554531519853663,1.6629290880056682,0.7168218137328851,0.6425041947789921,0.0391145249565585,1.7527561603322548,0.5934178037888006,12.732404447590534,4.693249767890076,-0.041655795125861,1
62.8993937604525,1.6071864531326328,0.4000424534130028,1.2454380557234828,0.0142158715559752,1.1878345006892357,0.3714062550339634,50.20079057949563,4.649785293040103,0.0022197477072813,1
16.857722234138247,1.4427628616665706,0.4181237913920109,0.8363363764253711,0.0283424148908925,1.6997126763262065,0.4294475816510667,18.561743566076466,0.0,-0.0050903976134247,1
30.68597447360549,1.9963100360086208,2.9787530979046832,2.316930081222667,0.7673702381691407,1.7433783482994376,1.970481796228788,360.10364166726646,7.362050879215702,0.0853784861867626,1
7.581303688033869,1.1177190965463095,0.6264661375756717,0.7883294431681375,0.1279789170901429,1.1496148846775536,0.6366168386124331,8.026908324859804,6.881821616301246,-0.0513870391945686,1
168.735528348755,3.4055285828940534,2.656166655474287,4.965233296519847,0.683118197132432,2.6080564281909675,1.4883874684724143,43.62526201288832,6.158070658447942,-0.0784956064219595,1
453.4321692946948,9.139674049225013,6.588761979577388,1.4732597968262298,1.4926138939206002,5.172135532609985,4.398643402111029,237.738724674338,7.246306479421443,0.0873156025341826,1
93.45381227239548,3.0411748530677443,3.479353964783772,13.35101683995399,1.7990580300419543,2.322974703863929,2.2570665950923874,23.606603428492463,7.285692534764358,0.0111473060023255,1
378.75640932002665,12.751416627326384,8.657150509543426,323.1992824172429,3.4943275936328337,15.849411784306367,5.153355508726835,45.5324189579711,6.222100018066037,0.0920821573828981,1
242.85872236541587,5.397494748619495,2.4777369994100606,124.68775916101136,0.7767202767021036,11.640401834971437,1.3376046763117164,40.91923310678551,7.06618943392617,-0.1096063917820024,1
3291.961877668793,29.745387089420056,4.2333709849677685,38.72576563763658,0.9272839964250268,4.4256029279209015,1.1299531908590623,70.19569318029104,6.9557767563282935,0.0092752607093929,1
2637.1001325744487,23.748268214999825,2.4633138527177967,73.19426582801164,1.819715738553587,1.762835477037794,0.6980298195884119,27.730921108642363,5.981044159702607,-0.0425663783875848,1
9.479088213667575,1.267611788852966,1.1757571855513118,1.5778135910815558,0.1416216067313722,3.998282911302456,0.8112414777904364,6.446816981765489,6.258499588328201,0.0421418759990225,1
10.81690863483336,0.9330867506945332,0.3523014904455596,2.6441849339959997,0.8130713846869322,1.2789394109272283,0.6706920658968475,10.10774934603755,7.1429884866357325,0.0135210694097404,1
33.56348488105047,1.739408351683957,0.8549018140653083,3.638909047165304,0.8075597595350769,6.908645602969862,0.6341934000662365,23.67780157061837,7.049968263423151,0.0560216113314208,1
1306.6962299837842,19.78347596274183,9.37610803841001,877.0540589609072,2.0059574677367364,17.390477424314152,2.1173812144382778,460.22452293149286,7.522807136771085,0.0248798725433146,1
713.6392081996863,14.253956666344864,114.66902425711298,107.29270876358252,3.3271837108004214,5.97461362029526,4.5866610062003845,701.1023609658017,8.255469337216027,-0.3458822960933463,1
218.29508029314343,5.214375274212951,4.2032693979017965,0.5707745439209648,0.7836375833372559,1.4806273309648452,1.7773018073219344,34.616684944889904,0.0,0.1855884169684035,1
212.07540264630452,7.082992680212853,7.131292135937593,0.6750357027734569,1.0146060359223184,4.113048747176141,3.777572785246255,132.76892990367256,4.438502951581056,-0.2507160633480101,1
266.8195665988422,8.075995848093466,6.64621099384246,0.5747817660501597,0.5434909525912437,1.855095651374734,1.8263825519677592,72.28643426020433,7.510757521497402,0.1613949724563698,1
86.70489287284971,4.124515389536335,4.530406914916111,0.3944701715249256,0.6573506330080344,1.2121447789453192,1.377756724168281,24.256070414583824,7.066312178177216,0.0458499418788418,1
177.22578889949557,4.767688159701717,5.312820341362519,0.8577999459810761,0.5199985542045481,1.1425458742732213,0.963864824261252,39.57584050569304,6.83226117199748,0.0920506800168352,1
31.101771870688896,1.3315735999977032,1.3761403249036743,0.4235249699718218,0.2467513629693552,0.8333088707000811,0.8671564557216479,11.996920568050577,4.2617004893456585,-0.0219917414197617,1
89.87578161751932,1.8633455556397949,0.5421061079559616,1.8942552717399324,0.0578833791101042,1.547612382263596,0.4644108749782946,55.48925542166943,6.253113424772932,-0.013271654183866,1
48.17518925772149,1.7753938398085602,0.4816077766481213,1.4171179935999536,0.0423251901895084,1.5475973030260697,0.3869184752090269,31.15375976176,6.4426691425116696,-0.0235951786186768,1
45.08614786163224,1.820278615474893,1.322722289539351,1.603824550116834,0.3122180607587548,4.221336229214608,0.8067950536074799,34.99887460701817,7.019586980575441,0.0253539322084079,1
250.622936032644,7.687545710115418,4.570799677249882,67.97824738775945,2.339231233835994,14.341459154351304,1.3647263406705583,62.752994024782346,6.6695241693673415,-0.1354703344370754,1
307.9454176359547,6.444279673056316,3.076201804885878,1.2476760532166915,0.5498399075138536,4.188902400997093,0.7309798524069505,46.40280585213145,0.0,0.0716602701882855,1
12.54803831892684,1.6160716555154364,2.017242349038259,0.8922789732079629,3.1358223455454635,3.98570264493887,2.979575345960699,15.998732439341724,8.255583792496829,0.1430486506691794,1
9.146369609974435,0.8294155173941922,0.4062209503334948,1.073935904513896,0.0530647636609819,1.8084371162291453,0.6168565510062333,13.207229581902752,7.735038953545562,-0.003820121664745,1
30.0669885686925,1.5614848026156172,2.8826450998678546,1.0321183617045573,0.1115382509524282,1.7237080152082838,0.7151101572862486,24.141304767015384,7.772578784049497,-0.0286345006307744,1
37602.21655715104,13965.907773324236,2.1893897290645223,1.4471385387365758,0.2405822453639611,1.8359098036653867,0.7069113765146948,119.66136328171623,5.727476054013247,0.0024720023237283,1
8.413410244717259,0.7027794583022229,0.3235327235532424,1.4033377988499238,0.0674030986851258,0.7322841934713935,0.6577099704244583,4.049649847185733,6.107123620958824,-0.0102650143647953,1
9.524590860491935,2.4016326751658865,0.8735283026585711,4.175004961639375,0.1708479384048575,2.613055473241899,0.6480383498826557,6.1064952505794565,7.452600925622582,0.0292482370894728,1
118.56168144362653,12.933238627453935,13.510216517448368,26.39334324594545,10.061370020537892,16.121774389371797,6.283080390642732,230.9456537335744,0.0,0.1414321451427447,1
108.07449320664584,5.947904609724296,2.6839169110177727,3.41354304868952,0.7583056881282759,9.937013951320765,2.6671338120206034,75.45715327019455,0.0,-0.0794771290620362,1
41.274887033456935,7.487737027464579,3.747735143887746,21.85795738326603,5.563052845923997,11.302659363235312,2.625046992140992,15.911599917632364,7.883871567493022,0.0451624500970033,1
81.88012132171878,2.980693885017897,2.256663509855456,3.94330425131724,0.0854340925937485,2.6438388901477987,1.1761824513399852,11.233001965045666,6.728315497381677,0.0248635856593773,1
109.23967547208191,3.4201966268918933,2.732107145268847,5.687269690650326,0.8505750004758821,3.683178372187801,1.2409170976627046,19.602320185792,7.897336435395752,-0.045929009240355,1
480.1644998144391,28.881660117477026,14.520447127860637,62.02337272453765,141.0625579293182,23.18344000659261,10.672945725875923,36.6994943679066,8.897608534433651,0.057728083955748,1
15069.408518741457,491.76605556518166,266.4800425709493,1307.020204247481,145.90219033659235,568.6509373551553,181.83407035169276,18338.27524536025,0.0,-0.9460604887881694,1
201.522281612588,13.863794899255527,1.7844302569387775,40.26398602789249,2.7917943401036336,8.90651037154873,4.3612474388925895,679.541476987295,8.781570799860585,0.0927732436417125,1
114.57459259859304,1.6797164142879375,1.1268667516694133,4.389162274045907,0.5374096695731365,1.3275456976182367,0.6875618584574726,60.29211993297682,7.053835214560975,0.0058694692114717,1
247.3181402092397,3.1337114186706088,0.870306714042376,6.044880261678629,0.0788276235424667,1.0668825289825092,0.2471036081226051,63.76472173246314,5.946809540946119,0.0135815104539498,1
136.02972588787893,1.8054126655664533,0.3819459406599401,5.26906135799762,0.0540468585036509,0.4043817892851959,0.0572480026744032,40.317288735048976,4.050118944906067,-0.0116707245324575,1
117.2647628082748,1.7354271276362176,0.921238176688158,4.262812285270755,0.0412372642640836,0.3922618652892583,0.0702393821535089,46.63335414789528,6.840286254258003,0.0889320414616196,1
80.09218432713101,1.7254425712434864,0.3393938268735454,4.279543556429575,0.0366144298535352,0.4058088975161617,0.0732782844975113,39.09870706613288,6.481606817587787,-0.0144486093170406,1
190.8678219451672,1.2748506072053605,0.3199032427277714,4.232003944483602,0.040760461795046,0.4657674290775306,0.065633286705775,48.98674808864706,6.946534460225784,-0.0164222291990804,1
254.8201739691779,5.0618867388134605,1.4885123975757313,7.230680238520078,0.054889474894528,0.4989720542021399,0.1591571004065782,45.918266836012585,7.202280445741741,-0.0022724634267593,1
78.63116084060239,1.3837626676345467,0.301493096263361,3.2813421285268816,0.0330903740327574,0.2983629990406416,0.0726554534979918,35.604792226729394,6.800530700593202,0.0100019769284002,1
90.65691527860407,1.3412463871742053,0.3414241732850518,3.3840191400829114,0.0356562536068071,0.3291977337138194,0.0793682477393572,33.571088624308054,6.489529884888313,-0.017262646666108,1
174.95233532803974,1.2712112895667893,0.3574610504753782,3.95830890491162,0.0395345697993996,0.3751883556346718,0.0724528200513082,40.65732084936635,5.243719476849575,0.0111453224692983,1
42.95587339857225,5.572739386496744,4.6788914211287285,6.823031059541707,2.029116319116795,5.240770821946696,3.1738332712998325,44.24356815108781,8.869202912192463,0.1739785068465024,1
120.14005227222351,2.674471235242488,2.8594690002070244,2.737996912917195,0.590651401477999,8.507505015244151,3.6232110265091686,10.457549258313149,7.565149228207765,-0.0281455270125582,0
191.5225144395833,5.305728807956276,2.8880892446531368,5.465651392044685,0.1204105207427765,2.331749055945713,0.8729997025271078,13.970352201374023,6.960598641794203,-0.0033241774249089,0
129.48325999749952,6.344544072527799,2.3536517447258216,17.16305296533594,0.9905280377991016,13.78865002882849,3.529214099142745,21.88932160788267,7.785118376275277,0.031486955298839,0
56.55348296626703,2.1709136741844723,0.8680865489088241,2.426597762541111,0.1022876887659203,0.4992528777039099,0.6850538617842491,3.403679267277747,7.14484393882576,0.0316574780711448,0
35.823718752854816,2.8029325613083107,1.449626938241407,1.861048551890052,0.1710201550848826,3.946416631392262,1.4934266184525324,19.866267296727976,7.000155183964907,0.0147075775445053,0
388.18010905464905,5.404632050624612,1.7196088778017629,6.066978543483808,1.7114218195404542,3.3359408518495712,0.7600009006265709,13.863791125847705,7.400421008492466,-0.005038409300512,0
56.74423285783421,6.537514175259575,12.150301009311276,7.877106371742822,2.553822405123022,8.395905827753705,2.3378194314465484,11.547914004188314,7.523956753689807,-0.0248600006642015,0
1266.2522309508815,23.8685416344225,8.243020774323782,18.842676722163752,8.853646858631894,15.809906628630603,6.102969249239277,748.1027174623266,9.027630629333876,0.0906786812161637,0
15.002283413773938,2.9764366060826646,1.1283669948162742,3.0092796184078083,0.0702209509081914,1.573572362618821,0.9998829544468996,648.9659463553543,5.5689555078462005,-0.006982546463466,0
17.91784031330936,8.677854942623433,3.313891072227541,15.455378148810023,1.5878595493217966,13.759595914169676,4.570186185510166,7.213547723837872,7.293021674126276,0.0677175669302046,0
150.01019202504597,3.218645645815102,1.9867302141127376,4.603701577489699,0.442976946434403,2.901611347266308,0.5927488331209928,10.670556343006975,6.496127984750707,0.0291699523333964,0
121.6324898768008,4.0512868894622525,4.194252756558605,1.2036335052445415,0.4816428308907961,0.7052174051897391,0.8910972677885005,11.693224113896475,7.088746865923199,0.022092688761815,0
9.19584320527822,2.0704927725884,1.1629984011842638,1.4982609155150628,0.5489090474089415,7.818311652905656,2.8180011190195304,11.087280987121368,8.176884795891922,-0.0038247455470175,0
73.92628104871442,3.365144326237061,1.694827733097261,7.477298086586551,1.4176285065287906,5.112516212740422,2.3112802383649527,16.658152662619298,7.264875192756411,0.0236492335361718,0
45.37676609628538,4.670828147380541,1.76940126703044,16.028202985618776,0.6874500104561351,8.212556940193629,1.3219908058902294,44.99427670717272,6.829259977232564,-0.0167972154009339,0
54.9296745433173,4.979208963911184,2.326003439333084,12.793471439297914,0.6418046056901243,7.662775514078847,1.4763178148488636,10.193103350232926,8.185917938713805,0.0064537094356324,0
74.97075693202385,4.784191422640922,2.0679118793414952,8.005149174782733,0.9788726380526134,4.227604868353547,0.4896559544957939,24.229981535489568,7.974179901509602,-0.0317829954429507,0
508.7846065921939,43.97913036826671,16.890637392825578,148.93347849023633,5.491098027357052,43.82497917902428,13.64790001590257,479.1242784352315,10.347039181986483,0.1256057656472456,0
123.41754012755904,4.53344488019358,1.7376022940026952,9.698945513396763,1.3623096524191307,2.900409270168661,1.2988849875072188,77.77781211936474,8.268841686334664,0.0166245371915658,0
39.09084765582429,1.7228975860971465,0.6646006859034964,1.3705096746530154,0.3847339154129281,1.4634363265100987,1.2030046064359354,2.316825691512409,7.689093103296616,-0.0017797308367588,0
19.44342155995119,2.9103131958901667,1.2295426207643652,6.103653240282957,0.3351043752184136,3.639645710773471,0.9223603269100636,6.293075734242311,8.355442095814915,-0.0426985351350968,0
17.838079976972576,1.2605314999341102,0.5424845285784201,2.34880175406344,1.6033218086083478,1.4334169726819286,0.4208759196565999,5.191385436834574,8.28194943218887,-0.0095525364565102,0
18.79214756435905,0.5513765094825662,0.33325261203458,0.4647046553659095,0.0289950241235733,1.02571620142123,0.5676216766108403,5.5952973780698025,6.829770144917044,-0.0055149677850621,0
63.10205117538406,5.226370748830399,1.7864497776341848,7.867712389143501,0.7385163185284862,5.368472373945735,1.2258598565089736,9.661434778057709,8.688277759404114,-0.055410490716114,0
33.59062928980156,4.644069800693588,2.0864278893055364,5.2402764811014295,1167.4647078770088,1.8645194053678111,0.7759937081832557,19.01204962557169,12.280770747231587,-0.0444127514383002,0
165.54755372874203,2.184347412572267,0.9186073832042424,4.641899444686021,0.4326866210335261,3.2754297957944662,0.4542455457331815,22.680024332484223,8.094298429916334,-0.0434393598008609,0
11.560476976082336,0.5218776875432476,0.210659888537243,0.3316078013597328,37.94794877582676,0.6565973003896571,0.350458664623342,11.693757591332314,8.803255187652828,-0.0090539351707424,0
27.138717225587488,4.09047501018731,2.139355767519381,4.099952025252688,0.7765151440607363,4.916795786312493,1.3668641449849452,6.596646861572466,6.631646943776414,0.0478075974009498,0
16.681339996709074,2.1395401329222152,1.2105356874574007,1.7981688704230123,0.1876528096397763,7.341566443483157,2.7879770162783863,11.136108285764482,7.266507327079787,-0.0413199983828415,0
40.60749437575572,3.0615713525309918,2.09174317077764,6.916716554280058,0.8907340231115327,3.523420640279308,1.2377360244930358,13.169100750828164,7.998285345070182,0.0331931023765978,0
127.44953524212156,5.827525500519821,2.2954324250950404,20.09467236983814,0.7236243426761079,7.623040450436716,2.607156789287681,39.08209216577984,7.7922498458297556,0.004603872928782,0
118.9986365552834,2.9678246843921454,1.636553770927651,3.272869539837337,0.1542890579442675,1.3305356413671212,1.3798452613665029,40.19074131519222,7.062812037406565,0.0498369057341057,0
32.54590574161363,1.7314561764946377,1.3926109033947156,1.0348757059547335,0.2212389443985198,1.4521409918958617,0.9186894916657514,12.77868036989796,7.183890543645496,0.0736963371865659,0
4.313236580064329,2.344710134268796,0.8943761225072858,1.354327130893205,0.2708212182345875,10.349346156780834,3.882519099219909,4.649407184744518,7.7508885308090045,-0.0516189467617254,0
36.97742082349197,4.31759512324372,1.4315833304098575,5.463124683432159,0.4496050711467683,2.67666105015099,1.325552425620362,17.496027699953707,4.719660010862962,0.0026462227536993,0
120.31861609937788,2.574283967693212,0.901419648265902,3.0886306491525404,0.3177100671076589,1.0854585158457226,0.8215015154830513,12.639911400546405,0.0,0.0109574524693622,0
12.425363446384187,1.1932638800623314,0.8043021985384214,1.000114162549724,0.2230071758119031,1.387777438304862,0.9099557703671892,5.9511271818803975,6.137073802709664,0.0032660612062243,0
34.095916469596766,2.2737508867114995,0.941263762630584,4.709659135728401,0.7305598398739084,2.4340163626377445,0.4463403254409695,27.929651157059983,7.579234456423744,-0.0903704279539595,0
29.775318611005773,1.7254555306409531,0.4849734022840339,2.0433417352161847,0.1688304888743156,1.3999228417402598,0.7301020857610635,32.81924368249181,7.605409938625533,0.0168890626072724,0
21.31499488179672,2.968774701800312,1.939375811353117,3.165509295201242,0.1424886583566952,2.71316431862002,1.7377765885283776,3.4950137750333803,6.250185579504019,-0.0277255503118394,0
57.63630660622928,6.3680712759122935,2.661564056800473,11.33795221801107,1.101358110779791,8.722035411650749,1.9525530653842933,9.045986367910924,6.194857445286394,-0.0255303534319095,0
221.122979716718,7.80763410283123,3.7396074443641134,11.914251489290256,0.9116282153507697,16.037066352260126,4.750129318808028,18.472155742922705,7.2504782680117215,-0.0101502170910078,0
10.442647037184337,1.589567625748778,0.9038985864952376,0.7767303125843809,0.2136619424896133,7.123153127843458,2.895930391671932,8.268479235437031,7.44616733222553,0.0135170863081633,0
66.30002600952491,2.856115990551877,0.7869529604842529,3.386910870079629,0.2552780458529958,20.954304009360765,5.809541456949419,14.047336947399756,7.669124645559032,0.0058352809218233,0
22.86362654229524,0.4323386037606017,0.7781002602187209,0.1833547789509797,0.029651947740604,1.0027358783960467,0.3193173633355129,7.4025895182212444,4.082535449964901,0.0074324541220146,0
42.30097571210344,2.8187301293926983,1.526182641165919,6.100022141596786,1.3965217859143624,4.058472076489983,1.4943460510478852,15.994675571315303,6.386737067557331,0.048252489483511,0
58.551363125435685,8.51638002527425,3.586068258928337,19.040636551966205,4.010630999263444,10.181274377514304,3.5435801332753463,14.014755545656175,7.908500744039618,0.0043021312952084,0
27.72908877514493,9.239999286271471,2.677237465250184,18.380811314445253,2.3842092839456432,12.531315911596188,5.224963345896559,6.90240176191608,9.115374296419509,-0.0070213127459388,0
26.58944303751217,1.93662632479898,1.1602499505399495,5.318272813347604,0.9891871227679716,3.61001646479764,1.4254977507594455,9.120961124382315,0.0,0.0146160051807428,0
26.504954604825567,2.3216566405901853,0.8750216596642671,1.867872621339276,0.1002863377361235,6.096420433214769,2.6738658594377616,31.816260485255285,6.249113142049082,-0.0073216221796894,0
28.85795862174253,6.201320452232977,1.846568277063872,16.21633038102708,0.6696115860224845,9.999677304276757,2.260624839973056,10.703921345349135,7.741766699325582,0.0077895845235695,0
11.791941530614372,3.352749031893671,1.8548801217643,1.4965724456270069,0.1318704672346935,4.15139889341909,3.1525376505838616,13.329235325724468,4.621039396282215,-0.0110987750960305,0
40.36325552566015,3.7414933792090377,2.843439136528392,7.514853320559848,0.448528921929253,5.081733281682449,1.6892190832589695,11.335240091699395,7.3932743977880175,0.0224482377062349,0
43.14260491648648,2.0881548002309707,1.2152452057473395,0.5871130215568697,0.1305271713849793,3.903788050667828,2.1672216484392672,7.955629221754624,7.1625543122083855,-0.0066048466843667,0
50.39167392971799,1.0459505953842243,0.769248677738135,1.1219782026060403,0.8671455467726572,0.7675439167363236,1.0029710870927184,7.935715320990263,8.048461078381528,-0.0067988553955165,0
167.9576412385421,2.3512150802543847,1.0604263954527142,3.547776516784116,0.5597229944113015,2.3374617152811044,23.90580992086781,13.05597727887923,0.0,0.0085260545595047,0
74.20108965763936,5.212864015905257,1.596412014704577,14.265467260491594,1.2649719026801156,10.211758895141047,1.9829169570639584,14.525771669800257,0.0,-0.0425300792995322,0
39855.30383948673,42048.27419109935,62702.15530571676,40524.957465497406,197137.5486543037,41921.58585122221,62690.08212654928,40999.497478088895,12.969237224847296,0.9902628817630738,0
52.41193904454954,1.4476718578412082,0.9826125527411184,0.5045162487763845,0.0630821714297201,1.5999535884948377,0.9626183771605872,6.49551757304583,1.9176104925432549,0.0159216364966202,0
22.199604505583576,6.356063696740552,1.6228929247841402,4.960282698978686,0.0627673491814098,2.008851412061194,0.6509448649095323,4.613213296852671,4.614754028296324,-0.0202517626702793,0
41.51460467604117,3.406845407959338,1.3847873551949397,2.5860192024757738,0.2845070974198062,7.925217377425107,3.689159395486067,24.85236823684036,7.980337170685098,0.0017122602664647,0
5.724250197245755,0.6542670512574249,1.587831418257833,1.5693101124467477,1.0299144499330726,2.27887831906838,3.5407992891709656,32.873443791447194,8.365434873857406,0.078988177478449,0
74.7193829978082,4.621912050431199,2.3603468247561747,8.640447787123046,0.9117242255996127,4.622170842647144,1.5022671229739644,18.444413165247656,7.9349573247756835,-0.0037978741129577,0
553.177201965286,16.211334143620356,17.226935634698393,64.9694138115845,6.308523004082019,24.116746999864677,17.039138464775917,475.8170907173866,8.995027442988349,-0.0537290076853584,0
26.13750113176864,2.595684609898628,0.9259157434418352,1.4700866509532609,0.1536633495562299,3.344752211420533,1.271563205605672,11.532744649912669,6.070484909303219,0.028600078855549,0
8.804995936059242,1.266732021132062,0.8509856128132446,1.9046927043735724,0.544053477425525,1.0465909636303037,0.919211829941867,1.0508872903499724,7.629987028035887,-0.0381706462910409,0
45.96174219101079,1.9423550445119824,1.228079517359545,3.3203810019345235,1.1889669059964243,2.416917176063139,0.8641065222387493,16.288517381110726,7.76621521371568,-0.09342268135958,0
44.1251747765513,5.4605259576597405,3.32986315922386,4.9742963421607405,0.6201741590732058,8.527612395119059,1.8730306093962703,23.08762827000989,0.0,-0.0366532953268352,0
63.681063038606574,2.5599824639772297,1.8995249208679403,3.609903377221169,0.6956949904871286,2.8754969750258965,1.298413159044559,24.249951986574512,6.102424272743924,-0.0345831376180588,0
8.420989820312528,0.4105492823358514,0.3552671137259933,0.2949461591896568,0.0231178742578711,0.47502440206636,0.3184883999030499,4.076107655557887,4.621643244615896,0.0092227104589716,0
44.39034802000949,1.1795116946836026,1.3304281318435154,3.487824277068772,0.2465657278938891,1.4638305286356803,0.5800730847754676,8.542879436046967,0.0,0.0077969958468105,0
114.27893752480226,4.424502314733054,1.2624955274488696,12.023797774953414,0.336342238544922,4.219314875088926,1.2111638520718933,99.19046843976886,5.850544552027928,-0.002972578153628,0
213.56004343645455,6.302191603714743,2.44956545244846,11.064460238040366,1.5556667810209108,8.977620927774325,2.5267500397755267,26.090719146669397,8.14923514064605,-0.0187055034294677,0
33.858832869305026,5.069617384141488,3.6182019520571433,4.5506097179931135,0.1328682007543103,4.398559917772717,1.8761083291311191,11.968981503386091,6.500438645602722,0.0398317274531428,0
10.887450287890887,7.359251162080437,3.1814298783221204,1.6141320032191266,0.2175178592266918,10.720933121798112,5.289732007738903,10.865509311277409,0.0,0.0172564614598056,0
20.487013839760102,12.107027176193144,13.575450304169484,13.487253451718985,1.1445893194880037,6.4600685737322285,3.5721277141597585,4.467020941781982,7.477636669217179,0.1450853359623216,0
199.7538936267673,6.312741404933879,11.037766652394552,5.690115772225728,3.4243230286315502,4.232112806693896,2.325648184396603,23.105251923776347,6.185418542348903,-0.0105599861754111,0
123.76145378735944,10.032101184805477,6.797485066741178,12.079891333336036,0.6684580489662124,6.194067288816155,1.7842821336474637,9.728536851402833,0.0,-0.0416410232280098,0
469.66324430117857,12.525085529434453,4.727793212513827,14.894845877564745,3.872861316771117,10.112129458411117,11.717813838479232,442.1248740094198,7.308495197060652,-0.1517964927001831,0
29.54728833579984,1.171820507526525,0.950183796297367,2.5496825744047182,0.634604429769054,1.2532960891324647,0.5788063604031847,5.777129689245451,7.868920627921184,0.0641881662782503,0
8.18828538019538,1.0763019593093706,1.631316074698396,0.3689820818082128,0.0397581053219481,0.7127274983093317,0.8173042587539759,4.0597737582143,6.311835599155932,-0.0068381928542922,0
123.13402870434244,2.6926171242188666,0.9163224109457592,2.9671475138345667,0.0546570880400434,1.046559099639878,0.4763608862600358,18.61770912495375,5.2863609521411385,-0.0209012458275045,0
59.88300323902862,2.595492912730468,1.2763552775397664,3.397667880910576,0.0547753967759784,0.9138976560554763,0.3813277828380967,7.458115157794269,5.6566739010425335,-0.0119866512342855,0
19.686496374609128,1.4940544662761954,0.8617453179902492,0.6478793933821754,0.1358541774197427,1.4958638480829234,0.611370564297536,10.081636947861332,5.473919753205959,0.0073565794838715,0
43.59829621054399,6.310877898252382,2.1324843773351296,18.08617075396136,1.2511987218810754,11.608439110610194,2.080451799274428,11.589429989836631,8.618547609700611,-0.0674673699256268,0
343.9690263779467,8.21345274685117,4.767776935068078,2.2535912377847027,0.1829930811215126,1.9659917691183009,2.1051136830437547,21.301788116057786,7.680159025354666,0.0223053487794908,0
1311.3339021095867,9.196181458702696,5.957970457116224,9.621260185330849,8.190736676803983,2.479564620138494,3.4991033538004617,508.07497251741927,5.552886304509623,0.1807728807152613,0
25.993348975396337,6.024999897826575,2.6617705213987577,9.643366722039868,0.5972218465093417,6.785357282054348,1.9079694984623023,12.485531753599464,6.615054428918416,0.0481801347224688,0
25.69545473038741,8.285220975444114,2.100338635453106,17.381535830023193,1.6518389541044511,7.192917143147008,1.6067966268588227,13.990235879291475,7.278762237099224,0.015246394813377,0
57.887414674620594,2.2933975487054994,1.0615904431980816,2.7404192932710987,0.5585638309012438,1.8716369086347004,1.5107070912208054,6.163814919104839,0.0,-0.0271007340733236,0
10.283317969948914,3.1201422737497064,0.6831038683451015,3.3100451761280514,0.1179976276479393,2.609929301427917,1.6289338767352477,10.65301253156582,7.850320494125397,0.0007010363275186,0
18.25620894119956,4.379299237995836,1.5774084435571625,7.072146285768581,0.5541677266841171,5.300576383638209,1.0211096824381496,7.106772092626414,6.207309916721568,0.020723646025814,0
39.49010731648789,1.0080455005915026,0.5084212921658011,0.8271710697735934,1.4900317655987152,4.862316501299682,1.0680533515981143,3.2847208569054134,2.191253667979202,-0.0028417409455602,0
38.67177517335008,0.9912957185379458,0.4193027342149888,0.4378778652337345,0.0199161832858593,1.7707836966808643,0.5177202769420111,5.659015071322119,6.267529970587675,-0.0115374331279682,0
21.276721940986928,2.720127403442784,1.317561920855166,2.6413715740773784,0.7418585938810021,0.6162147117136727,0.4421170823999782,16.044202096547288,8.212301489715253,0.0588504650563502,0
29.725551216911374,1.7415617377287729,1.0317668498607522,2.816664714593818,2.1258888991059908,2.2287882508330785,0.8104917983004966,5.668294736894557,7.102689139712018,-0.0269692906257295,0
16.569814542424893,4.682713983676101,1.1882682890610738,11.538546456221328,0.3423137337865685,5.848440544379523,0.7248049634400774,5.886400893102706,6.043729380514429,0.0276399470317787,0
23.569445982669716,1.2240758380528236,1.5736171711053817,0.9978489648795756,0.6933179424477574,2.1004381095048075,3.383722089889074,6.2647228873305325,7.25621428459303,-0.0569778447780185,0
40.25602999297256,3.271912353205736,0.7226329758702098,5.268078610881744,0.086230076495855,1.7962520828797233,0.702493673064954,4.617957169929973,5.436699781340822,0.0400743807046531,0
21.353827682961725,1.7059267745080646,0.5865060619385633,2.4194687476360666,0.0911964963865017,0.5805906957591298,0.3746216556319949,17.283226018518025,5.914933349561888,-0.0023237805071632,0
121.59737834901748,10.155663623624507,3.203443696683634,22.42820850924129,0.8784592207772429,17.488312403664047,4.747836942383689,10.385718210385994,8.161294157941919,-0.0487671399605707,0
7.5987912228504575,2.011468655303939,0.8473010817197263,1.9501566717049723,0.2712133766962954,1.7514999718350146,0.6053192074723199,9.050286535832925,7.50607908582541,0.020063166606267,0
112.39518265808128,4.359556557563799,1.4711856733575388,4.274704891664501,0.1456258909124452,0.9344893972334254,1.0262599938020225,23.54496861380048,2.565285356634225,-0.0038879418618711,0
57.23637481217234,2.352839417420138,1.7128533411310285,2.506113473232149,0.7679008673425971,0.479523292759849,0.6057186618761,19.660653772458407,7.540821619611171,0.0109688903814975,0
16.773323852951034,0.5756473338964463,0.3968045304542073,0.6422002731346382,0.0736970685626329,0.1390390100856878,0.202172028903441,5.934452793711214,7.163692854920146,0.0122405983971597,0
22.470767381642396,4.632101691132187,1.932661096317984,6.819555583260023,0.1821102874360017,2.015387527264751,0.8944043544810483,6.799863511805621,0.0,-0.0288012701715788,0
63.69250111441024,4.664440577922209,1.3493377341921098,9.505872013244112,0.2229506549436168,2.4101343560660893,1.2441800832751848,44.113644491457904,7.638707574439462,0.0020301838145951,0
350.297731655586,6.4785422959566645,3.3886156021085285,6.838439327049089,0.434140314798267,3.275889837195596,1.2088532737736524,10.897238069193428,6.316616025910215,-0.0333727221258526,0
3.6276414483231054,1.8463656736840823,1.7139546869847135,0.560570976115136,0.0959950547898382,2.433440980401706,1.4722593314037713,2.9224067229869948,6.537755050876921,0.013564236953294,0
30.4383048217134,2.8887877814034404,1.3014414938062202,2.014714890375586,0.1227917758454578,6.8530064158348285,2.1315759988369303,12.130715549670274,5.1787714299590215,-0.0376729563437562,0
12.541722391339851,2.5118240845162183,1.5480472905377864,1.5672349128732972,0.1544385822792099,2.8228107020832667,1.4740001545670325,4.751805217052659,0.0,-0.0100913178258735,0
60.522352866299954,13.501387780899332,3.124044089203053,18.92631117946021,0.2280726582520954,8.029227750887122,3.5049214790089263,45.77775187700924,7.655274134665,0.0278995046984828,0
116.74967654634855,4.184951350355643,1.8664763251956389,7.2065672928899325,0.9607664402361308,3.5345967842643384,1.1289474902240837,18.436401125575987,7.922534411021425,-0.0631224737912571,0
6.049974811425863,2.217386793634061,0.9720251548739556,2.010844436454001,0.2580606756306792,2.1632373750940963,1.7468946404764034,4.3848858650769165,8.16529319528365,0.0163651525493347,0
14.134971964272692,1.521963854625623,0.9532957392643856,1.7898174127276243,0.1559420574613237,1.3145347630064637,0.9559053998031004,13.658881662341516,7.479126514897747,-0.0015936916664878,0
6.765236109501194,0.9494993361119876,0.6813986937856402,0.4097787202490499,0.0373493743155218,0.8883692975697104,0.4356966995563925,4.3951758299399,5.087848833547497,-0.0227813471735961,0
22.809274166627876,5.066383525520991,4.037495810314133,5.2657188039970135,4.204093177339159,13.351725796035051,10.055011879176304,311.3586049104673,5.9817476771337175,0.050561691968665,0
27.44793032772173,2.676240551524222,1.1830827628565916,5.285566407428889,0.6441014506454449,4.644779587396941,1.1679944226384522,5.325092569447647,7.4523496667392735,-0.008216774885329,0
351.50052182651154,9.10011460498392,5.420297310885347,18.229067892978577,2.9287894165582475,9.187009467697663,3.2138323768952737,28.717936162992338,8.618698507880106,-0.1112917722196709,0
21.57836398046386,2.586569913348532,0.6314054284127366,3.5615194968206434,0.1818855495743885,6.139615007864848,2.1052190849032244,12.18213438589192,6.389998669082786,0.0053301855039375,0
29.59639552737451,3.886958518990408,1.54524780634447,6.186633698135355,0.4659080537267394,3.6898490916335422,0.995969736515484,5.744720988654711,4.131916565125409,-0.0148364461388432,0
75.70832488754962,5.240149956002547,3.5576021742515884,6.182324239119714,0.6843225454253552,6.2402013686470506,1.7063755255745203,9.744175363476783,0.0,0.0603455986902615,0
125.5307387438824,8.199309724643863,1.7658043866689197,11.16549128535456,0.4404814635576949,4.626042704834315,1.318877263575562,9.958893089554197,5.1722417710930655,-0.0282223981571865,0
68.60536752252085,5.685357717054307,2.4025988389271298,11.133438577644736,0.8049420765707681,8.44995044633814,1.0272026821462654,16.461588820552198,7.088821689762884,-0.0017669793834288,0
7.080643289442804,0.7846133400144077,0.5069230860182322,0.525178884251383,0.7255460597597416,5.340518347615926,1.575069126571932,5.8141703425619005,7.768816499199231,0.0219009065569655,0
139.27081188615028,2.391709180758016,1.1496635878037809,2.0232555437934083,0.5671354087688859,0.2862399802787724,0.3261303762140436,6.561246719299732,0.0,-0.0439043166604308,0
30.750876507410545,1.2107310487544758,0.9674958679583638,0.461744226537926,0.2197089415562952,2.69075714907352,1.442549671728127,11.344465558686464,5.9915454912622845,0.0255713670600427,0
78.91858562127973,3.1928404831982595,1.078598654613694,8.354096953641646,1.1956481464814563,4.622425513826644,0.8941789446064021,6.212384023814014,7.724440101143997,-0.021073641806225,0
34.39816714358954,7.421237411553304,1.919899692927572,8.278494325295537,0.637200578292322,10.156347759952622,4.11062691508178,22.98097922935469,7.850032436034121,0.0176080420316171,0
67.69259636343179,2.45168970543589,1.4448590039429412,3.73685995720061,0.5045924058210831,2.675698279012895,1.2028261940597849,11.76162082731992,0.0,0.0175345145510227,0
25.409437201044003,8.376781183596133,2.2821324494764315,12.597652956833851,0.2520316082291676,4.508038109262111,2.886842327964348,5.241087612805566,0.0,0.0866103145884401,0
118.9459516074416,3.87686652422001,3.6469570617474063,4.674805172627528,8.603111779587216,2.681975956669502,2.9925307241847188,17.356752549357587,8.61616192711031,0.0737611828363726,0
46.385041015176704,2.431102105281372,2.2609683872291018,4.822814418632671,20.241579925548088,3.88459548889248,1.9235944255198487,43.215960017962296,8.636897593863731,0.0161395815574439,0
11.377618825826412,1.935866634376344,1.0716832403423069,2.0256264416518155,0.1034847279752019,0.3404513570479913,0.424122711960444,5.513326431881333,5.721532704227076,-0.0322987294418807,0
73.87815041118277,3.3717038577155,1.2535550182852109,5.122289852427053,0.0778890040390683,1.1333422020870574,0.5160944552294117,52.963861040805256,6.115513818032787,-0.019780674548713,0
18.72644658507429,1.1867693476193455,0.6490086333486843,0.9813321294162088,0.9427098529537128,2.7514429940437086,1.4784534555175428,16.103584879499646,7.90263474854882,-0.0221540200224519,0
15.394406573937475,4.304605110845014,1.6631979795470333,11.439922294990197,0.7018221283498756,7.171592433951595,3.1459676421312417,5.716881958458608,6.985432382525983,-0.0065151679155847,0
21.536195641578832,3.6539691430116217,1.576551664410866,2.7777355060478235,0.1344689237325773,6.798420921073309,4.5103061466877215,11.71417293548207,0.0,0.0034823284350942,0
65.62990907124845,2.5632502823034966,1.2187231584504252,5.894157261013969,0.4949115226222917,3.5379557504120127,1.3081430715619478,14.101321690751991,5.600168269437789,-0.0279001694967998,0
28.57106788232789,2.3948498199417125,1.4950291467928152,1.0793745841609768,0.3526803528187951,3.7752913191375073,2.7653807187305786,18.0740997893848,4.962922896732915,0.0317538542830843,0
23.53706185116165,7.267065208391569,5.228551121483876,16.880008976858264,0.5867623248364292,7.5375971734729506,1.6899852131420268,11.201498572303144,0.0,-0.0047696380923821,0
33.80183985316313,3.049802687325145,1.3795857780204452,1.392577067034373,0.1583435064252825,2.1588807641655263,1.2929086820521642,14.080162599289071,6.635840145549398,0.0152949007978825,0
21.550506391638063,0.8705062066286002,0.4079273728698672,0.83426628489973,0.689619158658934,1.204243329181061,1.002114269126123,7.191773420085662,6.407309396123762,-0.006997241501028,0
25.980317779446267,1.0105651543995566,0.4324195888826689,0.4739425753240764,0.2387865862636892,2.269085517044622,1.019246133410127,10.254849314542067,6.4503756887925325,-0.0513080561681355,0
364.53501197191054,14.585880663781976,8.686886624639252,57.17618318189093,2.6800539404477544,25.80559248229393,11.954416978893304,759.5961477129832,0.0,0.0910000474080215,0
175.04593362987148,1.3303679793530043,0.5596229056132033,0.4255045680942101,0.0186724870569514,0.2885289677589128,0.3567230186766726,15.415530572209484,6.115170817542932,-0.0079881034479982,0
425.4586393712233,4.0095859695869365,1.3689429228437429,1.4560733324037445,0.0456631093741091,0.5897481417113835,0.8367684568919747,54.455431402338704,6.719261866975438,-0.026153236707641,0
10.932794518641222,0.7252104969476083,0.5565153230838258,0.3101153304937102,0.0848364346371963,0.4729250171942218,0.3788560480599623,5.024130532704423,6.698161234635835,0.0001954703265303,0
534.0032701265377,41.61325005253968,6.384967392022131,73.99794813924792,1.0789612971047025,8.875487229484099,7.813159112078383,109.20460192727576,8.391747098586531,0.0170874841656324,0
820.2178192447792,31.13551953134485,11.891195321398936,81.06804658576709,2.304709406562477,19.188096677351872,1.5940621581103782,49.7372611386871,8.130922521871707,0.0629088748448497,0
22.64029247918852,3.840743762153304,1.5432097436836292,8.586244738959543,0.6899465059044486,9.501493235871662,1.6430922405999373,11.37530190097728,7.479544208935453,-0.0048478136412557,0
83.1044752740556,3.8816699010686007,1.441502232126008,7.561755865289813,0.6143301810406574,5.4457400171041765,1.7639751549900011,16.912737806733354,7.967555995133191,-0.0246145367776763,0
47.893108028194895,1.7143403855167418,1.909276713128501,2.5612008979899983,1.2325988088459927,2.146385761086331,1.7321639703641385,5.880877433286233,7.2415371769170305,0.0969112203863477,0
29.765123741918245,2.6690040412784364,1.60087074324496,2.2830694461836862,1.3899460935330046,1.5111990320554989,1.504872363564652,21.838150805142607,5.581199605257673,0.0284499663094618,0
86.24563267262161,3.626564825914741,3.3538544601501274,1.0678282775105168,0.9464228122713232,1.0048658248569673,1.1176205054384007,11.801482212599089,6.2946347046502495,0.0670049483691923,0
427.16722159092905,3.968957928689116,2.3665953347728137,11.781711240594689,3.8125735825184366,4.880367903053621,1.994632579610759,379.09491061446505,9.452429435865788,-0.1792094564958961,0
125.04488042464556,8.30796009240532,10.608558304651847,18.81913802338259,2.8393049944765734,10.1592121579183,3.492855441897945,32.67575141549568,8.91448215396096,-0.0422545809876133,0
83.61363713191642,9.965276266289589,8.015782238075234,15.227811287605634,5.046680304618691,9.394375283130266,5.256900397011459,27.0961442123352,7.482647504632213,0.0316584820882606,0
23.09133275084845,3.2560819172202446,1.3017543984011903,4.448896962328639,1.293244075901912,5.821458567638162,1.2957212324288183,4.021510765767381,7.104415846565826,-0.0717220225781999,0
22.84830723339651,0.716364165755994,0.3887144134650289,1.7391444559221172,0.1139789151768211,0.8056144054508889,0.1618739267609875,12.06471475124182,6.87958265889292,0.0145016269572465,0
42.58233101108832,3.5911350714806183,1.4146647328513609,6.226085922481077,0.7407520723750338,3.867889525704472,1.2463136768139624,2.7437307834460807,7.784390612240067,-0.062724807105758,0
58.319778611858425,3.5936263227782312,1.9488430918731168,4.169448914242263,0.7551175622686179,1.4790845592055208,0.8294748860501509,3.585916482654341,7.268322573982147,0.0103288395267297,0
44.37312505934863,2.00401192172826,0.5350239251422723,2.7961860307296464,0.0417886194614012,0.9170840426987156,0.7459211541516444,5.491381316756115,5.559267660235275,-0.0107889745687707,0
50.967211499092905,6.3357935346977925,3.2686406539492245,12.897805702965512,0.8560378499923331,10.955337938442936,2.037736434481624,9.682198354297729,7.942199386636619,0.06461186989028,0
25.18751333542449,1.1288274662733078,0.5981775663057453,0.6066403827517131,0.0584384965032468,3.2518312065578083,1.1542524347096783,8.192208974619946,7.254821314236188,-0.0226360073783095,0
126.90173014640452,5.468592576055925,1.8513240552703152,4.031749668946572,0.1825489331183067,0.4048946352496184,0.2825361766288228,5.9895607681105565,7.799564230417151,0.03428278378953,0
258.6624501760336,11.423624123568622,3.315210511871577,12.793772410064935,0.8381884829744068,2.552312943802012,2.058140878031395,11.95500664405968,8.250231487251037,0.0177462975570372,0
48.009760413684845,2.062025904255828,0.9973277088056544,2.5336817995933467,0.6335409180319391,2.9444863314544936,2.598383256008746,22.903983891544165,7.391746104498407,-0.0979023103089409,0
214.84180682868305,4.37834294927813,2.6233442905736126,3.0878176176744168,1.0824679502319152,1.8000543136836789,0.6344211774912364,33.836496846235725,7.378861404073155,0.0443305121197735,0
24.594046722718325,1.1929576388160874,0.5394078095519125,1.0624640089504738,1.0748809162742932,3.8614071137879775,1.3290437754332811,9.79558250290308,8.063301741926043,0.0520662471993741,0
24.7682850897658,4.157296075414664,1.352791047539749,7.108730870825571,0.4105627739238072,1.2077839229949836,0.7158665596565745,15.204946105395,8.169123717625004,0.0307516005269373,0
39.09305871985725,4.021537550444118,4.597940470751136,5.521271355626534,1.959815779047541,6.586727953847464,1.2321133679478091,9.555253903772224,0.0,-0.0285974395900132,0
44.96869735121028,7.9488081534387645,4.4056039212544285,21.027774645248765,1.161476164593363,14.867117360602712,4.760152336106112,6.615944699630897,7.203406304676946,-0.0180668645153125,0
30.644888077485927,1.9658112162286785,3.119282432768634,0.6827815557746458,0.0839388880367988,2.043979063087729,0.9431376085468434,17.585175482621725,6.281665722886079,0.015180045112872,0
416.5896641947987,33.63077182119061,12.228642689492332,71.46311202309093,6.592668378380653,33.336701375114714,12.6513576414499,82.90281544029625,0.0,-0.0159777055325728,0
16.939903440964805,8.582042038421939,5.071858561106184,13.152335028195994,3.984190535784762,9.73543279004172,3.8392349013626377,7.95588316135995,7.928268768634883,-0.0245757822794866,0
421.3104285165349,25.55080883098638,10.616091493353984,94.15752897743492,2.0453870539186507,16.414887845198418,8.823847163572708,414.46404076634553,8.769497624364995,0.0164678310801034,0
489.1023842710213,34.943295783575955,11.10428437270589,87.59434474760376,4.616895419500144,582.2803694264054,8.831981729407188,470.4259045070612,8.60456562424312,-0.0176739557286553,0
44.65267596151597,1.017181555832002,1.0919866750011948,0.4611308134118338,0.0938649930108561,1.5873436337734763,1.3414100122573112,17.855551039417637,7.015009240430365,-0.0097806190384529,0
448.62728027688087,24.84056433346404,13.861879452668724,97.33612286092016,4.6445014862749865,5.687587301274116,4.155863418294931,265.4316660736285,8.957079268355486,-0.0884028829620363,0
12.877709420439308,3.5715689809705164,1.124391043831901,9.12795231077586,0.3917191781788803,5.449691092624289,1.2730147971086192,4.6184399137916365,8.086539841230802,0.0194018394437074,0
24.733062488089608,2.720643907739664,1.79743808978509,1.949691663388285,0.356760881922818,2.947430028353488,2.2393574440204533,6.668302228278559,7.711417560334855,-0.0295005405356433,0
62.63926588971093,2.1542081630145518,1.8407909517757624,2.3388928075232744,0.44010098715698,5.266390370502139,2.4021619409434,9.134098306519354,5.958671577123429,0.0184868092744758,0
66.31039106095912,2.8882076682768854,2.3579232949696647,1.4532055575360368,0.6084016156241656,5.91275503287983,3.2492889266219773,13.809691840312894,0.0,0.0193320489446264,0
6.943799092326137,4.040229836995724,1.3386647743129958,4.182656844292969,0.2162388963426845,0.8568781431211684,0.5956537842581894,3.191677561730681,7.795306051914978,-0.001443391803958,0
25.4060915251428,29.25199050416359,18.64368672661948,29.75124156677567,8.878211830986395,14.78870045858182,4.506298984515329,21.521970151316253,8.399190975552111,0.0530720652023027,0
1836.959688871326,81.45960242261371,23.69522266681182,257.90127464696883,8.885671306702601,721.1542632639399,25.66305920877038,1806.1623838145545,9.765051795757389,-0.1777322300398513,0
143.9107167108855,1.5976100947009462,1.1868354484616157,1.1958980629043665,0.4570005997175927,0.143164511575583,0.1333021857616171,7.528153594889956,6.475943124180947,5.132603558760224e-05,0
118.43041883819096,12.685638544104211,4.951296179289688,55.51449947452506,1.3027901060551623,8.488432643391242,6.625704038928732,343.9257175487014,8.061148822543457,-0.0043864068780604,0
89.92555104013123,5.593595302844681,7.662507991352037,55.658129027502994,2.483123045317225,28.37229266258505,3.4588686706402174,29.74300227132394,7.230872815538928,0.1185430131615443,0
563.0296885740255,38.66965538738994,7.671032726071553,120.9712825993202,5.750901716244958,11.245158416228742,4.984507804975841,529.0030155746556,9.617839349089673,-0.0899218818725465,0
633.1582808010883,18.270261695744598,13.1693655702307,63.29340895985596,4.368987335632291,16.15628970069082,11.350439693467289,404.0229350730492,8.526687602700571,-0.0435790948125889,0
17.797550265604148,2.0839032294253204,1.0532063372837488,1.4700862456377932,0.0672343850703886,0.6149618462122584,0.8188949899859996,53.3622041674188,0.0,-0.0113235140625575,0
28.477606117659747,2.3440098271241783,1.043766279903376,1.959545810635113,0.2365770909473387,0.9338805682441768,1.005197920824526,4.919108105031053,7.028602729379702,-0.0095644698054392,0
39.78756827528647,0.9975442355371466,0.3755518831692158,0.7816541089195187,0.0412572104698615,0.3534518255910921,0.4264768536774283,4.822726041257572,7.034904127220851,-0.0204236668331398,0
19.148342011620137,1.3960555253217,1.1222513433276038,1.4015503900687474,0.7788778598905022,1.456952147792375,2.4342423103585595,7.754966796039826,8.092958606037305,-0.0100497325937012,0
34.23237291208332,2.7368325819648955,1.0726338738683576,2.498135440235574,0.1264663219504133,1.6753821287516768,0.9406555474989372,6.803834222189551,7.3195394164592384,-0.0480793271968291,0
66.26966321720265,2.69152049902957,1.201154887108013,3.0710433977834666,0.0602402640540444,1.5500338669865372,1.4345298827367348,6.870190262717912,6.332768725541537,0.0233316840323832,0
32.10618795390887,1.133735040077671,0.3983846239251991,1.0377332140832305,0.7144052835224,0.9505162500204376,0.7746118925420838,5.805149367701231,7.005547545990362,0.0017323967464746,0
13.574601643834276,1.500641388977713,0.5104529844400081,3.913039877264003,0.1815724942855258,1.9830191929560808,0.1877073706614708,9.8985547844914,0.0,-0.002920732654988,0
18.603592452852556,1.4728790263094431,0.3441837134850689,1.5439348583241357,0.0421650376672873,0.3244914063130343,0.2532929921062916,9.813269443799491,0.0,-0.0089734682442525,0
469.96625819601167,31.34715344944765,11.81233653243192,1.6195065588187136,0.4346351083984927,5.453407276117496,11.517279281898595,55.396830975559816,7.575075239953798,-0.0879367560882437,0
16.402421826988487,9.107300247815507,5.332647470814932,3.3854618723885177,0.298654564999992,1.4609724885513375,1.3667863717051685,13.081128032649548,7.654328294425065,0.0075291745998185,0
29.430296593772283,7.328011075613217,5.882948363204702,14.8965344230128,2.1000587124240497,8.622718028015926,1.9187306560835409,12.623438981217186,9.023830270541527,-0.0801016694239568,0
86.97674641414598,4.230553838433144,1.2742128462734423,1.7935708458761024,0.1341118212373618,12.384484895308008,4.083820122791098,18.70562237082868,6.930069910603242,-0.0030263828211694,0
54.23803255704589,2.536712756668924,1.4277901563419224,5.181599227830652,0.4400507242979143,3.1778590176132644,0.6867304294910234,12.177863827064426,7.825037324634581,0.0116810663807601,0
24.511486579677378,2.8755366117174126,1.2498561250947895,4.533505146346414,0.1887536421455943,1.308449928927033,1.0536641684299244,5.1190524292924415,6.527431048200174,0.0792316068407023,0
577.2934981990518,44.05730486224703,21.60015041473536,30.971923926298853,3.68699290829745,32.48516373586478,8.080705012821191,363.57940593538734,0.0,0.1026643121718437,0
64.07002110272133,1.384882682449024,0.5487475896812668,1.3793845728598662,0.1764824435145261,0.4136062221216541,0.4648825835202953,5.836847125205344,7.679686930052013,0.0267187337322239,0
45.047779931117056,10.081569741712288,3.1720636976015064,12.428944192948428,0.2657597153794416,3.9202342363488714,2.374899139880718,10.36333694770079,7.543094997640238,0.0169920505976344,0
62.019842438156736,3.9171573182132886,1.3407015744516697,6.081315487051112,0.1800121286143005,3.943623451207989,2.0470296358676343,12.73898056385998,7.05087545293032,-0.0044197157655492,0
80.35737689064833,9.229464816504551,3.001713385944892,14.016212235156855,1.4517765048433429,9.824238260113765,4.136130637356263,17.78432036189734,7.904182891331624,0.088688981849053,0
57.67505549325322,7.214974762916602,2.288985993136538,14.687386109051838,0.5558426807783317,7.605879136171497,1.661491842750501,19.59978831334005,5.1334893160894834,0.0209007163772599,0
19.09687039798668,2.4446515993629614,1.054693575660784,2.8016586706431514,0.7428625236032824,5.311505292166877,5.755995926268145,7.701913172125129,6.164006448515656,-0.0319591880306809,0
27.138833852158346,1.9574051228239475,0.8179357705089174,2.494570533820481,0.1312719331083283,1.4788078984232345,0.8712782493041583,4.839641534140236,5.344707140226709,0.0281032729397252,0
771.8549172689603,22.827654080652326,16.22353231583651,52.41482146143765,1.6032537211264457,4.6165928608208295,4.089917575186775,726.3154261174379,0.0,-0.0329277176746006,0
55.0046268757084,4.410169371258061,1.74558844316715,11.421564531086236,0.6630635293432702,6.860522182780148,1.7996300229438524,12.813575598125016,7.2912421877807665,0.0053597275359958,0
66.95789707854979,2.7037769803906238,1.2030501317983842,5.644629587610747,0.4636534043582945,3.960384797749685,1.44493460166293,12.98859357007087,0.0,0.0240936198307909,0
23.64586457148672,2.8964252264666017,1.445110096479859,5.153301355891314,1.7999749492397006,2.283033641818069,1.031054494646237,4.924360475252955,7.940119737973871,0.0280171491478922,0
42.74298972910806,2.4260238490759534,1.0932646189352606,5.5312221228449365,0.8173221054710874,4.518108838246151,1.3039543600729422,7.683093795266742,7.1860137696996125,-0.02533657278647,0
236.9239347125336,3.279406790943008,1.468276446554467,4.42612280052392,0.6384081641994832,3.0093025557818724,0.8990273901148272,26.53556473401653,7.967936485243634,0.004021852216722,0
32.16847130394616,1.4446898997037965,1.3150792066390282,0.6988198832363124,0.1274754739000661,2.161517352180659,1.4994001826867815,13.390805819638144,0.0,0.0066627145579746,0
47.27919843603336,3.5316396090022173,2.261303756640312,1.941440726939584,0.1506788458047611,0.7360751690234687,1.2953066958330817,6.178408479352715,6.082830065546645,0.0003674820107441,0
32.948013668415186,1.6979870700916877,1.3095562593821028,0.511049922156391,0.2400968752577481,4.222063017727262,3.590167157673174,7.809932139779941,0.0,-0.0383258812063239,0
68.50159775514888,2.8547554353287388,1.2492580138029956,3.665382488533037,0.7740167696764573,1.4545891454945277,1.4407241034135854,39.1169918723564,7.629889966546659,0.0934945748612934,0
14.74624367577565,1.1702695604374262,0.688230642747694,1.8009339273282938,0.1323947711527797,1.2057615802720412,0.7244216761967732,8.499891081183755,0.0,-0.031293166998235,0
474.8397611859358,18.13274315143835,17.13802469771537,15.638218891158306,9.532571418085595,17.635301069530648,21.31525607234488,26.699187049429728,8.992564336930023,-0.0641487177489356,0
104.1654722992353,1.967919581009584,1.2940597640144411,0.6077695096429195,0.2410535915954492,2.5652635322246704,1.4089848820763802,15.606112883248308,6.785726947279295,-0.0241847633291223,0
20.63321510178206,3.491163759970412,1.4730658118728146,4.491212011728488,0.1204946215996538,0.7638482004570538,0.9783086354732328,6.234887468519752,0.0,0.0102946129807045,0
51.43462084600878,1.636711965141492,0.6741737066247739,6.3801598331747655,0.4397350825243855,2.47483753352956,0.6618783913224956,9.671416022500097,8.40570657515667,-0.0320809126259102,0
45.74244371099324,4.85271299479293,1.3789815079652428,7.787103710025168,0.2902271066918085,2.142900415868334,1.8878197972207689,16.164932522689828,7.100995276460308,0.0192518138979087,0
8.763878049666864,0.7177250333995142,0.6233666720848711,1.3381726372316507,0.1324265303561161,0.7320517489592817,0.1783342062766117,2.828542908880725,7.462165967454933,0.0067923698099301,0
45.39383772660855,1.6761541611051782,0.664228201223921,0.5697421797888168,0.0689512220657478,2.584532194916617,1.936502201900376,6.2792721649633405,6.467365841879194,0.0180395118686238,0
30.828693170435205,1.1610528506552709,0.4460741700727392,3.6794660137622976,0.1995614260030978,2.2978811266288264,0.1924559173061143,11.012070350603352,0.0,0.0200308797112639,0
74.12626302511696,6.655990250232984,3.847221930694302,10.222835228181012,1.551685558086588,19.253421519688672,9.540515242461504,8.166776411675775,7.847903906370615,0.0416252812845629,0
37.50856201294639,4.04402826670861,3.2906478448128835,7.5935274566613185,1.3790373516626455,4.146712963243571,1.563255125785968,6.237072449864503,0.0,0.1193893840752142,0
51.75223796341822,5.519524909435861,1.635959669934034,6.252120767908759,0.3782283831561766,2.2461168587946445,3.0331194267639017,5.078678422010938,7.473559620076778,-0.0005529585277502,0
93.83797456367084,2.018972327890709,1.2108551294181895,5.313041941631452,0.4465080588394522,2.308994415759659,0.8615388749290092,93.48701697273356,7.827838721452712,-0.0045055969859329,0
30.48934523480337,3.367052592562592,1.0761499321232697,5.628855262507869,0.1154901640089246,1.7770263751029365,0.7090431426719563,18.76160326570612,7.36784782259897,-0.0163921695977183,0
43.52363578946864,5.989023612747053,1.9880961960836392,7.237331759742807,0.3849408689253925,6.231318139326046,3.138442053046425,33.574510883385294,0.0,-0.0071677258779138,0
20.532116468816884,5.306138857292347,2.1459327916534963,3.305918739777906,0.1934484993262966,2.4819726980071684,1.5894957111438262,13.52472221774646,0.0,-0.0210635508476908,0
15.863915361928727,2.596096819860134,0.8291094114836696,2.3796889640493983,0.1774901376129089,1.8971027191103569,2.113607830549224,3.829061526901338,7.168725271573058,0.0100686153289018,0
7.142556943564182,0.9184560557536402,0.655097321022697,0.8375428289572171,0.5272053100881111,1.6925655330856315,1.5161693174766906,5.005636160637875,7.643554292831812,-0.0084343455737373,0
123.51000806208442,13.78848342884734,4.5937620604266325,18.569188617393312,0.5569594054193582,6.601711401242047,3.194334786381971,37.12479418128325,7.178850414109284,-0.0161213166195578,0
76.81521943560561,7.424350051061496,2.7900567259821827,11.466455998507818,0.2309277461398493,6.8937779020237455,3.4319119197647425,63.56181941803272,6.237648792651753,-0.0901365603717658,0
13.864191733738716,1.0457570765924629,0.4552259512055536,1.1493708398149227,0.2778975386955925,2.9030349018747947,1.7592939481179828,2.9559080184201334,0.0,-0.0080653969967448,0
19.88620803212504,0.8476757329978492,0.5604205067806283,1.1491227657047716,0.4982666926736651,1.2028114590575054,0.7439501415505788,3.1974532848277613,6.538146905775036,0.0198104332894403,0
16.318124393024036,7.193075015706162,6.136892270548253,7.311517596526067,1.042838354431861,2.9633952745030565,3.3371157193098733,8.690485719987269,7.837560246636232,0.0071026765816645,0
164.72950891508145,3.8311445410842486,2.870469239884532,3.2523233218716268,3.31735903359405,0.7870144382970831,0.9622825608797452,40.56986507496942,8.173284891443162,0.0941254811751092,0
47.27020215304866,2.4875272531840684,1.9349302002631408,2.9307769827788466,4.930408974279151,3.6819974884950826,1.315983635262599,18.48523286847589,7.827048856366099,0.02499254202533,0
30.697949030489728,4.7453864515523625,1.7034576700083954,4.9134188183530405,0.1605709254402068,5.216123549817687,4.945324016886818,4.65268896929422,6.447296276702281,0.0011109731556565,0
169.97750663905632,3.913952552437373,0.7973327643614376,12.143262793930909,0.498486206017096,2.6461980862016805,0.9328433160316494,11.219868189872711,0.0,0.002972590982862,0
84.07407206260801,4.757585139651792,1.634595780229251,7.945127781719776,0.5329865815957578,12.313266725241268,3.0240022599560774,41.1043206755066,7.654356469677589,0.0010147255816744,0
25.86388468553834,6.329005854922503,1.6887316256706624,9.131682500288456,0.2215136540182335,3.8483969162846754,2.6382039333304608,15.391096562699412,4.8705406490844005,-0.0006616160453439,0
84.63714044179866,2.302913773403154,1.5552411064356468,2.5699438511848034,0.143724154205872,1.3907638836005598,1.1067818087029309,9.477120503345656,7.316410737014394,0.0152659920047968,0
104.87197466258787,9.725379219346244,2.3237070315020545,17.330233771712134,0.2498984756882326,6.927545369547848,3.462742043251064,29.363079363965525,6.856225458493978,0.0410062939406939,0
126.22153980787672,2.4650044814171146,1.406322163056042,5.933988497210982,0.5236236001259846,5.773311480349162,1.2259670209501254,6.463634766934332,0.0,0.0014039171905801,0
38.12633353489047,6.12842646319428,2.82816051215355,5.652750869360484,0.3220022706562065,3.613476170312748,5.509446370328284,8.061004424751248,0.0,-0.00984591363997,0
145.97135890457594,2.5122992863543763,0.8433170588277409,9.049801823819228,3.43565238515438,5.588591825645693,0.8118812194119371,139.6867251634138,7.652745071692014,-0.0005759803803689,0
47.52235706259032,1.6703116447356834,1.042769957613541,5.948290059310425,5.7676814788201725,2.826236203792239,1.268618939840248,8.301900030606392,8.100155839398683,0.0532213231175997,0
150.1642889403081,1.7172808621111393,0.8383485998353271,8.658647547865534,0.4836150110864218,2.102533557627853,0.5305406810612258,166.3305899384771,6.9938404122990825,-0.0021430811732687,0
15.632870401136175,3.4109017582816183,1.0196592533750632,3.766142769758132,0.8522817722578746,5.723309129044582,1.0330668720731666,5.274692922759139,8.442988983031736,-0.0088022294009403,0
203.67457596265572,5.7068226467726895,2.4419304157651127,10.476293858320924,1.424412965382886,13.869956172920412,2.828275607129493,1702.5578026192472,8.225533622542054,-0.0154686827673484,0
26.74850769926237,1.2464534896485997,0.691188942624799,0.4925378910535549,0.0877116682668119,2.550615772792767,1.1482942677995542,4.715984455527599,6.611624754197448,-0.0297134406612721,0
140.33068720727815,2.1980693085354464,1.0059428330721587,0.4461542108269816,0.7735293587906197,181.5040685440352,1.260559049378487,9.522785465227225,0.0,-0.0181056668019553,0
38.90880486808558,6.888949050882107,2.360327163647694,13.043483205329409,4.408166595879091,7.680741432240768,1.9453960480686807,12.783959838804314,6.394559043927701,0.0040687112867053,0
45.20614205495573,6.564328141202762,268.1049999572596,4.864355023370599,0.3248911175460769,20.491625304528164,9.67443030575048,34.09994265347338,4.813739840530039,0.0848550176167182,0
82.8235756093419,20.264456934568685,7.929261556933903,11.87253769678085,2.4582766016908217,21.77144015719197,8.523170927812256,54.10052678283032,9.215126407531075,-0.1360165661198333,0
367.381840210778,5.877796197384244,4.489147947940269,9.761837580004135,1.7891539963345116,5.965097447286806,1.4673988991417095,15.166161446647608,7.715650170915491,0.017867840286329,0
20.493398025514725,2.9956963859034027,1.3196075288640234,2.4701538842041897,0.1916648420388772,5.979288998068412,2.8116394147284485,10.658690424349745,6.377084805986513,0.0781037531929478,0
23.55003194510877,0.6628795887234205,0.3825547723822618,0.2137765350229613,0.041303260466529,0.5710255017127353,0.3193561506638049,8.781228184544162,5.181438201494951,0.0041699362331961,0
113.14172099994,2.299720181767736,0.8284758321656666,3.54936568508556,0.2079874957800355,0.3949077336636211,0.4461858507066186,7.33599628413653,6.6588126827628775,-0.061327803345781,0
12.701487794068834,1.1064062642387693,0.3923187909662482,1.7221318742335163,0.1956613150995386,2.8768593698166858,1.7568434271532618,11.83301247902994,7.012839922493143,0.0150968296657661,0
165.26461391600895,7.108027658270474,128.71182271160146,11.282844465636025,0.2128765559342828,3.633951758711951,0.9017286687631596,53.47703729533461,8.061674834612429,0.012194202073577,0
95.1262125839495,4.73178749833445,3.080766244547819,5.19637473254536,2.5732161114671888,4.2567766293384,1.848127240904316,11.786610056381749,7.847579914963758,-0.1083058974386836,0
27.76543255290659,1.3992699104791857,0.9135393200750552,0.4304843096680713,0.3047803781291933,1.6057726456039372,0.9075687377879224,7.986026039679593,5.565095973403583,-0.0108141812974087,0
36.14558389217598,2.7510542704206715,4.269687084656337,0.3045992855451902,0.1507388388328331,2.0277835130532584,1.2421712872787294,10.736060470637415,6.181596157772782,0.0051006434763904,0
811.7839792265122,45.096216309590986,13.222011830633903,114.50248540157754,3.326098648296949,31.931659010285763,10.989531471629135,772.1444092969141,9.488034172544536,0.1150312883339567,0
89.22792275135475,6.764404829753888,1.9014824712655165,11.979934821304305,0.7354688032236391,7.113648188736148,2.871184019429128,28.73411843038661,0.0,0.0087925087464512,0
41.06215474357849,1.0843813324700389,0.8460347286147815,0.4555343330332644,0.0323974200944142,0.8710749523591079,0.8986259132924933,2.5323804906196865,0.0,-0.0007319179094232,0
20.19031944140292,1.6110544914425702,2.9668667427119715,7.286480333098122,0.5826652199651411,1.5248963424083066,0.6890728327925473,4.350121712371725,7.243719512319116,0.0363824697187458,0
35.224274846426454,8.61383026372197,2.205099620806355,35.97741777414979,1.0680329505184138,13.5890425977049,1.844235848361066,13.424101210164643,8.51795008025058,0.0026380360543278,0
26.757481639700423,2.0492184324616733,1.199668729454099,2.6656466929858245,0.1723926166289992,0.4367390076417929,0.6008916752608505,6.542049715587304,8.02266475024817,0.0441684341381537,0
55.03538345731082,5.241934890268578,2.770366983848197,7.107583011116071,1.3194124443107258,7.117090163495887,2.6360521070403373,9.465494561363805,3.2898807654573314,-0.0766399477856256,0
29.530663487315955,2.874275466615911,1.6507904371622455,3.063242038300482,3.146448827437453,2.634168070953763,2.2352572015584653,16.02593806253005,7.204068222617482,-0.0172728989858779,0
320.38547791575024,12.039533078642506,6.725128167232733,61.15825777402485,2.5999407191269315,15.401868249947212,7.117767571114928,278.46248794695003,8.91352044288351,-0.0345092160715622,0
44.43917264615554,3.880145904895828,2.2493521907043976,2.803043409208722,0.3895772526445479,6.792036229271777,7.765721441334644,26.028749471139,6.962345793101237,-0.0013906760513156,0
56.3917718596381,2.327232084437192,1.0961992067575266,4.579003927687434,0.7870986908438928,3.5300116969659388,3.654742324646198,11.40360011594928,7.9774990762247375,-0.0526810078232275,0
68.31042389276611,2.3475450538410785,1.1807306853791393,0.997141667413052,0.1942403914704255,6.984243888119,3.0365022313383965,18.180806592319588,8.376332534216841,0.0126207989381089,0
15.417726424730263,2.9875220876115187,0.9913564884740884,3.931729686790916,0.0851351623718519,2.532353402435769,1.5670961430480226,17.254054483557574,7.846100763013737,-0.0136210601342598,0
49.84767596245655,7.59463530157737,1.9974272136308984,7.665094339853815,0.1292233996763583,4.013255005290423,1.0943762236689245,7.339770542524537,6.353658524491393,0.0069989560244364,0
24.299404591394016,3.9779015843216223,1.3662518939121515,4.660305306349781,0.0280210846326743,3.970497415222992,0.5278040383641917,4.754890349532549,7.186516498077427,-0.0249592805667557,0
79.33960724082405,4.953612961130434,6.984368186164165,121.89066872098594,2.6617195991545675,14.629158429343288,0.9822409473291086,92.87282132425786,9.48328364886286,0.0312609065638525,0
4.54856444304058,1.4990257838839471,0.7980335557305747,0.433077460876016,0.0588185395181961,1.9801913090350869,1.1046397200210492,5.556098756837999,6.587919779583844,0.0142978465512003,0
125.98719050571192,5.780971250504191,2.93380410171836,1489.1463364090023,5.662375134269532,0.4778485188154461,0.9459287057981816,23.21927128498889,9.286831304946087,0.0670581754341828,0
13.640391038807572,10.09488647775059,5.844886263085237,12.20808755870466,1.157156409729433,12.417782081175265,5.139685315524667,9.242766212211642,6.732475074780644,-0.0536677066171289,0
26.508297546113823,3.777411985374704,9.109495119270155,2.66250063042766,0.2135451796951458,0.9028255128759072,0.7496868078097737,12.27542855888857,6.473508042812142,-0.0415262265438114,0
42.00766426673653,5.267397868530011,1.6092329606941618,5.721146483678024,0.2931605912644076,1.2602644786438422,1.0010703427689542,30.100564765005277,7.4166875053980945,-0.0788961055064615,0
818.1996040931325,36.62539397037408,7.058571729262744,72.392169409509,4.244334018428243,23.47420512098759,8.122094208481384,31.539161720497013,9.452158115161316,-0.0709998738376484,0
24.107806056305414,12.098039178405688,4.127203385320079,2.8141903990714714,0.1806534983518192,10.092206335376884,3.430562965975844,16.24514504136186,7.216313712722154,2.294623697121445e-05,0
31.56597203216273,13.275788355853678,4.477156569253981,6.905143091458928,0.1883332714706709,15.49900675605478,5.504850204503591,13.073933711906724,7.999748063170829,-0.0467658504239488,0
109.06988823168317,2.21978867964044,0.5389886001771774,3.327936619589684,0.0641112295310339,0.6913631173353141,0.2630725608012384,16.668654006880786,6.916635578489203,-0.0057688605153329,0
754.302425371247,38.939183181636736,11.572165072101669,104.93971750546076,3.1999170359470783,32.81655256649594,12.920732095200608,744.591910517895,9.98399191703222,-0.0437058903932954,0
60.565290341282775,5.856978746160863,1.5570665905828305,6.737896981620335,1.009925205084517,4.47901315020863,3.938231444268324,7.734156758229142,6.485512860122486,0.0234512045951402,0
65.49384356677075,1.3322452046551851,0.6073795588181088,1.310249429411556,0.2166592257153096,1.2660240161203906,1.4270635911231169,8.579040078652914,6.8197354597788,-0.0330498160859282,0
48.583122236181154,1.6270178354590863,0.9904410609022456,0.8854910949706722,0.1794485581335074,2.7639409173998364,1.3484388115437211,16.077665347904368,5.9105793491913845,-0.075946441210674,0
95.95741048512664,1.6468850999503342,1.4408248320613477,1.0173645328367635,0.0398942496757162,1.7723235722256656,0.9992077731379176,12.261255358944949,6.320681683233612,0.009732615238403,0
155.6396897702778,1.8872638107584832,0.8227531265671052,1.854264918379125,7.535521916698711,1.1327041250662249,0.2749558599952004,4.686434034722389,6.894226714881997,-0.0068594674045263,0
240.22094559129425,3.1464977889580696,1.8380174432809488,4.982921338963349,0.8932419290112377,5.105255661387745,1.117045970827517,3.4578110651205023,8.628763672089425,0.0313903599845244,0
1134.7356025134488,7.766346879983272,3.8175426379507376,7.909721520836474,1.1959831843204698,6.985035316521406,1.7458643416104758,33.03946821392065,8.099370395607282,-0.1371781735936119,0
6.7944718382795495,8.155091056991196,2.45081806520852,15.13329051951654,0.9252174190160812,9.899491250495194,2.535062335470424,4.309498331401384,0.0,-0.0033773773876262,0
68.82704829169676,10.208801104578804,2.8360549987297845,17.085720892115074,0.412585996892932,2.785061731298052,2.3574336982643773,34.17355489470438,6.594410239771862,0.0074462377954085,0
57.28593723969392,6.0065887691595545,1.8660639847411848,4.954631773264468,0.1275828049101708,7.863009352742695,2.515499665234532,87.27877257168379,0.0,-4.26215127808754e-05,0
26.128357667966927,2.8532023005955827,1.742084274019141,3.592777187045148,1.1109160574644965,5.6930688016902415,2.391139634567223,4.341241999976456,6.727599539687858,-0.0122720941930009,0
36.34282121533668,1.8265505884268696,1.0171841543393894,1.661861218425997,0.6457842038416589,1.2121503178238058,0.940967354331098,6.498668148821492,0.0,0.0057657272739264,0
908.2038971468388,24.29093083972701,11.13525014194208,2.2718989190104,1.6576165576247617,3.8451612356665184,10.845681767678403,153.69891121165344,7.684512411236758,0.0256536780070552,0
23.949740561235195,2.876330567820237,1.2296895115478013,1.7309028876739514,0.3052759353809245,6.184268455830197,3.962153933874124,9.868307005764978,6.911073843908872,0.0035644555859787,0
235.74362550486055,4.909665892580932,2.0659517116748107,3.6625889448552393,0.601106868501436,9.501897944705345,3.3001289439772505,70.17607737340371,7.757329485193938,-0.055955029197219,0
47.08438551543722,2.729472160920424,0.7999310541696293,4.775707079358197,0.2606982875246499,0.904914410473183,0.4526126726568063,20.56384933843764,7.319623086369853,0.0003943489886035,0
32.8444614312162,4.989132368891268,1.6648949592841344,3.9671239041980257,1.1034219240804708,2.8474507518625405,2.0146424936390503,23.54184086262803,0.0,0.0062600787578736,0
23.869529568570627,0.920249120564442,0.3368537158122987,2.4287241430183366,0.1171171973426921,1.6914097556975525,0.2313170437589802,10.18355314687918,6.7334125149629696,0.0126338338222032,0
1481.4639620644448,39.86907609369003,13.413577795799398,133.9499582175976,4.214311995604663,41.84566682410954,14.538875570191104,1465.5106057556425,9.320145961228846,0.0178629571283896,0
477.144782546429,22.014786855603976,3.5248984719175964,16.058642898425045,1.11398559157856,27.72347944601772,12.893521944925864,371.6607827826994,9.319067726348267,0.0099571319539956,0
552.8008069562413,13.958392793544247,6.6201604161514815,26.858392179313828,5.322832272673127,47.072169490037325,5.42093261220899,486.93497957093,8.0033635082765,0.0201637304931658,0
816.8506658961411,46.30571247361304,13.65145102099663,23.08929188511525,2.3184422220784158,33.707119322209024,5.168025959137251,43.84339133911151,0.0,-0.0095987383473293,0
115.5385730067587,8.290921253861617,1.7092729331555827,22.870781004134823,0.4276874624657753,10.14239887119972,1.8566760897871453,17.73758213366435,6.176641676069017,0.0048685847237866,0
18.86710817600532,1.701511095190611,0.9907294038857706,0.9873206620257742,0.1766484282688917,8.055769526993991,2.839296689928484,20.99492044655744,6.438290598015668,0.0102983148315893,0
39.260678042253815,3.0270675809633425,1.870707086658128,1.413537175733741,0.4840897115652619,3.795474416732664,2.653269804283757,13.10423297917469,0.0,0.0664278849136489,0
7.0330665064382085,2.5930288067275304,1.5162662097752049,0.8463310207482819,0.2683027567102992,2.32784527872515,2.7523695097433234,3.2534441489984127,6.816004513627223,0.0014580001118542,0
68.75069957134059,11.316967172464436,3.671607159270004,21.00977573921621,1.269370028978217,20.30753495960337,6.685185194577983,26.445187151904488,3.889467492376866,0.00531156860102,0
83.09969893681914,3.433475616692496,3.04393711734695,5.1496922322077925,4.838639832713435,3.6064870721501214,2.315489954731915,8.7420890672343,8.132699538557079,0.0156361470078482,0
20.022403780223925,0.4343835244078674,0.4794102095792402,0.8744460037588443,1.273929641645782,1.5623534351122903,1.0811177354258763,18.126945930209597,7.565600911209817,0.0298001018344012,0
110.27306369842869,3.36813746138815,2.271577950900568,48.29800418277762,1.0851387034062832,13.988899422641744,1.2464275107257408,70.26071211797888,8.281054576628625,-0.0332258697861392,0
19.22435286690261,3.811078307597029,1.207390358538927,8.978105535269123,0.477234672252754,4.192922266497927,0.7243149284741003,7.551200433919387,7.607958613341812,-0.0148242799052536,0
42.207591399346406,3.3008975480363105,2.018449894269221,1315.1668372400784,3.4115473243564503,5.696097097432926,3.713403555678882,46.44139662513015,8.62396247072077,-0.0234950732994669,0
40.47458955351655,0.9455855431334964,0.9904314948867332,0.6449326184975153,1.671611226337309,0.2539856978521847,0.2562172670218262,7.467917155812103,4.566488112214455,-0.0281644436547384,0
1052.3404969396363,32.77793071136228,0.8400816579835326,24.15201477040756,3.0223249836533768,31.952009563741065,0.4156911896174166,49.02748040267896,9.5664885834527,-0.0311913663843947,0
20.99077935092705,2.57790974686605,2.137316124292452,1.4231713678542917,0.754314136708504,4.94457557899108,2.5999671701054505,24.965958046768627,0.0,0.0450374913929832,0
70.26169492622331,3.6283272328977816,1.5695203002079072,7.027538088882264,1.1605902253751077,4.092145268526768,2.931707128523314,14.88677433793893,7.640242402939386,0.0761775175008912,0
105.5705160647057,3.6939611965968906,1.4423576680789114,4.136036997415299,1.7641745930562842,3.4860845807661835,0.4256443702331613,62.570387798892575,8.382791899473608,0.1177157571565456,0
455.5871745279212,8.973360880351555,2.941450560412387,8.173908622661736,0.7279605970899571,3.6966845317521786,1.641972848590442,51.58101556684486,8.786003278420269,-0.0602474783492407,0
176.62710306207944,2.795178628004235,1.1069688370605402,2.98706566153333,0.7939335291474579,0.4139475292544045,0.5094963824488498,13.406131023405669,6.6049805691897365,-0.0120338631319571,0
765.5373742089063,31.11073088463016,10.42859673767084,20.76632583744475,0.3086471493940614,62.27767805049565,4.8565556560194665,7.818846424405263,8.133778358706893,-0.0066151509258108,0
16.563679929421774,13.0127676983875,4.506498981930744,20.668269481758543,0.5991725709730511,8.083468818938616,3.1422567108383035,12.111298015378122,9.457252496797,-0.0376950594410327,0
126.41685487641966,7.417140593477497,1.8375417753177816,12.217622529998364,0.165667178154251,5.448699017532563,1.82755820903164,16.08372508204575,6.890068599963704,0.0318003438245065,0
36.72929414286251,0.6477773425519272,0.691723117773754,0.9921408605257552,0.1114469280166404,1.1185493175365344,0.5161688692831906,6.80488035689072,7.2209814329219375,-0.0249821241825234,0
21.306713140826208,2.3049639871913365,2.5932751514532515,0.9402761514357568,0.465278268921757,2.6427343283226894,1.8319109046539184,8.699289363322912,6.788002069650622,-0.0293676581462931,0
16.874231184345657,1.562449520895575,0.6829641057784449,3.1521355933869555,0.5592638876054796,1.7078679348380574,0.3630682275319633,7.270089530210452,0.0,0.0201913505321337,0
7.904401671360628,0.3781316333333701,0.1818063234000782,0.3256954015429205,0.184003496324092,1.0987162958932315,0.4583246085283716,6.1990416778229465,5.9105790560527405,-0.008067942178011,0
15.62843818270338,2.318709128579302,1.3191815324790572,1.3214725888252123,0.1597755112004876,6.846634729224763,2.121839075420179,10.074489201703187,0.0,-0.0190883404112283,0
353.3979054130151,8.186104371277919,4.7145928257509455,2.428268027395713,0.4442087932031505,0.7465190361641866,0.7565577688633806,24.49492438305077,8.302709994504793,0.0279575522801764,0
517.0291384871031,4.923626574088732,1.6014031330064535,1.7732355584692725,0.5277449380238417,0.2732225368030332,0.6074607502669767,35.31067919204936,5.7614010614212825,-0.0351323167155699,0
30.757262913948125,2.557726781440631,1.1154196788402115,1.7761176778838266,0.585348754440326,5.1375300033367335,2.8884973819870567,23.601180045077854,8.618421910426807,0.019396748939608,0
619.7515147778462,11.482973005208905,22.026880354845467,19.52188971453145,4.505696841728558,1017.3450412969324,39.36924653571345,293.76773818671865,0.0,0.0147191167947118,0
21.00571984227695,2.6645953633664643,1.4304924126876368,3.6064146259474863,0.5348603280276848,2.9405387494370183,0.7235223771538161,5.000706841364376,7.453222762412628,0.0063377636490722,0
16.77908269378765,7.264786498088014,3.5451276039296125,8.367782634938768,0.0805910784684633,1.9631534208109973,0.4060373835794597,3.3721337078584024,6.719637216143267,-0.0318348604410899,0
701.6369400225694,25.157488195454444,6.600218398218996,5.608508940351862,0.1273825590514209,23.266229446477524,7.075105240534907,528.1525552429313,6.736579098652832,-0.0061192251371521,0
727.7493978364366,28.35118020605521,8.654375879105965,44.54413816238706,1.1708198581399425,26.920214730272583,9.001236240004669,456.2701650246688,9.077252931481617,0.0645286548830935,0
62490.28192887505,4676.108495736969,32.31216860026719,139.78464610841618,4.230162629812281,28.39578341308584,17.191244446505547,641.6033444517745,9.240169623288631,-0.1056883387952591,0
635.9780834034418,48.07293458897482,12.962659760842609,110.67108873233,5.4699556446717965,32.50375364765522,13.278531036634329,8680.951851408261,10.28217345515684,-0.0389815628154684,0
34.73522146160743,22.18945759991047,5.475743419794681,27.78068903039884,0.7346492052697198,9.051790097226,5.534019543032419,5.532564631068674,5.739548449596237,0.0603564729785969,0
76.47545994715495,1.9717713909482069,1.1096130405240932,3.1932145957655886,0.3369559528324931,0.3114760341209168,0.3336587357121923,8.130078305594397,7.184498737715146,0.0143454329059827,0
50.44525465996071,15.259988769982414,3.85554489126657,54.398197544115774,1.3132805548055626,18.72883048325509,3.6022037724288505,18.996757603976462,0.0,0.0444020128738988,0
6.519384922070183,0.7293077346992759,0.2489273102059449,0.6053023994941724,115.01349344250464,0.7395827211067569,0.3184508954625865,9.165922040684332,0.0,0.0040455038598563,0
29.599780338491048,3.775965888453233,1.6722936475072203,3.7748336459845233,2.109640296339659,9.388539485340267,7.78226630516933,12.2246840046856,6.027988735081317,-0.0036656772274408,0
63.08870511735868,8.064883327810247,2.6569361833685257,19.395540219893245,1.2670393724826108,11.218455200715184,4.417258984942947,35.208002047467474,7.68821201195155,-0.0420024093654956,0
145.406040982603,2.5946346056946985,3.7622821898806738,2.42723914382146,0.0658175929734756,1.0928350820454202,0.5683478543621152,3.8388644235237774,6.91965351389613,-0.0281942473440471,0
8.2816969986433,1.353736011535538,1.748897985670376,0.7577856517424503,0.4997544083557358,3.3710564900006714,1.9157907568972248,6.994472813334068,7.543282673329578,-0.0876727668958991,0
64.68510709490562,4.764474478116127,1.6937281386211616,433.52759556652944,0.3371559352260885,2.412441008326524,1.0286687500378813,7.306725294622898,6.2842487725435054,0.0199675665383584,0
75.86696069564367,5.945804367464559,2.6954996647894083,9.079833059538194,1.0211285567321389,5.068474123887524,1.7913627576645832,8.498391384507915,6.842737478346697,-0.0012309530842503,0
161.5062573639405,2.728817131413748,181.3447714464771,4.704098116422776,3.0381191797938345,1.0381843887930593,1.5797893566398118,17.679007662216872,7.193410396274949,0.0153447017095648,0
39.8073137294181,0.6379717548454629,0.3424378883877542,0.4799401322241816,0.069371699956412,0.4289086005161517,0.3319894579453177,5.835313929989519,0.0,-0.0050029372021762,0
10.14535407141224,1.202012518174847,1.2901408553929403,0.9025350226145438,0.1428713455855951,4.148413179984131,3.1223569191829688,6.438053072992817,7.733819890976764,-0.0006584094615023,0
47.575053153087474,5.128816539417885,2.658370072565187,9.429261205966087,0.8729838863536907,7.253288961972767,1.710221117505126,13.00730058733478,8.802274799568929,0.0694525941502899,0
170.51200225957027,4.527504824985072,1.7115627787308103,10.072003712842712,1.9402826225558856,4.1649621345198575,1.2325255936434232,5630.741618781497,7.947146756715043,0.0850630073115947,0
557.8672454497733,30.16966923412625,16.25861061426512,105.61832478936024,2.3929133911956404,3.525069723262229,1.3476593342156606,551.0704676868609,9.17508250818642,0.0561104093590419,0
549.6628741258725,46.60301468530756,10.223685046416264,75.26685803658064,0.933059065284084,1.5799545877993368,0.8449224647294816,399.12705078370885,8.323624279524976,0.0216517157110109,0
36.53178437157437,2.7588381878430948,1.9569524120931625,1.4326229384024352,0.2504089729790364,5.313803488792212,2.4540079743525336,9.555301432717473,6.395289549621907,-0.0641506658513389,0
24.04550162953821,2.6043800351646382,1.0524795901041308,2.593184673885083,0.0839523359314466,2.700221045570123,1.417620084980868,8.26351917928885,6.583163608173213,0.0161679803203258,0
74.2197398782168,7.408497607794168,3.1833125067411867,20.906311915312003,0.6504356910211666,6.703558294878992,1.0577003257507644,22.63370479879296,8.114148445115825,-0.0097692047570265,0
19.8194238208716,1.8449668460767163,0.665524550535526,1.0952719844566663,0.032560147017014,1.4135566119089211,0.7294054830210981,23.39282602108388,0.0,0.0215873417486512,0
71.71374925374552,4.170960610378135,3.979349394673639,1.7056870268389268,0.0613969659713847,1.7033890830390923,1.2369828657906112,14.588188630187476,6.564673502340003,0.0079359223221983,0
33.33057088822043,2.7371290485995883,2.5411306496271098,0.928522775068316,0.1436920895860211,1.9466798037420672,1.2367331127724392,17.20676459987444,7.930899756168504,-0.0138523142085827,0
638.9759930443745,34.05045168263281,3.1508675839205416,111.56080504588238,4.690403923262697,7.134046090127647,11.278020975696313,597.3112209824347,10.059688831521104,0.067662857681503,0
80.80602368323947,6.244181187476644,2.2349085247136364,9.214459487071988,0.3936899483372301,2.721657164102216,1.97494641583362,11.746346441938426,8.072691183018726,-0.0326824725066348,0
89.18756826493545,20.86109752165025,8.916414670647939,9.575587920688005,22.07308061816317,11.953978113147182,5.28065429723714,31.06975594975443,0.0,-0.0168836285117431,0
75.87486881310932,3.189599602931944,1.0484937510797503,2.500758486508848,0.0407905858879401,2.128191746155041,0.9620644795455336,6.667384437719357,6.472339791897348,-0.004186007789556,0
50.2749547661576,4.208995876553384,1.119079214417437,11.551258831606944,0.9139272384281673,4.110426258164967,0.507573944642273,11.831286808773386,6.152220377873782,-0.045178135432008,0
39.60933416559215,1.9724639862548328,1.4405609299887947,1.3225068361740204,0.1866085331593481,0.4114609631178877,0.5506387022334365,5.431280626196751,6.994574658404463,0.0591941185360206,0
29.780373904049643,4.724492906685764,2.0312314909193496,5.922176002009148,0.4913123476259272,6.409197779447662,0.8648709941281801,7.136410306282913,7.506825185767339,0.0075079656878806,0
25.06138686649796,4.806324550520281,2.6508155376188385,1.4276089378550554,0.4732592197057162,5.1399361104357055,2.6940810089599783,19.64479603387305,7.40137714880573,0.0354056151630451,0
832.3116320829957,49.1397273373119,10.973718533332038,58.53720310968318,0.5735863262802048,19.004240528536588,6.884422943510875,763.8287053385831,7.939599885579597,-0.0199162065064009,0
20.065715139588352,1.3179584709824104,1.2386457140765994,0.5071038130453683,0.1896189520711725,1.2297813589360127,1.153336195308345,7.6148487882029725,0.0,0.0069123347688552,0
26.101701495012573,5.9822513701746445,1.0373398222524013,33.76246037930555,0.5391247972326234,4.352638498014277,0.8915661754553442,2.102134530067314,6.808002532009853,-0.0261771735142709,0
35.89481558767283,6.661796348970396,8.510210293356453,9.17209249205966,3.6095886684428296,7.054898157798114,4.407105064640416,8.759090030743167,8.120986078180445,-0.0368083008318417,0
137.78270222959142,3.737717011914732,2.3843816078146403,6.555512538937196,1.0529122016244072,3.6967608430311354,1.5135150510158375,6.718141034641457,8.173239757873693,0.0636601540159859,0
165.5634634925155,3.8721456288021456,1.262324627090203,5.958570920990941,0.7877672591411491,2.1746736193040395,1.0000954915029951,12.07858914845453,0.0,0.0053898190349585,0
203.05789379183744,7.327307430609231,8.585506217873368,12.541466905454929,4.661725412271023,3.903849135158578,3.5644215918294537,11.14061290226176,0.0,0.1978016880262436,0
162.9333348225187,4.6638974550052525,2.911151547783151,5.409736885601644,1.2762227608846468,4.060778388872723,1.501783720796093,13.200303354475592,7.649649272518298,0.0232521559931147,0
103.6919975043892,1.5883710994079978,0.9329809514398674,0.6132563857071318,0.1732419653536126,5.651670104647469,2.6806842702181712,16.766102503036823,7.443704891140523,0.0146640808994264,0
760.3437446925907,40.2446528501689,2.1284627511710075,79.08697346892117,0.2905778850247712,8.285707185904041,9.38920752431596,37.600436065594025,0.0,-0.0637679408486828,0
19.967630561218925,1.7973503554210744,0.959853730118376,0.9143979323731882,0.0865732361526359,4.970554507725129,1.4703825009455675,7.609534110913256,6.563813783245199,-0.0097580663324862,0
61.051683851218655,3.236273997048696,1.5258102748143598,3.5802070939684887,0.6048788618556739,19.2578311397994,5.5485423977812935,26.96751800981592,0.0,-0.0247571134997367,0
46.91837906490317,2.423172885813171,1.6836059048007537,1.8889886363346475,191.1009449087977,0.7000894586010461,0.9712775143656353,6.483655935241708,0.0,0.002084913255725,0
93.74068692153652,2.5944006650452414,2.589324061486775,1.039660491666923,0.5657300228086064,0.8607398339747802,0.8829702657149663,9.026505801902076,6.790287242962083,0.0469836001145933,0
37.57674704071575,2.951269158283845,1.2426838664567763,3.7711238542255674,0.2175688046738333,0.757618299690619,0.5577290556702996,3.7122754323000406,6.6741492760608905,-0.0122778601966672,0
501.9760369262741,36.36112236340047,14.17049564884172,87.24462197049324,4.997392595761604,33.56762205040545,13.329504141332992,435.7226634381929,8.674493020372442,-0.0311246507159377,0
455.0145817724907,18.171109849043887,10.119163571713298,56.46872547396282,0.999879409945552,20.02238834280086,10.907841678851662,417.6193499052295,8.769328376462486,0.0342081158694011,0
23.41388252728555,2.247488395214251,0.7128673454359903,2.8311607458701267,0.2473140290521376,1.92325065423496,1.2379166596742304,18.71936622189257,0.0,0.0034353057292344,0
24.78825863864875,2.473393275411893,0.9291422797799598,1.2727179735806036,0.0734932347633231,4.2992802513031725,1.7527727375143451,7.487402836605822,7.041824908006571,-0.0226798153787149,0
42.2113999641954,2.0604080720396043,0.895658986879015,1.0339472449741205,0.1204242772685715,3.7961136090395806,1.7702818167750956,9.897885501325003,0.0,-0.0216842205437187,0
3.0359737262486037,2.8941520316256657,0.9886365555422474,7.92842466754713,0.2958445240875216,4.240174620585588,0.3506224350878138,2.7407451593543453,0.0,0.0319707680446829,0
4.436906616586237,0.8290538684634647,0.2393309738546163,0.2128575648243353,0.3653347079909189,0.3918097792907797,0.3369716234766711,2.5336278791493188,4.821581215345243,0.0027769204784444,0
4.331276593201566,1.3726481767634542,0.8814511309678034,1.0448546987210627,0.2276720273270726,2.9512075396277164,1.5034420346345938,3.6163751589996505,7.564701064749451,0.0105939869601062,0
4.431364204382295,0.6081093000190991,0.6100755091031301,0.2989660897283598,0.0418973844588005,0.8599400280077432,0.5259171590314805,5.211186152522987,6.2889393050891735,-0.0064687309426188,0
34.4248215466944,4.744241776563367,3.384557475804872,3.741166830969775,0.4849070690678463,3.0347160569702782,2.5105430638092003,5.796508848995094,7.218259546782119,-0.0378068222095317,0
126.2302580576714,21.48856406717897,8.436534864478611,27.01652829676685,1.3784784673471255,486.5113250051312,10.40017651529014,58.771706492398536,8.710928194079232,0.0707197087357209,0
107.53335044635936,5.139799258650061,4.572632886441048,13.934415956380274,0.9959701031307102,7.833867208091045,10.283650111794676,263.6297810297244,7.212101339420763,-0.0457125693119,0
28.9022693791294,8.133270287370744,14.43540872745485,70.12082068285045,0.8289110945096773,50.52974036348947,8.372406310685928,50.77187460339713,7.4235907105852705,0.0374248120559352,0
16.338122965990422,3.1483686711591257,1.5518558865497454,2.429581113085236,0.0852179460426667,1.3228262745531822,0.5747516484365072,6.680414919735775,6.745750521311513,-0.0250944383995161,0
472.6835325798786,26.566688879110004,13.064955774896346,46.28816533269021,2.0058689764721085,11.002009222250695,8.589634137026534,424.4155262165755,9.481156399280447,-0.074883661129904,0
23.727793083700533,1.5304944511390808,0.9098441190350888,1.3663426244919543,0.208089335072518,1.7071721941215654,0.9702563182004028,3.469324620675009,7.17611712967005,0.0291422279440238,0
184.4965073645647,6.81869738731096,11.0068339332471,81.88149203628403,1.042273354880365,30.279898808524365,1.7214594411287871,75.08018591098109,7.3220163219047585,0.0954455766379122,0
48.54839007468079,0.8330550322965519,1.9349555046664009,0.7346939717099863,1.3306512074268642,1.0821802113006225,0.9858211075879336,8.453976937266628,5.956479749014799,0.0052181368456916,0
607.6165461317665,29.261581889728127,15.864972541091518,23.038827777548924,2.7946457560715,4.146532724057181,0.799277957584755,591.0784136083519,8.684575896847784,-0.0318575408894146,0
6.121389074094133,1.053742985196766,0.8403009172678604,0.7713221641254964,0.0812941373193482,3.0098359415793423,1.5702129906499858,4.8506392804306016,0.0,0.0095704624774818,0
221.14387776966427,11.056407669585544,6.171282688407267,1.9671869165586555,0.2599654753521244,2.059553798876407,6.097021275767903,161.6079686659504,0.0,-0.0283044831056939,0
189.2053967981287,14.81672875661878,1.628716700012416,76.38958116706165,3.2367687028549024,30.196004070758036,6.748236698881331,337.4588790877712,8.194418128369549,-0.058997371872685,0
92.73056212719116,3.0665034499194705,0.9385916490386412,3.2635783252167387,0.0685576779343612,1.963890443186844,1.3372131553116309,18.359051733342763,0.0,-0.0128347437724765,0
11.58524373357739,1.6376048560734844,1.0713353264931398,1.4869724750177111,0.0903212708373013,0.9908475480916672,0.5990091896902809,8.68929128985451,0.0,0.0191110304759554,0
30.34528568511311,2.627895009353556,0.9548371577365868,3.860252845582381,0.4797409911908527,1.8216222837899143,1.1372724228975033,18.69473896852909,7.825301624704544,0.0013558869556197,0
571.0965029406012,40.34806733168193,15.56262734514833,93.53140692832592,4.158053667969011,36.724479110763504,1.727568146548532,476.8545497046912,9.47002405058346,0.005454383544278,0
12.384330076401165,1.1916811812495591,0.5828940675026284,1.710905014830808,0.1353327325714054,0.6505154425372651,0.4401644873515537,5.677338923515233,0.0,0.026741296322108,0
5.37335098510276,0.7255115434405155,0.4468553831784543,0.4719468762482267,0.6860505736268503,0.2222276222015424,0.4281603861398375,3.585992817375276,6.717772685416195,-0.016406997945679,0
562.3256942108567,20.28978844704262,9.436590527843528,18.937918997375352,3.174393261222772,19.85951940293661,9.170542341580695,536.8717583433619,0.0,-0.0325519782172542,0
532.5060060168279,41.6759177065428,14.05219078198492,40.25988713549722,151.87545841513833,365.9055976268624,10.810810370232105,394.89562215377816,9.42438847352202,0.0331808392392792,0
681.3396610323674,18.86576343858245,5.311448884932698,55.76011978100825,2.288739480482562,21.636862957257204,5.5152287221423935,681.6746881845172,9.335058898475198,-0.0731282783771751,0
13.315271971610011,1.308883311980435,0.4646858236083124,0.9878389012700172,0.0635368436269847,3.0381062003891985,1.6115587975453376,7.048459740064177,5.478509711957677,-0.0499338984059344,0
16.668698104762367,6.5003754363094455,2.30263856448865,7.814120280790192,1.9413810803116789,4.833907596428912,2.4777633429927257,16.47143917471458,8.60419143628961,-0.0360419198985415,0
717.0653110860143,16.747056827051154,11.496464997166145,12.5024040706649,4.730140784325061,14.364621543094833,7.869882472753801,35.44098773504015,8.637869283139311,0.0274691955762104,0
64.10962264709417,10.085906582510066,5.1916237924542905,12.874791772546418,2.3463559319044123,9.954565960122224,3.5041500705058723,280.2819909390297,8.275031636200056,0.0483573157621817,0
493.70837309409006,16.433482613439587,16.444724567126546,45.52069108188733,5.850205101342647,257.10143455158857,11.6421148531241,441.3433858392459,9.54345867941473,0.0105044952918899,0
44.015819757225245,3.5957618852808952,1.1065071818435863,4.195406954408657,0.1316752579985,1.8585790231391424,1.0129547064289857,29.369574825222244,7.989618458531601,0.0175386419058026,0
11.065375906238044,1.1168474702484763,0.8053695620389609,0.7961507573526383,0.1197141738977661,0.8552084958839666,0.7824124527405597,4.982145062014215,0.0,-0.0086004539351506,0
87.19327619316306,2.2735736787211542,0.7556503524169501,2.4613735998656896,0.4622422819924629,1.7665607609928893,1.5258195314198002,12.708288256893963,6.464452824728158,0.00132294797047,0
53.01294742270382,3.1516603592239694,1.0988309881445482,4.843995409119526,0.4659261631074484,1.0156513489814472,0.8814488205052138,6.242614640970648,7.090416958852923,-0.0202277642387081,0
632.8101984788367,47.191478177952185,14.679558300338018,36.209695070701,6.929055035201889,40.29907482469015,8.750239593895845,67.05515937671821,0.0,0.0345024692459737,0
735.0546036820232,28.6457487585595,5.308601517827269,52.70516795565385,8.929794597801195,35.8715871813597,15.084306280987912,650.392797714587,9.700959402440365,-0.0154860523977973,0
12.201520830236412,3.262179126530195,1.0661462880852046,4.036334512715565,0.0891976162885514,0.4437932137640719,0.222805960631958,5.179579756363123,6.569434633647621,-0.0350121434620977,0
28.40021529832681,6.668632247776426,1.9058362637698645,9.302075422891242,0.2429603087036504,2.877033839453268,1.79838218050613,18.8547815852798,5.149770628511676,0.0200409733685841,0
16.74452666837641,0.8600514010611708,0.5903551449522051,0.4731299530852634,0.4058750418108981,2.0393843894906767,1.41626864654093,7.113386676604969,0.0,0.0459198463046061,0
31.341926279421248,1.4852180143887257,0.8212768692735154,1.72046355135113,0.1719082420851822,0.3841034757751372,0.4710026815139821,8.937967237647111,6.961916126359447,-0.0002766695645273,0
42.46892404844542,0.7628685837204937,0.4360495961902598,0.2231613241089206,0.1399632239431124,2.344229259814014,1.0125192791116724,8.971256701238717,4.74919976064268,0.0505271684876799,0
479.7679367041629,30.63163398263056,2.2950553390392945,39.316954608898286,15.156931009665346,31.479116346189,6.713248348498047,457.5035427134784,0.0,-0.0536187861343882,0
27.148354810085053,3.14178009703121,1.2494428969514222,7.004834687150635,0.9682044749780264,6.99796588140674,0.9499199994553148,9.039881532290345,0.0,0.0757100833663004,0
74.5680191641336,7.284307040721082,2.0315228010010613,58.20963228904395,4.9176918252985615,19.7098507774274,10.174795789546751,81.64435098639893,7.218645460069963,0.0492577472382119,0
43.81150194638485,2.657773172830073,0.6539778963454009,2.834721245164351,0.3652157058886525,7.481318863693107,3.6181578730458654,23.72196857034093,4.470488185004079,0.0016655852552923,0
44.94569696154669,4.006129139262079,1.8091389189398048,6.303235278382622,0.5755601413934223,11.750267335827512,3.012123540236136,8.390552216511928,7.696340377624532,-0.0071879441183148,0
15.892030735435023,1.3178660717557955,0.9447657182340472,1.6444297707416895,0.4808473723957456,0.5451109219018654,0.2582443795250422,5.0961934402408735,6.5732086198693525,0.0442136836356045,0
661.2544290808443,32.179703452209466,8.941823256975624,72.72110347161725,5.7690671089330925,33.166087911713326,8.674547036370429,597.5754077858705,8.803196081856614,0.0141261061866652,0
24.373291057322557,5.896045476825232,1.3740793916721046,8.603742657466992,0.1088090423339972,3.6564179393870586,1.468864464656275,15.08626007751294,7.030962160533504,0.0074176947669689,0
23.02399689225973,1.953302582879732,1.086945004782292,1.1079980722607738,0.1647044877432312,7.510801143726192,2.976057867508436,5.464981091490456,6.114394998758995,-0.0105266582072766,0
37.67730347741113,4.3917910221522485,1.875421762266524,3.4880412703265784,0.1625919211106976,1.6192484705837074,0.9895728659623568,12.993628354927788,0.0,-0.0318939058655373,0
43.72709510137222,1.002846435961506,0.3178502317574396,0.7181597360350109,0.0403016673167433,0.4308183686625615,0.2105913045098273,5.684965294345055,0.0,0.0063089237920014,0
61.71240117329848,1.9490190453303848,1.3459860932206504,1.4645375052676397,0.074411595555835,0.7491830170417089,0.7707320521286829,8.317433367776117,6.056556964146383,-0.0277640108391412,0
30.570819976400024,2.013715880723417,0.692960941466371,2.347599069019872,0.0907159211666345,0.7057947218918752,0.3570142993476205,18.84294188756682,7.742489179759907,-0.002724042184223,0
422.4704071942067,13.52424676527843,11.097378707636423,32.46562082711443,6.024633958995452,11.557412109359891,8.331933749660674,436.0128232175052,8.434411612896511,0.0456319407263085,0
35.23664131764903,1.2566186078045478,0.7514333400864164,1.0577680007974073,0.2269069994659579,0.5486037085217275,0.7650399237805633,4.774990397552432,6.233561494203477,0.0181530824341666,0
64.32054731909093,7.712910203921592,10.716295222299188,10.932386072050074,5.4598238432075465,14.448134889832016,9.400488161262864,25.0303786610434,0.0,-0.0444517191771331,0
16.004335360948527,3.5637097893599594,1.2428294744365505,4.6742268186029925,0.0926013837737648,1.0427611849241116,0.9540668193509596,3.821109588327206,7.660448860689152,-0.0040277865730606,0
433.768774120758,34.403202934769595,12.022980160839348,92.63920198467808,5.221377058452199,33.65372378466524,12.732504580341676,399.9839483605978,7.874806039844802,0.0310605066974105,0
29.409519294188986,1.602342196208468,1.3550598097695892,13.439843907687356,0.2384262930651839,1.8230348272865784,0.2932871495960418,20.660202786358266,7.894968694096772,-0.0039527646076324,0
219.27017402737516,3.0973702981079687,3.099264387046296,2.508291211809436,0.1898308187243244,0.7133188526967522,0.7394777391624103,16.27087982335035,6.4859613238622105,-4.423651227228108e-05,0
22.8375407236892,1.7282277231862009,1.2094640771119942,1.179885310150791,0.5668993799964712,5.907852588988014,3.553182386052744,6.33296337433528,4.5009676099080185,0.0093202021984096,0
543.2250807208885,29.322596867344146,9.177833377063466,80.59633993361295,4.569448189401,30.851360128449024,11.94404990568305,47.15890419581984,8.703546443993385,0.0242454794046497,0
61.61715044672713,2.698917026489944,1.0552109757480037,8.331511603981616,0.9726211507009938,3.170149925174266,0.6382511093738518,17.862803887019435,7.076004265297692,0.0178503416113005,0
25.355833108379297,2.378407455341504,1.4887428996098235,2.0049295017318274,0.6989584817453042,1.801621200164952,1.653462710559153,8.617578731904826,0.0,0.0701294457394724,0
742.1837051439693,33.10695980136792,14.543345848103506,74.20096350148245,2.987638783475618,20.283515461617228,14.410292188750482,710.1590223729538,9.770355540722148,-0.0484151936755038,0
26.480920883400607,1.2222704791643606,0.7137214654107776,0.8632537207570204,0.0666629631024473,1.8614908536000967,0.7264862022084015,18.725159228108364,6.856284936110646,0.0227919605994469,0
24.91706525642575,1.6579363020737907,0.9762840219116242,1.1766633352221485,0.0745912370877841,3.1581621586974995,1.3163858730200284,14.577646889997222,7.129967554266633,-0.017799164337215,0
73.99151922310881,13.806890805939114,6.1081372035061685,21.88090028447864,0.4651210621948744,8.199542777510434,1.651692802456698,15.597873077902994,7.665883502454633,-0.013059467640415,0
8.872947333490739,8.225612725807817,2.6957501490952684,15.008073706838644,0.7204897528343089,7.926385762409147,1.8673424710040825,5.1365306505356365,7.160482773325943,-0.0111378195110651,0
39.13848408987867,6.0618520733767935,13.643489586236049,119.77694475815709,0.9647311906783724,38.534946455535945,11.632252364324565,5.668776238695698,0.0,-0.0211063736618381,0
13.130687860317565,2.477305287160469,0.8177028970602053,1.8714967887557468,0.0269292441687906,1.5183688460404932,0.6558146677824327,8.762446759169116,6.2080780593174,0.0170545662072117,0
48.90088311844979,4.7745157788900725,1.972714574395564,7.487891241528796,0.5755060427882873,7.233675392232366,1.3479221596911577,26.17539229505265,0.0,-0.0322621688764157,0
63.834589924140346,2.4988913822295507,2.5436591619163207,4.618223614468813,0.2396166874878958,5.1484920934363165,2.285348841300894,50.54007820182253,0.0,0.002577566680058,0
14.01745638701093,1.5118508350038844,0.5546650146170894,1.9114176309612307,0.0339045594316691,0.3302624264585548,0.3547196311430404,3.707838092942592,0.0,0.0168286929944935,0
18.408493573631397,0.5803633697209236,0.2071825975719502,0.8018467565154354,0.1961222570174848,0.1965104685304126,0.1130852789360988,2.1415141628436256,5.920397658548652,-0.0341087191042325,0
48.33160467973885,1.9612958293114369,0.6816750445459016,3.0797976569019565,0.064107182020823,2.013201125027567,0.4870643023633526,6.87394394442531,5.8110673314849945,0.0167140922033728,0
21.57851307861365,1.901238418757746,0.8155075371185991,2.697390264002596,1.7055927273063491,7.1050108841431365,2.783391069249518,11.636861401320337,0.0,-0.0048211598661979,0
19.180301218180595,1.0195996072103997,0.8028854434758793,0.9417531652053668,0.0826113800062293,1.4064748059025032,1.0239911227877891,21.60709367129821,5.169543670704477,-0.0081104577182513,0
587.6790296889849,34.944572648045835,15.721253346348115,3.851593706519514,6.427785450375238,47.3390237642173,14.715579108497655,385.3650750474772,0.0,-0.1135886084646956,0
685.6611263860368,56.34999197434969,8.064824336757956,81.0979671887123,4.026083851846762,24.86072420847825,12.33772535139726,638.3848488597916,8.925840939173153,-0.011900575809258,0
512.4166376398796,36.14495628794685,14.451539628787842,49.20376325130943,3.989223553548232,35.88077702713264,13.870613345141257,580.6270361421483,8.290441276571475,0.0576904639371668,0
400.9631573385367,41.57373108825554,8.672323278371007,54.475466946232174,3.5188938000249097,41.5834474144679,6.949266922724488,373.6492356588862,9.393291571766074,-0.0439710288010863,0
1433.559024650455,39.01655392748648,15.793365249870057,2001.2029737344112,5.265549117545415,34.69622814244682,13.97435841410102,1352.7592804770743,7.100346559481023,-0.098285110566506,0
1403.3024769837589,31.476339534329284,4.8200904264484885,114.49248434245364,4.250116978367462,42.95038294793772,18.795417442744675,1406.9420278289178,0.0,-0.0257559480201058,0
506.5441921949293,12.621232904946948,3.989154959659301,50.625110894923154,0.9026456560068232,15.48205989987652,5.299204179638802,652.3372687806461,9.393271809410566,-0.0026662379156804,0
546.832792747561,13.716725135482289,10.360409596240764,119.37944821915583,4.039697981715737,19.699710500531523,12.650172933602285,560.3699093362437,9.081569579471791,-0.0119176117318181,0
835.2431599528508,32.42270477912959,24.36803544347646,107.62774405938356,5.970021412631747,40.16761025732898,20.364524695875424,1414.957165880041,0.0,-0.0478707344739336,0
177.6916370085572,3.3829681616356737,1.8525832587551647,0.8951264867689263,1.1866669741841749,2.3891079033906726,2.2110242300863,16.480828248082258,7.751941933538117,0.0002393688848107,0
1578.9324840462757,44.74909283862233,10.750856733710144,116.67996564069944,4.900714694367761,42.74898508020322,16.10793029061698,1542.5444693573495,7.749962541009742,-0.0862370468400351,0
1776.6251193156138,36.41189471926072,15.411056692270224,161.27379164407066,4.847732924138161,30.370739986264816,14.626891711776814,1759.3219066945398,8.883539390999378,0.0191185788034757,0
998.1632784144869,25.29022553267672,12.753757205556582,44.22084150239175,3.2909444415292666,27.21979805399448,14.400787831592842,948.5284684970012,0.0,0.1131847147796872,0
46.92694423760276,1.804675573724932,1.4120081612330169,1.817234209000084,0.0374749643098757,1.4072190857776423,0.9298808012754792,5.8406932880417886,6.094068322367908,-0.0083404999470648,0
1243.6151004311694,73.66714729452643,26.409833488313826,204.2437465176437,8.13830936807014,78.32959427187419,27.04885449542337,1011.261529883988,9.051115117671664,-0.0307777808264055,0
19.766338856824017,1.3277833584861596,0.4886887371824442,0.7343388170934495,0.1190930013603116,7.2901524466114624,3.416731690930526,12.779877594942146,5.606826146957936,0.0190712847431487,0
33.83555834648712,3.963538130971582,1.330971744449916,6.057869166331044,0.2118104110836154,0.922596274071518,0.8159171251423621,19.708136523979768,7.1657628949886565,0.0118626891359644,0
113.6525667200258,1.654218749836109,0.7150088802943428,1.5111962529748018,0.2421334910922131,0.5605482136908219,1.075115494944202,12.9497170597275,6.517551773783617,-0.0232155913212956,0
16.082184008261738,0.958023443683039,0.5048604124113918,0.7380747238862927,0.0887046244601845,2.5023723930422923,1.11131455063417,10.869940728060527,0.0,0.0602393972792,0
23.40706655495811,1.0613369472724354,1.832365024261224,0.2110777631814559,0.0419232522336319,1.239025316891997,0.9312735996355644,5.397029280271448,7.104154009141772,0.0139630050697763,0
39.900617821501854,3.626396869204037,1.2913884405241856,1.9908857658277808,0.1610057904887867,12.36253124900274,4.648343458315197,14.847611724270664,0.0,0.0119659041355355,0
37.51902551776264,1.5771570071924532,0.6485936580970321,2.2971648947285592,0.0545176758886264,0.3622754246131117,0.3392218158359502,5.486035739491242,0.0,-0.039422170120276,0
43.634459795657605,0.7990803830087927,0.8857926354240352,1.4486237435739586,0.4200261503324364,0.2798496410482826,0.1477675716511131,30.104460860684856,5.730515492594467,-0.0465594214307998,0
41.57220479704797,2.6397200567359143,0.7992923697119109,3.2023853215127405,0.1614574546349126,0.6729933687501726,0.6856865529171873,5.78613481890996,7.686415049744863,-0.012743563422935,0
24.825072212255307,1.8383899826995087,0.6279489551093099,1.4164995045271909,0.1458495670402405,0.5052458626149742,0.4309967338206195,18.49922322916744,6.627187192091927,0.0101386833848487,0
836.1668119249858,41.01238859734299,19.192168329670952,123.07643233711944,0.9109310431405376,25.911666068585525,2.4914150558588704,405.2389876766944,8.265769490118275,-0.0565819266748182,0
61.37086842106678,2.618584999940916,0.74795310412214,7.510032720255857,0.1276456327365623,0.9203355014658952,0.5433937981946496,36.14370558490569,7.971889782922141,0.0124935151199974,0
316.9435145173136,15.05165692127843,2.7281684840458262,4.276631128441967,3.2749293640596067,15.118375519483758,4.375230047265558,411.5867618594552,8.217964558491952,-0.0015998800845339,0
127.48813642265938,1.701901902100362,0.8409203111834022,4.9352438880354965,0.9898739510587754,2.319207631254208,0.6827719445716133,17.37892189119322,7.367945209757576,-0.0324826843932638,0
692.6895801203455,27.9239682099872,14.15730365768622,40.222340005876376,4.665949027854992,36.13577170752228,9.682936262924098,515.4822602537404,8.420340742773295,0.1115606537664972,0
32.04722459961841,4.724025845768749,7.265671819692777,1.8822963278194007,4.301001173579918,0.950761016678584,1.1270360431491573,2.7560554104112023,7.748888483345543,0.0579139535327242,0
469.1436710850933,36.41693458025557,13.533990826923,24.514379934514626,2.7976886658125486,31.36651930829585,5.25357183609316,446.52793230936544,8.874395211749876,-0.0803534870002074,0
26.53925323064975,4.526013407422402,1.5917143546499772,3.314027368552654,0.2578815851575854,4.010524683467303,3.201530866139544,12.04630051124012,6.205282211297032,-0.0293077544027591,0
7.246295829361897,6.410389495892447,5.092690053768443,0.404844513589204,0.0439674658321185,0.7779381510238865,0.6911561601873942,6.313486301301774,6.1614878033798135,-0.0264347965011698,0
549.4075492255819,19.816295489182828,2.335820139220804,163.23632107398797,6.219741011001557,19.056465916391375,3.551935737758353,541.2218042736662,9.333594065996143,-0.066208169869398,0
28.89920331703949,2.000955637096989,0.7995136631375921,2.3037524711730777,0.0943041181368954,0.9712848299636968,0.9916684211505224,5.91884430891547,0.0,-0.0673774475876348,0
566.3458005004518,16.555549351958213,6.358616856553311,4.957252907142128,0.6022658424784524,19.130758391876743,1.6216961495466906,15.071969996110363,0.0,0.0575689058290134,0
438.585887194504,17.37376350113319,8.774632102369837,67.26176448463414,1.3088069262836548,19.542363632182365,4.4324439740513935,198.7712181992147,8.694118410082522,0.0730315139654462,0
356.5671003084678,3.014554543914668,2.1904077777879905,1.1489403211328657,0.8480257198134448,1.7884995965554298,0.9526481774438592,17.115019337954642,8.400775721996018,-0.0435060440303632,0
23.89119358566775,2.175053966687968,1.6434159161295911,1.4193298003717143,0.6054528892258229,5.977612307172668,2.4688278919372517,8.812127544955226,0.0,-0.0176064077564733,0
42.840904228997246,2.384124650314468,1.8953012395897924,0.9651341306427538,0.1926565971493388,327.7294415342232,2.8763516048653504,6.785600313365222,0.0,-0.0189781023143998,0
8.963547361903279,1.2918696087212238,1.0181176468148507,1.5702759347396966,0.4060650119025071,0.9694900758419815,0.8141133115961305,6.822568755572119,6.887973844585048,-0.0595189601346684,0
152.26809934397792,3.1226614052934303,1.3711074858061103,6.229577769733254,0.6392859438154106,2.3370004438046568,0.9492292572988308,110.2755886736103,7.683049387846299,-0.0236219862554609,0
21.36231918542881,1.193201532661134,0.3856814407348369,1.038443909745305,0.1109510856036753,5.3303083595881855,1.8725522437760336,9.623117151244443,7.684912677553456,-0.0060225696467564,0
24.48934819242485,1.1494934524043052,0.5643926741957936,0.8427671908208788,0.0679207366921907,2.542183771743304,1.069914715288408,20.68588501154329,6.870403237758405,0.033285333881085,0
97.4290840754008,13.98287927724895,11.917128451672813,20.90567141980373,0.5423793231022278,32.88828396311321,2.818936283853536,3.838335728776911,0.0,0.0440163300411763,0
20.60359172342477,3.157126474846148,1.7818176894394533,2.3037114524841367,1.5850923297974768,1.869025268913595,1.07882786120648,8.97514104559349,8.548712925844624,-0.003725212560793,0
10.6193317061078,2.8405004233712043,1.2235873967365218,1.1253654286440955,0.2298821059234674,10.864320668459554,3.3603703110192424,12.767503226162134,7.60276355338678,-0.0177852198547558,0
70.99623024734089,5.650051762519405,1.7889693617301556,16.293330156817984,4.741948033151875,7.568291892761474,4.934543216680597,44.05240275545378,7.742317904740517,0.0037273549037024,0
10.871472450511945,0.8714278693529348,0.3151729837544165,1.1711684365115105,0.0983116729302466,0.5705425797150874,0.4332900073678918,4.039621716404362,7.237495168475021,-0.0004572924991006,0
10.248942664893674,1.5947379377131394,0.7672489406849617,2.1630222612811947,0.1216849146987654,0.3521186706494923,0.4271449910640385,5.756758713254799,6.744366989255049,-0.016848772292729,0
17.657412890130068,3.840529572701218,1.725309095980308,1.947241995972999,0.1877969446590378,1.691665372873731,1.4184944757081308,6.916939959131862,6.620772577432815,-0.0231737021328598,0
42.4505778077345,4.513155530322401,3.0821295616840936,5.27687007743365,1.9595093404285409,3.656226269782583,1.893906903419932,8.390970829810776,0.0,-0.0023911316985999,0
19.702026040308763,0.8089171505139297,0.2521859795129315,0.8494151117478653,0.03129453835505,0.2361105521902942,0.3404531095463546,4.544848483570589,5.537796214866276,0.0001766791572543,0
31.312781826599483,0.7183072387426388,0.2364183648571182,0.7020716452173902,0.0117970745183963,0.1267120261392002,0.1132452595531137,3.873195077989165,3.595713251379632,-0.0029954372939942,0
27.53958381303936,6.244615033968782,1.4134727565307468,9.476145306152125,0.1092590200362613,3.2728060240376693,1.0897276478074849,7.3064585072718655,6.993869740196788,0.0071713673794572,0
17.814791072569076,0.8679599628509976,0.4299153343365789,0.7768255329189526,0.0389447879386465,0.1858180173159906,0.2845800228649592,1.9367186744821296,5.204952372210099,-0.0144785701729721,0
995.7587306360832,29.00959861718989,13.413036580340451,5.046854241771572,4.425726769557554,20.241872557781534,11.13392874217926,156.8025966194696,8.810741604745251,0.0269966054387455,0
28.6739473227252,1.0473788116294838,0.5077438420983308,1.1025267802996943,0.0903528291178188,0.321611105579597,0.3735577341289298,2.9586952750628432,6.960382147995372,0.0015430867629826,0
15.768649994189548,5.7507811939587725,2.7132046970287145,11.324040527630252,1.0188178162078172,9.44506153976596,4.737773774366966,6.887419468288126,8.558420247459228,-0.0683498009076481,0
480.2608894849437,40.7556160495236,3.789788903320962,7.7274153746373795,3.524210472443765,264.9937800584384,3.7246866853879537,53.65593252038071,7.538115106075383,-0.0071829768117003,0
33.22465515771851,1.8842258169103785,0.6264414849941174,1.247166157144395,0.1257012235141023,4.597462372260946,1.4338485604158242,45.46715529989485,8.26449118907016,-0.0116449481008413,0
694.0882145138679,24.63789881424412,15.613996881319276,87.59971331132687,107.97985926545144,29.89850693619598,17.956809290768362,564.9518679242562,10.364777507321756,-0.0212230069864671,0
9.763837841612895,2.3690289480750666,1.0835943948444424,1.7111778270517053,0.7593979427935412,7.365069250229803,2.928796342060023,4.028668265983674,7.382039721103125,0.0172304885761305,0
15.518931318875266,1.652127029021679,0.6377719227023277,0.6404388809237939,0.0412767723724837,1.8514114220548417,1.1339880966589997,16.996057823153837,0.0,0.0042717327012831,0
11.326523072341333,1.351714703705492,0.5491180114301293,0.7447825503459086,0.1066052739924931,1.5332812655450645,0.6868141745660808,16.176940236471363,5.05621348977861,0.0189369983618921,0
595.6071477697398,13.512844480155856,7.734842332580441,75.89641402250135,62.34974525880236,24.214624126876288,0.9477627019996704,585.4321903573998,0.0,0.0606440372008293,0
11.142431097054908,0.8424865115573454,0.4150138977703113,1.045406048255477,0.0760562672661428,0.4887487480082482,0.2730275976599681,3.1369180258639,6.957901634368984,0.0481184359124983,0
446.8865861075864,21.130033052676502,16.305481131400377,15.081757341220351,0.5357618758993271,20.44115485898689,2.814441822170766,171.66018368732088,8.110500723675568,-0.0326932277309043,0
27.434436179120297,10.99550041019794,3.5810552977591064,15.89074303008548,0.3792051437621927,6.220528081675153,3.850466011772201,13.05952625191074,6.329110763867828,-0.0063083741401024,0
189.62367769716988,7.212292165922705,3.5790706765344003,10.056292866812472,5.988997518124687,12.647811938601029,13.185836687663471,471.31090734099615,9.87248591482622,-0.0901599788022542,0
22.734576723839517,1.9429814464080235,0.709059754560481,2.295802389682563,0.0894484883989848,0.9104334110394772,0.4267283501960923,5.247279914972708,0.0,-0.0556566572320244,0
51.04194451045125,1.2123034947679543,0.4926811335099148,1.0855675901217194,0.0358882876709335,1.7284083144133588,0.8941821006670586,18.5167266487158,6.614844009167402,0.0082106862492423,0
6.355100789669644,1.718902835075795,0.7188663126777876,0.5923549607024049,0.1628887078083301,0.9295784268178912,0.9580381221418782,2.217197198922048,7.525826409295949,0.0021333874375691,0
640.6848664504894,21.95725595009096,12.306565848881206,77.27421182532508,4.160913148133312,23.40686899263608,2.4340039633392987,635.2880122843758,8.730177347099703,0.1273187506913642,0
30.875374696488304,11.322251239990177,2.813398234755416,16.87837602650171,0.4857289921658046,2.746814346129371,2.0461961108310525,16.28841366086433,7.736200352056213,0.0027852893154246,0
21.204906132048396,1.3972201133875854,0.6283141409141602,1.3267129129895472,0.0685172323260983,1.7832300435187376,0.5856805508079375,10.520189159874551,6.561557489437384,-0.0013993239484563,0
39.80039422540826,6.50211053854673,4.051844527687936,4.289051079008666,0.44911629489559,2.379169448260437,1.8080709633705905,3.8745308209835247,0.0,-0.0957100293518263,0
680.3790958543946,40.30359496489117,5.520832744235902,79.81560261973652,4.016891838393532,5.254390355047776,7.288008993207883,258.8268081031872,0.0,-0.0322099844029479,0
23.242875404502872,3.1718392167506546,1.1823489412586536,7.144027126246948,0.7012731519289731,5.965315012631568,0.9074556620568568,4.031732846526741,0.0,0.0504832038069334,0
11.610011344510015,2.991723711865101,1.6704504506428572,2.502449533753545,0.4193980187717682,6.9392269094728825,2.412027910061584,13.10811031871948,0.0,0.0462919293114226,0
457.6251870481729,21.904865314657503,8.071763641990369,29.638158285482287,3.3156442503300814,21.409426291835302,1.8598298021388109,20.50942341226582,8.567562670448979,-0.0073423628989241,0
13.551837726607705,1.28386673794175,1.0553487034709532,1.29627026974976,0.0849237701995656,0.7202837753779924,0.647620901978896,3.7924965786294265,6.852631480400801,0.0349480259528142,0
35.320304952204715,0.8194874010451925,0.3540655300447684,0.97651191494202,0.2556380338545239,0.5055490461661812,0.5521343408852343,6.9313289349324725,6.417861898555271,0.0062293249075117,0
51.14450804369569,3.672980569517768,3.936828437653232,2.8390181382450783,2.796745917993192,2.7692852147424016,0.6056013009873423,3.2303463796935707,8.326326503761473,0.0372722470863555,0
622.1413934459956,27.88623829338477,7.698744784878242,84.2661338353346,4.596697125034176,22.62896627227128,3.2138061225963424,611.9886376785826,9.185575989190976,0.0215690065175845,0
7.667164541960712,1.251277379574998,0.7349312860175109,1.373526416119396,0.791914410058302,2.7762364965643003,2.322879477658106,7.713296160650063,6.904904126614228,-0.032659537285279,0
7.369498806309893,1.5837034859465733,0.7192231741924697,0.6942803474033514,0.0616098851949896,2.5988564837140267,1.1855434255155397,5.803175248775193,6.481799794995784,0.0007492263561156,0
82.76891742975613,1.626184081634146,0.7911371916214698,1.7037630811530164,0.7270033694256632,2.2011146477299928,1.4048385741794212,32.209789500595285,7.408692488222481,-0.0544800617621146,0
17.26364539005376,2.5858427650636746,2.091119138140596,2.437326619472884,1.137955185909861,2.8276303217601475,2.1921269899606948,6.812242215945063,6.936684485627688,0.0407166199134637,0
224.7633264608332,5.89757396457008,2.076469818810214,2.833371035379777,0.2464080250635347,1.1033706092137183,0.7502727231978517,6.325081355804953,6.400947475222429,0.0029610376373518,0
11.02743395925904,1.655169203811973,1.1498899996746137,1.7208028503692914,0.3594772382381045,0.7497130202036687,1.1620316107764237,3.5563220937372324,0.0,-0.0079420668947868,0
127.61914528832656,24.09631306205493,7.2885467400439135,90.95008009878912,4.374275309814472,13.5878530618014,8.203562735460643,201.71717670343185,8.376018481124918,0.0165033189815556,0
88.43629751442283,5.930565150878709,8.57435934026968,5.529585627069602,0.6371438711396442,0.9610497301990132,1.2751002461419347,24.556042412037613,7.6946540022352625,0.026618507562246,0
33.086277944295844,2.5235285502665343,1.147692629524981,2.441771666769708,0.1451072136336974,6.355849041255484,2.572410350856083,20.597086877504687,7.202413141957384,-0.0035695225186281,0
57.577421818441216,16.220824561525763,4.54516926717293,32.136213583277225,0.5747437199010805,7.677135057899152,4.6963201135566415,38.25581005697785,7.3917879619186175,0.0059741344598229,0
16.70500968195726,1.5400310500810688,0.7165305975051242,1.9051170265356767,0.0296665169754728,0.3724353505029527,0.3639226388189013,3.259420190662053,6.274605006521188,0.0080383902289731,0
44.359671766875074,4.0930892543267285,1.8532390847969185,5.18652617320107,0.1675505038596667,4.3519555892322535,1.256167983213013,10.651268186190473,5.860925658363764,0.0033408589036912,0
166.16043663466397,2.195079043627884,1.6163456561669352,0.9681839366925828,0.2058929782136995,5.945752010774382,2.7998903509063737,15.551200207685756,6.6863856566554505,-0.0035756270984111,0
43.94495309892229,1.928403557590212,9.292718527324483,48.442231262260286,4.116826026514725,24.92553175255308,6.838009868643424,495.0353937483459,7.7680514833474685,0.0303105661250403,0
19.39607215372896,3.148212385457366,1.3272572061228165,2.7818447603325485,0.0825782123756294,0.8068745779718349,0.8094531308443607,2.702808883012448,6.134683765868196,0.0056154804489118,0
673.0707223754835,31.50267025040927,12.10567353158242,61.83358463882615,4.367107711195459,29.51095231994423,1.6185944934557337,124.85346548446032,8.499998784580699,0.0324674361607615,0
102.74059786738864,6.808760385330378,2.810196400891376,37.00093891404373,3.154083812417993,12.334195874549374,2.1886544414031723,337.94889934890165,8.095897738396241,0.0760590281886473,0
17.269577704312606,3.4062911803248754,2.9205098021676523,1.2239215769584233,0.1214380415048863,3.5024235683488194,2.1587884681071867,4.074410583849795,0.0,0.0558150584575818,0
192.46803251489945,30.31806741688318,5.560195571710545,27.609048707905608,0.9870703239424428,6.120842992748819,2.882133792049652,83.42856404364265,8.781779817175387,-0.0303724343374267,0
21.96380807160332,2.767005955384967,0.7819136642954608,3.8987345821838377,0.0553540192412857,0.5247300874493999,0.5946344264774771,4.470659113883924,6.6595849973422006,-0.0034048255668033,0
31.478567820268918,0.984123534840202,0.4348867415284857,1.2934549269645637,0.0698558614473064,0.5471573198587302,0.6359905079292758,7.3607194804315155,0.0,0.0264543935904452,0
181.3302878139964,10.311736197748171,2.8466458584883783,5.3393126741683465,1.1191471311632342,20.97451089021084,7.837128170394102,14.90480450705431,0.0,-0.1100656966937654,0
146.80585234664838,2.704167540977457,0.8676374526351122,3.3621574029480894,0.6792123266779366,0.6796643972917209,2.033241188922044,24.496524177838047,8.251046789858071,-0.0069939943407259,0
43.869614585240384,1.8686032876431613,0.6244650592604027,4.630834360488058,1.6938396667302489,2.671112533921212,2.095669420503528,21.08575937686472,0.0,0.0040721031119653,0
80.00996347896387,1.6406593163766363,0.9101387636275152,2.3816991404226764,0.526780709222436,8.144455096815253,2.4089572812504403,38.25045115431272,7.650350528961912,0.0233061305031698,0
226.781771312986,5.460883799197814,4.689618003314012,3.5736256536780884,0.2105777137004759,1.119785308401153,0.9685394683834396,39.67773079591846,6.280741030319603,-0.0469215522706809,0
744.9551275249812,26.12994431182196,14.852638498469904,50.66754294521473,3.9634966173133295,21.79267075849448,10.21413668028647,641.24100355012,8.854870030164193,0.0184997914645311,0
17.201297396489252,2.8981162839375103,1.483303022149043,4.874587727679159,0.072527010329569,0.6270174886747614,0.4803146597103011,4.65945755076743,0.0,0.0064381266083216,0
611.8533188261911,13.403741191135786,9.251540239438413,43.97007325874716,4.0940944495043485,23.2556042844716,7.452796686247264,368.1989150811902,9.370506663167864,0.0364092137424243,0
131.16963232723714,3.705518827378122,1.9178357218155,3.228939281506747,2.8491907381953565,0.6879957788670472,0.5674997619340353,9.272601762243143,8.345097887785576,-0.047638290997438,0
19.11250266694942,1.2346732150790265,1.0739815994307798,0.8718530187452346,0.5773773499129686,1.5590993296936668,1.5030720242124307,15.535992659956474,7.479638558969957,-0.0307460761303885,0
457.0133612014173,20.238016000330067,13.204224464452984,38.43867220687879,5.179303730491696,8.342627193111278,7.802280445976454,8.20543498031915,7.558149595747419,0.044159855511247,0
23.47335869950524,2.387586524366645,1.2432251113965094,4.742985374335452,1.4622365084655318,3.096547168141006,1.1464306879191812,67.43582718883471,8.222907102624825,0.0039867845829157,0
16.445640837952475,2.232795037894107,0.7861503273334879,1.803245266297349,0.0880265572468842,0.8751463018328027,0.673761416006401,2.939520367089444,0.0,0.0342249309648477,0
455.3963114433752,20.009983958978104,10.962946765556028,79.47678570868693,4.393506891051167,20.73392675017249,10.527482748254432,432.921329244002,8.02230730113793,0.0683448289093697,0
31.43417501015875,4.211197298011902,1.1303474009880476,7.127758824978076,0.1293892712189038,1.158876650993423,1.0675485759559542,6.815449447731043,5.078374435757022,0.0433664686750523,0
20.428425422853103,1.7925572135244234,8.330927269074765,82.51106334215605,2.744474036147272,10.96912524314039,4.57239559492576,503.9815798801458,10.003755152088011,-0.0468027114354727,0
18.556347505138813,2.156931873864999,1.2239878006409342,1.01226065853271,0.0809618117920348,1.3091452809658832,0.6779493415342097,8.350557318443482,6.853240785258393,-0.0159337935593021,0
18.135761165169367,1.8688991326613709,0.6680594644828117,3.2675243177147637,0.0299055884438491,0.8085578982567485,0.6245035283727699,15.71557911802837,6.451414943768705,-0.0276530471568224,0
13.850141424217188,1.317195041237912,0.5488161363114085,0.4784591150387828,0.0777060598031363,2.391249180750852,1.098650759002514,17.53049098428165,5.700783100846113,0.0148485760229037,0
46.475208983097886,1.211968412889282,0.4845292629996725,1.5348358259606407,0.1525999720155758,0.3141170470136427,0.3552216704337004,7.204015156072631,6.764543789130329,0.0009903823523291,0
79.7441571165029,6.735232557450563,3.3858032647014773,6.865187370797719,0.2690867592234983,1.8907553265967567,2.255464512871087,8.623415458984011,0.0,0.0263928246141605,0
16.868629638903393,1.5740837080715748,0.6905028511393824,2.3288130137411125,0.0529787278076775,0.273481959140458,0.4135952664718857,6.965161834949602,0.0,-0.0682086463252137,0
458.32578485455696,13.20515595571444,1.4998566361605616,5.688614458739033,3.1800846742282043,18.741138680395235,15.359416789093876,386.1732657205572,6.886515657326587,-0.0479105676782343,0
21.30488731101385,1.974007120952094,0.9229730316000292,1.0694084121512957,0.2590216654560333,2.1622892417766413,1.2824333472982083,17.304528026106393,7.451304136172228,-0.0202642450692757,0
594.778914286824,13.685839919171414,3.0966735935353498,9.504810751869028,0.6805630803498588,17.70888095214995,6.600063043675463,57.61373286370418,7.393852829502059,-0.0964070675067496,0
8.97083155721039,1.0440415981669426,0.7632011150085338,1.5516591912230933,0.3187777557381096,0.6989213160041645,0.9097718203039874,4.3218095404914445,8.165853296151898,0.0011081501343654,0
30.06159109349275,1.4020673888186863,0.8532874985280564,1.4387335625113469,0.0500214412753267,0.5378378854132602,0.4482694300389816,11.122347408477696,0.0,-0.017763545983582,0
62.33734150962872,2.8407314335006744,4.579065204908102,1.3967274613081238,0.0590308553792773,0.2917674496673098,0.2596812667132018,5.672024237025356,6.8332955421467805,-0.0913374399092534,0
18.091689686530827,1.5485884427492609,1.2313471284347302,1.1326176076000536,0.3720876228940927,0.3010857026608963,0.9669309054240092,5.297120876680488,7.182480743491079,0.0764820409999569,0
721.4660891342398,38.5005993346505,16.11157873825627,80.28931968381677,5.580658352550821,39.56795969341947,15.781222772205904,672.8794516250729,5.0801338132019564,-0.0537459589270653,0
120.3223447612797,12.331372842567813,8.617787399277459,4.665425260958602,5.404920756585015,24.606146847310622,10.91699946785666,433.7813187999432,0.0,-0.0737032980178075,0
748.9629162410176,38.03733512607657,17.42133673037469,78.16501413769284,5.6243945071244665,37.07103981864526,10.815468464656696,681.9739270328755,0.0,-0.0540623222088032,0
2181.812141721936,58.21702919992481,18.318209639961207,198.2942303348389,6.658661561532106,65.30357250218627,3.1451817144433285,1898.6730355104448,0.0,-0.0009394849450174,0
14.883023415572625,2.2406849403012856,0.8340328100571289,1.9677134750646967,0.0818152972202778,0.5004987159528622,0.3594868525552293,3.655062563087384,7.582218921317169,-0.0183795030190104,0
31.97176150762636,2.3487055525744247,0.7608759492571666,0.9521830214767418,0.062978032101342,2.8374029574514616,0.8612691501856268,16.010352362058576,7.042718950537231,-0.0074236866654597,0
22.993465147560787,2.3117100213364616,0.9635729516670528,1.5747994733706392,0.5479926269158758,8.785827875420692,3.3476488713349206,21.265282278946867,7.045510044276299,-0.0165080794074606,0
87.19889277119734,2.6719993085873246,1.1968953269466704,1.2411017645643578,0.1596713903405984,3.596188596690342,1.3546863431453815,31.962751038483127,7.373546495359948,0.023494058166264,0
13.387412853878931,10.956779333000954,2.849662714988946,14.0678572948202,0.2283889946652942,3.6647341723500144,2.168066353689828,4.324648576435953,6.13074171736988,0.0033658338151914,0
425.86629276996285,30.16811317674161,10.418083509277462,65.44440668038371,2.5330196319285285,9.810887535434382,9.438095960957956,384.4681784091529,0.0,-0.0894813624764575,0
786.5458425527713,35.499645725691195,13.48870285050466,58.91380133216487,4.760625230591011,44.86350853260295,6.5322615000709705,634.0285725076459,0.0,0.0378467130951831,0
418.9601544965055,40.42600994443965,15.392491095419643,95.98143461574408,6.143178538668248,40.8090845636349,14.449527133276662,410.5768601951774,9.46813973199613,0.0039995135363794,0
649.7808827168074,20.719370856856752,15.658625781996774,51.23596365887642,4.04817471798193,20.550512758663167,14.090257855955596,649.7968467649364,9.00772461095766,-0.0004480853309233,0
419.6839482173645,16.796247268527242,4.122247413318553,46.517359542653104,3.4139560042105765,16.697452811099016,4.249159970738765,118.87429147358463,9.400538919996045,0.1581472216272542,0
22.59583987346857,2.1941539234039933,0.9601950145424846,2.4212250784418434,0.9245604218106058,0.7844284679069997,0.6677304376022303,9.318468760750216,0.0,-0.0095881749668396,0
12.603466391967835,1.5060440085084728,2.7422699207803176,0.5927247161866575,0.6462752741744803,1.3004689208716202,1.5766441678242755,9.143013743344518,8.436791279597452,0.0843900432983394,0
133.65959691033817,3.1780291704401784,1.389201132635678,1.4695024421406195,0.9632229600012528,4.407305004213644,1.9769957756766103,11.852238090066438,6.572422745218655,0.0241457154334823,0
25.19487319959016,3.2684932178125696,1.613180545697439,3.759759804674808,1.2592594352438484,4.931284770111121,0.8041158669558041,5.929350907184758,0.0,-0.0451956392667062,0
16.958650834110337,5.353117944295164,1.814123479118957,7.013482870734153,0.1453608975496933,3.9316771799122927,1.742427058018462,6.399237569359162,6.7262453947407055,-0.031756209560509,0
16.608589918907253,2.7178572157271006,1.3389032183992595,1.6374309749454037,0.0672343156553089,2.399884767302181,1.3154906449961006,4.37218829690942,5.769545304322697,0.0083816668660918,0
54.22087973589411,1.652466903160236,1.4233397697616903,1.4885100444615011,0.4247978024218525,5.177411629685144,2.663026483093108,9.26335197902224,6.7908007935240855,-0.0568322443276213,0
350.4404609494386,25.871245131708086,11.564158408531949,52.9109372526275,6.499998266314253,26.56081081724247,12.597888252486037,350.79725084994925,7.306407229582229,-0.0704560548246046,0
436.1088216451645,15.112006841406505,11.034684104702796,101.93742653690344,4.984595823383622,20.091071206030406,11.66218395950174,421.35640892657136,8.134907673382846,0.1130679186900986,0
63.818311421509854,4.036703371082315,1.4748967284533567,7.945650799441532,0.5581225346779789,4.02513937153365,0.7254269659830136,5.746373668504113,6.780973984516001,-0.0131581489351991,0
15.540765246880593,1.926806818976388,1.1418947852855337,1.7973930375353238,0.3028617035277862,1.5209035920876866,1.8527221423961044,5.995270504010688,0.0,0.0264433696549228,0
10.85207548098833,1.4655400305210504,0.6252530177193933,1.6984416157089943,0.1249607580554405,0.6153730736964008,0.6636870527349871,4.159502245036972,7.204644153111652,-0.0089702690389035,0
1250.999616429423,54.36849764899264,20.88757008282315,211.9483764479904,3.593141007288503,56.48739791375376,20.767081963022207,1467.4803823268203,7.917895070168595,-0.0458083819076708,0
100.78841583840747,2.1929751866989844,1.01226105750333,0.9826409605973772,0.1200617900650571,7.785987083365603,3.3256805823275646,12.885165515643074,6.967303557489412,-0.0122375040614882,0
737.7672104779429,32.64484948934967,9.869726336821074,49.71547031039786,3.973068935112632,26.540209224586334,15.793495057534358,54.1164212045356,9.790687099348622,0.001600944387317,0
27.232307683400222,2.0109077247883267,1.601014377131558,1.190626326267979,0.2228735657401575,8.2667679590059,2.6944053098981247,23.21524519599664,2.410533704524831,-0.103782170883329,0
67.62679037030254,13.696570305552523,6.298607773178013,5.3877210758847776,0.5795381677523938,14.214978040278377,7.738268963343103,52.62492673867589,8.09508669543972,-0.0584551863121193,0
17.008356566829995,0.4016392904814222,0.2576739268428643,0.4503859559419993,0.0750180117349206,0.1370292957944831,0.1788795765257568,2.181044739908411,5.559035768809412,0.0029462483471065,0
26.11668931005672,0.3864023007099345,0.168847477525152,0.2264675101439368,0.30257224619157,0.3589026738724825,0.4103764731194279,6.7543319724593625,4.7730328862193465,-0.0089315277001939,0
18.186127030018486,0.515061416422413,0.4312040374294652,0.4866005641225269,0.4683483851591514,0.3178739559100923,0.4564786333156568,5.791361974560144,0.0,0.0242460957792978,0
72.57595036210411,4.7537436348162165,1.2166353531418417,5.33382203536051,0.1634825585392702,2.6930517174043374,1.5226283514365122,12.461703144028473,6.6201888058724805,-0.0049414128549804,0
21.96595696150235,4.033151774178557,1.5928145734496442,6.094647602770772,0.1678044844259851,2.9364715981137417,2.483161976215688,7.875528656469888,0.0,-0.0136007809535012,0
165.0885888238301,8.597271968738486,4.363492994187191,77.58647222459919,5.311672995184869,4.919121999392758,2.885273517958181,368.406552782466,8.535129786740903,-0.041033066128376,0
23.18104836184211,11.196425973045049,3.9845386188140193,10.437617274575189,0.3950715723788568,11.526594813688844,11.959975638608636,8.531382600708378,6.206632495160482,0.0744386879721375,0
55.66787691171621,2.11576184914267,0.6510688590584249,1.845481322203388,0.0518386074012587,0.9584427684375092,0.9172226961173426,4.658125499199968,5.750811365240287,0.0042406697803822,0
32.24142946957382,2.231177713581592,2.526082688381281,1.8714906397992035,0.2716424040648258,0.3859579149448251,0.6828757347179432,16.102513713146966,7.705012308230502,-0.0099904595779572,0
480.1644998144391,28.881660117477026,14.520447127860637,62.02337272453765,141.0625579293182,23.18344000659261,10.672945725875923,36.6994943679066,8.897608534433651,0.057728083955748,0
421.16083263858366,28.51145071234816,11.205382694533904,66.68582853436226,3.115347038464352,6.720740081654908,2.805643490875752,17.288847447096476,8.37532519525933,0.0449947495583878,0
21.851623742755333,7.77565041573467,3.1614944821007054,5.414290189596385,0.2295120816585437,1.928821636163753,1.1621762961957536,12.124396902826964,6.668775545430233,-0.032055248860934,0
595.2804089719796,34.795879863678,13.609621105728367,13.190957938929133,7.693512846074307,32.44002396884226,8.074376736975454,573.3432965370723,7.317501448133634,0.0448901269541802,0
11.665086873967972,1.9184842614851128,0.8654544531624929,1.4636130857699623,0.1582624014838454,9.488067713961062,5.232913481362495,17.04425865645983,6.57376541606344,0.0212233103229907,0
31.90849952941123,4.671259084010167,6.643486925269892,2.0416196011682666,0.5957302367822694,8.990131692668596,3.433697287493933,23.4614639352854,8.377178382120759,-0.0647046967815998,0
1801.9408403741384,59.70789927457256,18.76767508216766,107.837532567405,5.858477401728483,63.081249119545625,10.916073159876715,119.5948251011096,7.8442351522438365,0.0850605575529778,0
693.4879266536368,38.10167586067168,14.04082822277348,53.52309305936243,5.439249258937094,34.88343014609669,1.2157455934701344,582.8217017973293,0.0,-0.1121405410550944,0
12.968481557238048,11.518553685151607,2.3886188276225044,19.134182636412564,0.2398706442986195,4.234165057798383,1.345121325210852,7.275851161319534,7.095355693347738,-0.0039464493209549,0
500.00717712365736,30.83540375031859,2.352559609435564,84.23238836352853,2.611113089606698,8.374274739358116,2.98428015840385,95.2922231200908,0.0,0.0376488584098229,0
1451.851342301088,55.75162717157885,19.94654246409172,43.57742847483325,1.2688007990115635,13.15058577012635,19.473908792490576,837.6572768624126,9.106440513450474,0.048949337639946,0
600.9471430309056,27.37515562165456,11.672553635047851,36.61046192552988,4.334980823768197,22.549263940655543,3.9898470438812113,445.1577909366076,0.0,-0.0701701407930708,0
39.77791184094345,3.905735897842945,1.0781796552104117,6.988714837796278,0.2104360011904335,1.4710113559304911,1.913456797339688,10.532197472724503,7.533286038044706,0.0043783543595525,0
58.267409600192,1.797511785052028,1.283867336632672,0.9961856030859716,0.1163561452321798,9.969179196979711,4.998736959189947,20.74073219774025,5.0934379102193335,0.0070506473118629,0
66.24730217552171,3.379340263540647,1.7698311829553672,7.222020234104843,0.582909609647926,3.766044596061148,1.2509105321983076,17.26974299935913,0.0,0.0092521640610839,0
9.963339843074024,0.5814510454685482,0.3093970092688977,0.5135527176481381,0.0973204284779648,0.99542284069355,1.0450110278622742,10.564982495330169,0.0,0.0182179849019146,0
43.91026862379637,1.9209779299792988,0.5765655597488936,1.2982268498694167,0.1178743899039371,4.580708979511124,1.5974716607193775,17.71774562605672,7.852802482431064,-0.0298649904293405,0
133.8792232291447,4.650806016021421,3.383009119833458,2.3832726994742024,0.5805691738487339,6.343492838253749,4.9725974059663365,69.89804572641654,5.349309307899387,0.0412796312354045,0
1531.6078089100056,37.62475714938454,16.06026757665708,10.0355165998044,6.796802698433452,32.04337543465368,18.05745153573805,823.8082383048932,6.000166315542412,-0.1558943830270285,0
70.52805141193168,3.828061991494267,2.282439832714586,8.831406208360312,1.1958186314935373,15.385409416580396,1.583229792394648,6.469763945413416,0.0,0.0198335576657564,0
66.24041442429258,7.574456726756851,1.7950689620038724,12.456975571890796,0.1557030920795782,2.7597869947942173,1.5925058988837313,8.579771300984332,7.148887187751693,0.0632759933234457,0
24.92061563799993,5.273394564222151,1.3076747158370965,9.783172326638454,0.1398240439570637,3.741526457087265,1.3545451359200624,20.74403548732641,0.0,-0.0074290867705637,0
10.159662308921895,1.2743802986242303,0.9645829718156514,1.6720155160895018,0.2478432132513941,0.9487800283156006,0.3132054553586611,3.4790886349351737,6.677062295222172,-0.0267571614726293,0
693.5173451139785,14.78640243452966,6.525071740678034,14.652468073018293,0.5801784166727919,14.231380126412017,8.193400353364682,13.564156244366238,8.14705312865023,0.003199439632292,0
81.31477188142047,3.6851506189805145,12.058778257334431,82.15646095649642,5.509793692120465,22.727030270484622,10.958357405163063,573.5164120558666,8.787299705007747,0.0797743722228861,0
16.606626626752984,4.98886476753378,2.0721945409245737,6.811520495145997,0.1672506810231036,0.7682058195194471,0.7393916507602327,7.960854719128293,0.0,-0.0528157299222915,0
20.12775357195207,2.65716248999243,1.3409966469239036,1.5270218560226911,0.1218244417500484,2.924904131285758,1.3066491997250684,20.604468824978,5.966114570091497,0.0004373143839563,0
20.677240815088,2.4517364216534565,1.9232817159912945,0.9845333453942584,0.2126964268641155,2.5456269826922515,2.2779390806893933,13.11517746078164,7.427894341487027,0.0276375594814892,0
34.16732268665534,10.684674902398386,2.558519476530392,16.796673033978298,0.2429645848036477,5.053279752009273,2.3686536184306552,21.13691555234656,6.779964586428831,0.0965517676648886,0
69.33385294642369,3.6549246468699854,2.2639889189688644,8.342011190793295,0.9610568405479474,3.953603568435368,1.8079493016845625,12.78047911275864,7.895773516038027,0.0219333663603013,0
24.437484652213502,1.9226039903936507,1.0506017397978058,1.0670441801676562,0.1301425174455507,2.910488876673307,1.1607251259429945,26.88262854975778,6.167710157656241,-0.1284360399437575,0
97.67487185517192,5.915571706186862,1.9023966544381228,6.16549736359153,0.1080329887803241,2.5009507939321645,2.7043867749556263,6.418213697754777,0.0,-0.0692897268283447,0
49.29650143440253,5.554792984614122,1.452256584283082,8.545996556832035,0.0945695167729117,1.134276202884833,0.7972712890962144,6.074442314829217,0.0,-0.0043260319571204,0
570.7088158297668,32.34575588550369,14.250972984181669,51.85508674921584,4.325689522470983,32.454765634892766,13.10492765892617,537.9961329519358,5.934421128489742,-0.0509257901972959,0
55.24404620398244,3.4734235130193483,10.61464312075415,5.932018299190655,2.1688720597156728,11.04572546362903,10.37514163362296,32.90488617183736,8.437923425623527,0.0361289350493736,0
20.1176637159692,1.9968429264433647,2.0082935539321696,2.236630984364908,0.4322392627057969,0.6014841339183389,0.9798466024798508,9.009046357056857,7.1474279509772325,-0.006599041683292,0
59.22212445005408,1.6032771362103602,1.1760380571438245,2.581350350639511,0.6544960606592554,1.54450155872677,0.9525182285394828,29.823240883995805,7.582282996370793,-0.0320351690375618,0
3.901489508140733,0.3378073924573702,0.1378495365265352,0.3835971427959495,0.0661295049182917,0.9212371135303112,0.6328862511689344,1.6301798375161476,7.275928563471786,0.0006742726956735,0
467.19027941822543,31.10581908689188,10.613493777558505,69.06010455885233,4.543480085598112,32.30234694625381,8.137148506138137,18.522738650758523,7.479366011602634,-0.0769640520086524,0
55.9441282799646,8.324228765429599,1.853582025134268,14.37260805201691,0.2570747288983394,3.849440345389,4.0970967496863135,12.821290126569108,6.883830489386169,-0.0109769752973618,0
618.2751896180886,16.222175974980892,9.292590341214154,60.14056772346422,2.2148100584941592,16.189840904764033,3.0969911932208234,80.22001300897739,9.252687864133769,0.1105873713221153,0
14.389436550565836,0.7421645162538688,0.2402900135491923,1.2439351769385565,0.0895021834363348,2.587327301840537,0.8444514092689338,7.043160753102042,6.743369366286981,-0.0024877718626961,0
1374.2698027701929,57.26257692287448,20.80278887557121,80.9265160347802,2.2031334556706708,46.65561069115129,20.673150553220804,1402.9976390181837,9.151495460439175,0.0667364161287358,0
69.26444145028557,1.5099181746750814,1.1653698662722471,1.1173421209800896,0.1922038825878356,0.5783837713476412,0.5579727362423023,7.530295480316442,6.250358860983247,-0.0358281684312257,0
74.19756637397987,7.767569727868353,7.1409074627755205,92.51776722029942,3.02742898538292,45.06414957154563,6.18811342359384,232.3002024781181,8.838886074728912,-0.0085122322914106,0
17.541429586169937,1.87421179369241,0.5670525609812098,2.8061438963995067,0.3112934350257137,3.0963003471982056,1.7199110575061798,15.394097961709695,7.336349200827116,-0.0024439079260884,0
810.7079436403096,38.53243865929293,23.546628234562704,104.1634834031872,1.9018997522407868,25.00761243240257,18.190901763696942,847.533279983595,7.793195724792256,-0.0732290294996323,0
24.45966272561225,1.1766320621653223,0.6193439752424742,1.4910983601959076,2.003742217048812,1.9117429793700167,1.3923114405899868,20.138728838091343,5.812674027972933,0.0313517840248674,0
17.930950737682966,1.08623584634296,0.4939484004402737,0.8522760299375749,0.08355043729763,2.069762430738963,0.954057544293352,4.623887334289476,0.0,0.0037542235397188,0
9.348348385415443,4.094998864193806,1.4113739421082494,4.563101828676327,0.1428954465397594,1.939529604152628,0.8467524224238369,4.875815806398676,5.313053568239249,-0.0236691130926859,0
22.38753403197752,2.555444722551957,1.4424395404968555,2.783568451693355,0.1295116960528493,4.790041008343296,2.0911346624607234,11.382009063845556,0.0,0.0111949716906217,0
10.646010773467736,1.1796451513396908,0.5394310536457597,1.0415298793839052,0.1238991453375895,4.372459421365862,1.72010316573495,9.823226253399604,6.926538082479408,0.0200617116534801,0
45.00008155690486,5.915280290022683,4.029935673497149,6.705138320760624,0.2742433717073804,7.7489696363179315,2.729307913877961,6.379005329408092,0.0,0.0884514114698912,0
33.702192140202285,1.0381254865546987,0.8558951865445042,2.10799127375691,1.4207331633466138,0.5078449719366029,0.2810903172303328,47.910277942414886,7.553027121528077,0.0010751498831817,0
128.87875191298505,9.247421373970198,2.843521663503864,20.285986671766945,0.8078260664593071,6.760134919273558,1.3489010490591922,12.330164926159076,9.619064913972108,0.0743154132422598,0
4.268038430867715,0.9591549369273856,0.6833249007299395,0.1886317352713926,0.0557658888823347,1.6111915294543726,0.9439651480119704,2.3641817534652865,6.3969267628644095,-0.0276043289554483,0
467.6993509640769,33.41532660135161,14.642385893539467,17.84515614620835,4.609734661767477,36.85304816436911,12.988526989615202,14.25989620477409,4.948730156668085,0.0047945258561443,0
104.96734894029709,8.451559156486727,4.478280095673727,14.171728428149557,2.1762709595945395,27.894474321871503,3.0536874763620645,13.921857684795382,9.102365786739393,-0.0207754654871408,0
219.87589912233412,6.2052741825294495,1.3122426308739037,4.7848868292415245,1.445167061130613,4.330034046776536,1.2053353960858009,5.528753629809245,7.986929230861834,-0.0462016572995306,0
32.06322515815705,8.0605143415092,3.450343972893174,15.523555496567864,2.3468485632522627,16.195913409002692,4.261847116279392,10.518434152987547,8.903661918692208,-0.0946119433296916,0
19.45786872761574,4.483783531093166,2.2535755773355635,2.133345990997784,0.1095119524996826,9.17389598097017,3.351604465560344,7.872251287712574,5.782665569482881,0.0068468929611975,0
38.62998402901482,2.8205301402631027,1.2393634958614608,4.203075262816295,0.2734935281002688,19.18935344238556,3.0397428019480186,12.95903507157758,6.073091719247277,0.0097151477357055,0
46.54955037689447,2.8712393617675698,2.461123171015017,4.470725198944328,1.5638421030640428,2.497757340416872,1.7768775906568348,20.256902111746488,7.9018243939365265,-0.0574818006635928,0
12.53247018919352,1.4345515009729404,1.2161973057620603,1.1295229194098857,335.99517748411995,2.3901082392887014,1.516283667867801,7.907072517594298,9.266678379046205,-0.0368937915143473,0
49.569200072412656,3.6480336813312944,2.2841455663510764,7.7161744180431535,0.3352353626114643,4.814072760844108,1.124790811698637,10.169820080646833,8.543155203481414,0.028363933971655,0
42.49648267900663,2.1384342660594777,1.0802425786410077,1.8708461119407584,0.3753438825597109,3.1565575834132766,1.9685979576112431,6.135776965583093,0.0,-0.023919671022539,0
29.399540972599382,3.5874658357320524,1.098808173084234,5.743417867732524,0.0730844531463859,1.0008325536909646,0.6436058824629506,12.780819860840143,6.79512537085989,-0.0260431452965587,0
695.7987581171526,19.17581506082133,6.683421505016952,44.93903590766897,5.839894799615309,9.334021689021318,4.978993078037783,29.66802254241951,9.41473983141608,0.0469546824265717,0
42.919204289906936,6.481225318294376,2.46081090871523,3.1561483865682,0.3001245766063641,7.1158891048586765,3.3759347555962465,30.00987761582937,0.0,-0.0118362570470485,0
21.299129948216287,2.5647129511270457,0.7927761368855077,2.7420474580299263,0.0638086304148166,1.1752641847016372,0.6012021210833941,15.292179392273708,7.496904223207879,-0.0080689006484307,0
750.9634929747616,56.89405750091272,12.534389138118252,57.00965408095562,2.90234441007414,4.006286168875255,12.077838135771286,483.4489038051925,8.612722309877494,0.011096262369276,0
46.08450448261032,2.719931533187016,1.418949088632665,4.023968080018176,0.2617226655796416,2.8302387890657728,0.9664255481916518,9.39001684955335,6.223120747524737,-0.0412348316383944,0
256.01906093474673,9.33662211589174,12.35172138267658,88.74101603320473,4.4645489021607885,23.33109941866668,4.348079736501807,739.4779740009401,9.360657469898388,0.0445840845098614,0
50.10305521608648,1.935418845550231,1.810711374494207,1.511132177608573,0.1367087594210592,1.27988168093427,0.5108284479519604,2.8722900898165675,7.496407106708999,0.0571921989721028,0
19.830115769137247,4.077534895727564,1.5901010234371995,11.254794375615717,1.1474048998099464,9.170102509473804,2.352425600098014,12.389502284607874,8.263009519476546,0.0123685296689847,0
59.49892984454794,1.718314137780843,0.9761088152517232,1.0549379621225377,0.7097199523141559,1.6203474505676778,0.918490899840068,6.404635079066692,7.812641006339144,0.0461981971373726,0
23.90125288741624,2.4960114538567986,1.4646309244988795,0.8096473911912629,0.5780166411583765,8.046951947309472,7.003342411606371,12.096242549193228,0.0,0.0139321630710123,0
16.938266783715,1.7322117312777308,1.183050973084012,2.6409077039783964,0.1361671536221323,3.5657150059287663,2.1121443267883326,20.358326657656367,7.233911966503952,-0.0084064305548884,0
21.670326337041264,8.846146260894244,3.7311673524314513,8.782799274839084,0.2884913688836191,3.5535743829755515,1.4350994673376427,20.433962758972505,7.761058417830478,0.0109791367205684,0
7.897194437045332,4.283067410304345,1.6954760112041474,8.472842103390608,0.7515186531876212,7.921322477355566,2.437346591143889,5.335665948052751,7.756502437406138,-0.0336819433653686,0
34.26282229704805,3.029711374563338,1.5596287045533306,5.9221846170123165,2.9668052810322094,3.2959662046040825,0.5656233956883655,7.129922717452454,0.0,0.0369588208308946,0
84.3612557660452,3.1501150692933164,1.5720460008493224,5.270162948230811,0.6512431130954189,3.498270083093023,0.5724212175208131,10.946763778165437,7.467578587945462,-0.0047105943659423,0
243.5292878303536,10.18490457065092,1.8989445066959,11.358271522273224,3.1372490945140368,8.084832199602483,6.992062114484996,15.190599391194846,0.0,0.0137785240809281,0
10.314425122513189,2.09288127623365,0.636099849857369,1.92336369609264,0.0616176399914497,3.474093039673951,1.5917649224738122,4.809954324384869,6.713327646109674,0.0239056833097183,0
25.70308642944416,6.095401144920782,2.3957563451185044,2.928359102734028,0.4919727048825007,10.766292254718088,4.4515845237706815,30.232238769495822,8.296278670549746,-0.0179018288520455,0
293.8327741132624,20.408212396125013,3.7543224818553695,24.98321875289396,1.8764282954807248,19.517680295449384,6.630644341640115,3.424264685057666,6.662559135559715,0.1039308659827425,0
26.64250156962045,11.974622003672746,3.0033148570354395,17.313428815460366,0.2756513896257556,4.627792580938452,1.7970416325216358,12.435316047141708,7.504836842389537,0.0470824415777075,0
459.3488637016177,35.20517340313798,13.341349397739467,12.400258948224552,4.060846822762543,30.84601225402384,12.99227263588564,13.357874562097209,8.564967487914219,-0.093348602339587,0
15.464319441748396,2.313091469254703,1.0906159272649911,1.986529407887028,0.0822995513881403,1.175559914302538,0.4966045908823143,5.31746076298078,7.667558663544155,-0.0093734250797268,0
19.45596548782116,1.4497058793734,1.474129418715142,0.486303826872202,0.0430522357706945,0.8965895764689475,1.2981358937330658,3.6350610111800594,0.0,0.0198704279531852,0
25.95420474861709,2.178155141070774,0.6036664161725931,1.1327266693866451,0.0294024209989538,1.415364251258585,0.6134980700252579,14.67849612325748,6.4345980752829135,-0.0022622622988945,0
28.688023267037963,1.5231307007468464,1.1017786798097529,0.4553031658422144,0.0645345576529358,1.2390013743360992,1.2327088689421937,3.550859776849892,7.137441435814984,0.000853027069153,0
106.67752165570118,1.7753872618392492,1.408972706839265,1.5492458695187912,0.126478740931215,0.5132274346114455,0.3493445094075383,6.607107214328573,0.0,-0.0023298538894722,0
17.405465674086887,2.407992979061095,1.4825878986683172,0.6947171425800578,0.0951885111773446,8.78481241053459,4.502604337156639,7.906637364176345,0.0,-0.0085477995626035,0
116.51550753232414,37.75743251504338,10.527796721078769,31.297230260795217,0.8432429645299082,37.58837312756928,9.315817407928678,32.08576666523854,8.607156576113375,0.0358816649753835,0
686.8678464229922,41.28098832810935,14.721865369658303,84.18303259547301,179.70094142427314,41.125507999803794,9.51875089641478,600.0925442621851,11.15769118216956,0.0876228887775111,0
40.20896708726014,2.429724320157296,1.1100412763585965,0.9868479256078648,0.2048227060978841,4.8177406248801535,3.578243076415916,15.405343919381476,6.974229937936058,-0.0505621828550957,0
153.6997345697456,11.735796470075815,1.839285938987456,72.12030000587704,4.939465890246886,10.34814700329875,2.409962688725165,55.77051688759416,9.666638216312348,-0.1107844912722885,0
822.7627123875543,66.06667911107458,31.99411023981689,178.33990110432055,4.912617426750024,50.24199850597758,17.704613991385774,844.1845635754546,8.652499342650858,0.1874124036304072,0
12.882841679745251,2.434104754492177,1.1711467208975022,2.050092081546006,0.1047849725365054,3.1897209291764903,0.9864638909363664,12.976931916733529,7.169752160246265,0.0171641803463371,0
1036.4551842183812,19.95825895480669,9.832832411003473,65.66637378749189,6.229143841476114,7.1252072881393165,11.0466531354179,1031.1694409353192,8.403049483365777,-0.0208875618209222,0
29.605830768752718,3.2789710385000848,1.5517987006234613,1.696953029747301,0.3405281001787305,4.389895705201291,4.7848340683574815,18.780842044295724,0.0,0.0240186541810622,0
37.86104132740947,1.5387254250327296,0.4352639126745956,1.1113079244387225,0.171936099454406,3.358445999715217,0.9555043185565272,2.420677514611456,6.557290800937983,0.0071891054662946,0
75.63252849037809,7.973610766697334,2.499307704463856,10.427170157311297,0.3168067409197587,6.415856880505541,3.5828127357410984,27.184807622457203,7.430735069805426,0.0313537674265097,0
24.52327497047555,1.4049799688796996,0.602865424269291,1.6897744843571598,0.0647014115273926,0.7201598924655206,0.6098813161998902,7.329185491175326,0.0,-0.0072190049827971,0
46.477961275378426,3.5076206582318377,2.17841866862862,4.167628334688785,0.7181026530324758,3.0983765562420027,1.0314624084739357,9.113311385400976,8.623785833709535,0.028205149068453,0
14.305717910139029,1.8840396807316344,0.6284465408873127,3.560528964292542,0.2482058785942082,2.8576801614968432,1.6212998148454858,8.967305187967328,6.757489064259215,-0.0051271153852881,0
4.5731651763559205,0.8010139514450882,0.7512895121235661,5.1616874794034215,0.1455689004405645,1.2971522405118825,0.9083454395792748,5.247869709519504,5.196322933462958,-0.0851671613983272,0
77.71853642278677,3.62073139932676,4.031753221611969,2.2934341731128867,1.9936750996847568,2.4807124088446333,1.4941604552755363,7.490249267371956,8.653229862107871,-0.218566501017923,0
514.8382608413442,15.805462583975752,13.326254416689252,86.17641368637156,3.945835901805296,12.917354366756364,13.849581516941493,493.68068177973146,8.575443570152109,-0.0136689611342775,0
1178.3451038773046,51.97942688679552,10.972576871687409,87.72391280591869,3.6460754516733935,51.15162326418989,10.938302020955147,1136.2051839894302,7.953873368523216,-0.016094028518819,0
97.2462461414868,4.651951863070877,1.411901079957221,8.914189771091706,0.3839910431489555,5.973376784484568,1.0080293339328927,14.477604286180105,8.054573825343981,0.003667908389706,0
88.46558866619169,5.581071923205725,2.18014480578304,8.903058467369965,0.6282975344448507,7.1969600619230985,1.5042822060926426,8.55520609992283,5.73994140031045,0.0008832014630973,0
493.3380999192636,24.33707124640605,6.656290428205899,143.69987146910216,2.610684000258002,7.567510669767111,7.666998377952938,160.88968660260886,7.059894617690025,0.0341857609815535,0
15.609961138223126,2.034274840999701,3.3182221062682515,0.5403809907182707,0.1818692247045828,0.9322227270807316,0.5765359101254888,18.686969003350367,6.673574290719088,-0.0286684391212933,0
267.1191186839617,7.568879066864127,8.001668174012524,3.3514905452859214,0.414053894620972,2.5083717546870106,2.269381495608251,11.53734657944636,6.392847073310768,0.0081366688880821,0
9.506231855950002,1.5422958956299762,0.9460694273558488,1.1951228790692792,0.0942963313140119,2.02632393851428,1.407620154935791,10.007665940165744,6.994813838107138,0.0129175343627141,0
87.93699119287737,2.4527566016079736,7.240162800264856,1.1179673271849215,0.0786123341458745,1.276893048495158,1.1965634530094151,10.038594981580896,6.343586105491004,0.0127823463478913,0
58.80099909401428,22.209871399784483,36.851952953505695,0.8869164051496384,0.1423455173939321,0.451109174486539,0.9288265668728668,7.40100392329824,0.0,0.0905255930615746,0
250.2634420421584,15.791417059653096,17.618114360606576,1.1574189476756511,0.2576600540887031,0.7042883966989277,1.7683508590112025,25.268983408322416,7.4181174164529855,0.0324625792926391,0
32.087894250517806,3.477856965531501,1.0081471302049347,3.810582253152607,0.3213729804392329,11.507497606196454,3.3448066060044,20.222594546449915,7.097239117028099,0.008922564103414,0
1310.3611612010257,38.047579014651006,9.739110779447037,60.057249765719135,5.1268947633826105,17.069092272357032,15.54170602983555,1005.2246605801412,7.882903851851068,-0.0259370085524681,0
28.563897907573885,1.9821506829817253,0.6264625254019599,3.671213617976356,0.3004318505638206,3.917883363468548,1.9150519021419727,22.328705198935204,7.947577760776697,0.0028666264043945,0
26.55781837052444,1.2788922058663617,0.8177006308582427,2.2388906839315363,0.1871017786744423,0.2148262997606558,0.2643882997835101,27.721710476781016,7.300084794427938,0.4827241334098933,0
19.89234029919089,0.472556703757466,0.3109479384864835,1.7644414327316025,0.0496970877974147,2.3530412211205176,0.6143942718025711,9.784441673261105,6.672161834292023,-0.1953583364748153,0
386.7967496286306,31.90937863573145,11.423867920819776,97.9336228009156,3.594603806807416,24.03103734285464,10.136303754834882,15.073572015776715,9.615491987807284,-0.0459632917842741,0
112.3151350945262,2.5608099703369853,1.0010587200134815,3.7606620041879615,0.188114304357634,2.6514629040585063,0.5298210711975471,6.260893051600185,7.638501952869829,-0.025921430458863,0
692.2433569995497,5.911448224595392,4.931901896036188,5.690491146390348,1.0900802149865698,1.848187509963928,0.5720266763864946,49.148795542478894,0.0,-0.0004386296076695,0
90.77546432815905,6.752832780365653,16.320668897399596,57.1987746193539,5.363565252280941,22.822704240352568,5.481999792874213,508.4162220299448,0.0,0.1562266962963907,0
19.8786646571438,1.6967584381355898,0.588714030668055,2.0296907981082346,0.259700941465227,1.664165164330606,0.9437541039964924,14.218092949999496,5.515340905604874,-0.0060449100642772,0
573.4186840833983,31.868460790040945,7.857505045593522,79.62451937005893,3.167446007934081,31.06017924284327,1.133316381674225,552.643495560716,8.555739881818594,0.0124122955917702,0
32.98368072686383,2.9405037354725856,1.1112775772812626,3.5824049367196467,0.305192343844436,1.4804000862919444,0.8414985229077011,20.440343068228213,0.0,0.0095663411467376,0
1342.811950307096,29.42322780553945,22.099701206293854,45.252242540081866,1.039020858931038,5.454174180999413,9.271808221520766,49.25511944500597,8.25199325814169,0.0232000338622648,0
60.46325004173377,9.549762433125842,12.137649093150491,16.87092608224599,4.102172615601903,22.615119913229023,2.9753096291593373,465.1695182677507,5.7697287730249,-0.0430161991024861,0
16.535360874987358,4.459153466072885,3.481220891525712,1.1841150278289507,0.0443431026963403,1.5876013195949958,0.5253813215681821,36.04913924362745,5.1212095386249565,0.0540864685622526,0
19.819299819729,2.3776500960429905,1.3437855722907015,3.19825447379363,0.1081307529228914,1.1053081953827557,0.5325236045541902,4.933158618917184,3.316294071936009,-0.0285140427334717,0
51.42956217654783,4.021236033749549,1.8005917475358275,8.465805489685865,0.5264144419530266,4.154285063775118,0.9456402119455528,8.584168392379773,5.547290649620919,-0.0289015213602533,0
5.812324866794768,2.0879947358576496,1.6326713360555491,0.7291739097455485,0.1211762206344692,3.2490499159875776,1.4596026252276664,4.680155909567608,0.0,0.0282196622588834,0
163.43937030611454,10.59175261204016,13.910426505990332,82.4119098276796,5.724208246618301,31.73744225073841,13.227333092856364,233.00090066565903,9.99656811716136,0.0829762746518363,0
28.0194140466132,4.505353524295928,1.4363806060141553,8.863739025187263,0.4482361832184627,8.39433392494678,1.624396669827435,44.63745159506609,8.94317060738823,-0.017818554023432,0
5.117991481740575,1.5953911697821894,0.8517173145521211,2.891998094111353,0.5388741991099969,2.3369854247064707,0.3195156385899364,4.346723302836351,8.04576906542176,-0.0178970304388679,0
55.66405119760968,17.83855260548363,5.666186833305432,42.34447065523976,2.8825216667489286,16.39967407598767,4.651956101009209,13.002350371223296,9.423769212798332,-0.0857384755142969,0
48.735851736015405,3.675961183397231,0.9796409977925308,5.065643606758328,0.0879220144855683,2.6091752596597617,1.7213659400704722,5.025370198559788,0.0,0.0297651988353721,0
199.91472415362773,32.77182405219527,7.545710610610364,84.01496829835516,1.7830915415718998,48.65107907064529,13.323350863936623,750.3714873096652,6.463233887727259,0.1707976335128521,0
13.790604737773728,2.6336822058466347,0.8474490189741694,2.714526436061489,0.1363484171120879,1.9204892093706143,2.2769882786046667,5.341429788781113,6.348159298444438,0.0022559546146048,0
446.8174242586152,31.354022012215463,3.7023371884492864,94.02720564118722,0.0690226478222369,28.750720419898947,12.975971644321302,180.2501094062502,6.423605291375478,-0.0485278691260857,0
17.218485175905855,1.6229691316075732,0.5515906222370239,1.2194448714642576,0.0284813887846209,0.0935088490360191,0.1799787695396548,1.5417708871205995,4.561577414439496,-0.0134522939361816,0
26.527352228453623,1.951110993623076,0.577335986802812,1.5837157563336826,0.2037881522321736,3.57798340984152,2.0733422795698955,5.6216217115531215,7.0470536123327925,0.0118031353412959,0
1253.034332686065,37.89970161286296,17.869633083132964,129.8530334508163,5.574979485075329,38.633083959554725,17.813431859075035,1251.5533102435263,7.825088799035353,0.0017104557077178,0
16.897719412285287,0.8507058898411408,0.3416049487856324,1.234501344399236,0.0337215872466699,0.4451194563368627,0.2461636109545705,2.780727350743656,6.700458560833968,0.0071841406951003,0
150.8173537102126,18.923555036225142,3.6895467294037454,29.798152552559987,0.4862383706820556,1.895384505148268,3.120481004989705,4.903045211854813,6.619739644636648,-0.0062342518850035,0
38.14219570732632,1.6740198865007971,0.9586576124779644,32.21995356188569,0.3373812325307029,2.683711901594532,0.4825917073547053,5.238375441986466,6.260072312698925,-0.0762789713738981,0
63.39912377781823,4.137171060764737,1.5843222915630728,2.3385065462814447,0.3119036984950365,1.1555986146366573,0.7611286205632438,7.5853948682694785,0.0,0.007039824018282,0
11.010296971175782,2.5264325828657617,1.6681057650537898,1.3481731329964803,0.093560325393854,4.524756618987615,1.6145131161874509,5.545181075172717,7.4423185425849985,0.0215937839110923,0
86.8267472363496,1.497363965957278,0.5549245605258089,0.7225310919771015,0.3545186913607753,2.0971449936608773,1.4232030502172106,6.698928842367745,7.6052006812449875,0.0264782767628585,0
23.79723412131466,2.250653019844972,1.9663395729662567,3.440326335180996,0.4363565126706544,2.001417958862174,0.7769088825451873,8.014607724718697,6.370960323808572,-0.0475140923708794,0
49.81302085234274,2.6762736909541465,1.5847926729248067,0.9808705411310732,0.1839592813258572,6.981835571562506,5.338856436103623,14.917187637484531,7.1081141466682976,-0.0045694585249643,0
10.0285934490632,2.0393456598542503,0.7037551404527632,2.790764680903812,0.20696198305894,0.6418744684848791,0.9769226579197934,6.568214805823945,7.200948826447308,0.0208162320561921,0
58.40832371397699,1.0426663284014168,1.0984734718814508,0.8052227383975833,0.9418794160254144,1.0951758339735358,1.4506494751119192,31.888674849185453,6.896185930256553,-0.0233857889428912,0
26.513461343055788,3.2554215629523817,1.433113862033209,3.6006473267204555,0.3762056612145752,1.6350359945615145,0.6805961595985855,3.4565699921180864,0.0,-0.0122562977784265,0
50.69716795782879,1.1939009950540649,0.8542747784513209,0.4728888417655709,0.0557927949741378,2.767574330922398,1.3084299705800666,17.486318938753953,6.592178319690075,-0.0084381436971689,0
21.467416072563104,2.833870863424306,1.1721014937873362,3.2297520447118555,0.4349467898458605,1.3889534038897315,1.3409597861025144,9.88351802105272,0.0,-0.0329500581737302,0
43.9568263018408,4.983100870909468,8.706388686637549,3.16597321888894,1.1395174169133333,2.063150958590477,1.271147777941572,11.130350556691909,7.463968206440616,0.0453687228212869,0
15.562229985792046,1.789431119794212,1.0201938547584113,0.9978668726957624,0.1611530372197671,3.8388190537085647,2.597284741466644,17.830959870789787,7.293484567763913,0.0497938934103744,0
486.898871109759,23.7788371416228,10.401248066016436,52.515034339277975,3.5437637274424425,18.65414325659317,6.88953089628192,50.22431112533062,7.897131668352664,0.0727607121771516,0
80.50129316492848,3.325539948670293,1.1892101608481298,10.6127062976565,1.0285526654315469,5.616576781891107,1.158845554619855,18.77709856858823,8.057451429566893,0.0423570241990849,0
39.81609501591307,1.8460526161143125,1.8884809066784656,2.4053218698705456,0.8995411384187024,1.4898523662159475,0.4378416501382648,12.570126349914233,7.949966396638455,-0.0372856507104429,0
36.08770840034845,5.072526325199464,1.5272868189264284,7.574558241275835,0.1613904703450322,5.94312435919518,3.476278583459328,3.1957846732705817,6.227961782778291,-0.0703670443553215,0
251.4714996016533,6.815052488793556,1.1653562370626696,0.6692022122756295,0.0992512617386408,3.732011642293267,0.8002719100831314,10.874639833137238,6.02600142186991,0.0384839910753066,0
39.85950427368624,3.2104459342905933,1.8503263995981627,4.762670945817256,0.7192716117507908,19.076001859182742,1.6671319196147198,12.413045835618208,8.125411920162023,0.1299128876750382,0
26.26372933665783,1.8475095942005568,1.1513327512786722,1.3360129527581923,0.1283386768340607,5.25859087206531,3.221126407412876,17.86150783553446,5.829810836444088,0.0583315823460624,0
19.811250644444907,1.9726709119385133,0.7201873622138812,1.4009602989038117,0.0466252616299578,3.08213892406741,1.2987281621325224,6.878626485081512,0.0,-0.0016689453532555,0
28.780058266361294,1.6124890225431074,1.335380848698584,0.9367443706838084,0.044266803972487,5.710944791220462,2.29482582512168,9.099155443356551,6.053194132391749,0.0004671419322274,0
85.0773788153093,24.38268523579936,40.9498244834418,2.02182722886292,0.5743854089048323,1.0703403631288428,2.699797456282216,39.42016473961076,8.803470864480788,-0.0439080909955214,0
52.227610697131546,3.993582031153412,9.667923290815288,2.334727849667414,0.0662810659263803,13.768900563882818,0.4148925121787474,33.97630200522325,6.909991500631786,0.0028492863879662,0
103.49491353347648,4.841969645931375,2.6651209060894083,0.8571709371402217,0.2032133154501925,1.6220072162522836,0.9126369127795212,27.82117102426192,7.832406211165082,0.0221663489963345,0
24.681446523862054,1.7830072773832426,1.3630549444779454,1.3969613177002091,4.639006520497759,0.6935249011177591,0.7936654161974452,10.60235415051012,7.401253349410827,-0.0310174946600865,0
3.3060594561861563,1.4653265653888532,1.4761744235488787,0.8268950557541999,0.118613072437481,5.147512071245502,4.978992925097104,3.728564634728504,6.962524293213423,-0.022392385327832,0
11.62718316503214,3.4466456188835624,1.6392069766054995,1.1135162711475328,0.1196596960989828,4.053405880968443,2.7982629601046347,8.017990893179146,8.012910094204472,0.0568618624886356,0
50.11170020800357,2.945275975852157,0.9723240309358888,3.095985516743427,0.1874092718388964,1.322966823621636,1.7092693134300478,6.496990129087642,6.553796812863518,0.0141720519176804,0
25.28596556955419,2.492416486757888,1.479615443913529,0.8326491426754746,0.3042716249283632,6.681899521258014,2.7991854957346045,11.178610254768806,0.0,-0.0449655870983438,0
23.774512463653146,2.5074129803486067,1.7343999376964374,4.629371674523804,1.9044054028197088,2.0572091535266166,0.8327913561687642,16.712659380615555,8.387349349267112,-0.0349850561361809,0
8.593836623612207,3.3658234469798938,2.7281793007776742,1.6567885383733203,0.1692730783355276,134.89475080452104,4.3980054755985565,9.914141565994893,0.0,-0.0503070903822244,0
24.225039918219448,3.231503368790533,1.2747534794121056,4.384666689464011,0.0847033905639717,0.3878626909067645,0.6421622215283348,3.692500606276477,5.786861298790593,0.018078743606414,0
269.8945508272022,8.521956529722468,3.612499404276768,27.583800435589904,2.0057900172245446,9.619923323654971,3.646367318581397,236.44271467093108,8.864405871342287,-0.0213411850479083,0
45.42059986620757,2.892479412962289,0.8179201423809532,4.896918047113112,0.1313383022325845,1.7281448172965987,1.1110591293010803,6.796820620515748,7.956426072630943,-0.009132312102123,0
69.04943779812479,6.10573683303825,4.69714140526373,6.176844444489363,3.73540061682433,8.038184786675767,4.912678569445457,10.163195169079318,8.467395459759123,-0.0477598692559476,0
72.25885600391436,4.795461226179064,6.837259276923121,5.8529018587032935,4.381297113537375,3.6174885929568568,0.8696202785039601,11.826096645581131,8.509259311051508,0.0123165809411446,0
31.096702773291625,1.898966078600265,1.3356812197227643,1.0973299477970169,0.0571680321955081,1.4709861332313792,0.9584815674239636,21.11657568472786,7.160824476404841,0.0073238166900066,0
4.977995007105877,1.4395127716015512,0.5126661979849139,0.6076153527196791,0.0423011670481941,5.127959816407351,1.2367408734103589,4.2585716283250905,4.471999338464066,-0.0316004739204688,0
133.4158790958645,1.5899762692840005,1.4412796070553224,0.8282286149871663,0.1353504162834537,1.6924458610649198,1.0478973903319144,21.420815228556968,7.60910601811723,0.0490545173397453,0
50.627140242091386,1.0140832448818429,0.4590154606655593,0.9881720941843252,0.05370860424542,0.3337267460519753,0.2125032348846889,3.3449310702402086,6.793362956140096,-0.032213941903891,0
1356.028288039741,28.38597417904525,16.244409841414644,88.77084365096194,5.128450158305803,28.206600640359287,15.597541666642822,1644.746311046395,8.937641054467608,0.000538878758624,0
32.94610354688711,1.1486190390832736,1.3832973494711225,1.4589201750537557,5.285911286673041,0.3827596629997069,0.7854096936285453,8.293977155609024,7.519157662003305,-0.0351262878873401,0
25.527002499487534,6.948206409288032,2.534051083188896,24.14644421757865,0.7743616791693321,6.861734725496224,0.8445342917286801,12.698267917317226,7.781683708306978,0.0197045699837032,0
15.906199307784838,1.381365371490863,0.7819993981111408,1.2117721018253744,0.0358304390619335,0.4122155146434589,0.4730885000922679,3.974085440581896,6.838713189307208,-0.0385742612173668,0
12.088952598937595,0.9325577425862464,0.5375334092816211,0.355707584852432,0.0416536681961872,1.6005615884770237,0.9756629995974176,4.256515535695462,4.797999970973994,0.041038594253962,0
71.0060807837143,1.3877165260027398,1.2570796446343893,0.3689580234919177,0.1855279123979031,18.38791003114942,1.5002435088279424,12.082641168575575,6.568019975771304,-0.0336900035618267,0
23.54726293781943,3.482594216478782,2.2981032039814235,5.4874691454091975,1.8067157519441064,1.2056303912539872,0.8020811116990104,30.46231445646001,7.726536271491759,0.0309323838455171,0
744.1006929201358,34.9079106094807,12.314130383879773,63.3391474291035,3.8718485722856206,9.1038622650859,10.99759662401646,202.9980071883564,8.102620729765995,0.0145847369680431,0
34.42108346500258,7.077608083763321,2.3414649062703794,8.448934174779843,0.1989330603456628,1.7046398516159118,1.1814023927717114,7.296590121167357,6.651643900229968,0.068803952406781,0
379.2262987216753,32.79716347369039,9.438314956513372,23.391383082574578,3.158540062625556,24.371226202135304,3.6557979180372193,327.58966137338365,9.907709760720111,-0.0538905130290787,0
11.786681878305776,1.9108534279836624,0.7729670277612716,1.8269131275085149,0.4266149953136996,0.4920543814816729,0.3311212068111418,5.628292566072459,6.662104832715524,0.0032281386179749,0
28.58625373812532,2.4590027655060904,1.5148363235046371,1.9859182376922555,0.066881379242611,0.3662874484318446,0.3796928319019956,2.848147423369148,5.982017830328889,0.0297315295422944,0
27.338115706179146,1.0612466505145677,0.6385220306997383,1.2521506645588245,1.416333425777108,1.9031230802720545,1.3573189610936345,12.36378143912757,6.81975788711862,0.0177408656012721,0
140.719028239169,2.160695957390571,1.2408337544495125,4.175702010715203,0.3833544251536081,2.2357692924041657,0.4776772218285459,52.13186179167965,7.223736774184807,-0.0119812460418426,0
53.4815233299165,6.05284996365269,3.1534819500746423,8.528554324460119,0.3150261345617192,2.6616625361925137,1.206393179743492,9.59757135329844,5.836541522250718,-0.0881886732163555,0
22.29781218556708,2.6142634184268383,0.9094841610554424,3.034408112477778,0.0558498602164794,0.5636097607936909,0.3728793422386571,3.2457267866285555,5.822330200718608,0.0188872215651578,0
662.7943427123688,36.870112555455286,14.838132905057988,52.92035747223258,3.5852445346183384,36.26054652161296,2.0721284491562315,618.5863883681551,9.22314252503543,-0.1226742528968952,0
695.3429485955535,23.078055566513957,10.208303537703229,33.865218581249515,3.550414900452276,22.47710120217439,0.7464307672494841,15.918977929556318,7.174234497761451,-0.0378994905431076,0
49.115050555773,4.880519241563873,1.742536139289235,5.254754832991863,0.1695016045511352,4.320681473101853,2.1092391745203325,5.154242129322724,7.674785104020799,-0.0008308857379946,0
41.42674628287241,4.132194878065371,1.5260047376901105,9.771667596146234,1.1256201809187103,5.2321321020275215,1.1732727139280617,8.231411284173408,7.381014587331361,-0.0064947416521045,0
8.900477986433678,1.5595522873887568,1.5308403793157197,0.8970656219037018,0.2798065010119349,8.787047240053152,3.3817807925647068,12.71392864087698,8.253896560573699,-0.0634879420976521,0
1753.5596092231383,53.29530391741583,23.291676696688608,115.0671611015876,6.048940642610821,46.05039886856383,17.002624073331965,953.709390480382,7.802333113500946,0.2100012053419449,0
37.03757308717651,2.8817418257853453,1.239020230800439,9.22712146173152,0.9956677080968676,3.926973938107552,0.9990998049048956,6.470898742854416,8.492391910396336,0.0144117974139551,0
829.3943126469518,34.048350768527555,1.413901395820658,57.975587397828825,7.010573396704255,9.545504260112027,16.310016703709742,972.9825853520504,0.0,-0.0936832399584723,0
157.26024071398757,1.4336643534607936,0.6311083953731481,1.2380513511845792,0.2422648006610701,1.3106439419859557,0.7134580768682571,42.55324564946898,7.068313736395996,0.0287445043580567,0
27.59064220095654,1.6532507220416766,0.7590366437653135,1.582911149536809,0.1437352279757401,1.1546518942149762,1.1347402393326602,6.539791317433621,7.387253852310855,-0.0121229638351279,0
134.43385588825092,3.4011587294052275,1.932629758568132,28.26300915057604,2.876772083170092,5.279886429926786,4.7624973643009945,151.79899787805817,8.769565375754272,0.0496164542125189,0
20.48548989827808,1.1234517556714612,0.8753090144525633,1.143207250446079,0.1820247443929075,0.9656860531605564,0.7332798828836896,7.230112574015242,0.0,-0.0069400296850233,0
53.226581689258175,1.2286977499992284,0.4149896245623973,0.7974341529458827,0.8674801487844469,2.108161564489396,0.9911818871421834,29.00516846538677,6.726948011195363,-0.0406762719604054,0
641.4606661556252,18.52388229585144,12.493839610796488,88.21532668662756,5.7555307316586575,12.032383854221964,2.755929938604879,17.93824384217573,8.455871091529882,0.0448753510270337,0
1517.0039323123324,41.17670778655644,22.709767777517957,124.4105936463186,5.299171243978488,28.030744548115837,21.88229607280285,1349.372661875155,0.0,0.0236722622063463,0
10.37328503583452,2.3426373894502355,1.777419083162872,1.5500427305287132,0.0682250724070576,0.3021108235409292,0.6259111960582869,2.251201023800269,0.0,0.0006093994602893,0
51.09542739474015,6.134973436478073,1.3245836421704875,12.805399815846222,4.257002603526221,3.1261165808467952,1.3067092997932126,7.075117140589633,0.0,-0.0134632391076731,0
9.641179493294125,2.264742961794872,1.2730338767098237,1.067138805682455,0.3753010236814421,3.4359896231589784,1.875664558194148,6.765533575976616,6.261191703701801,0.0020195836967025,0
546.9152736249588,28.52134125020925,15.75028632282423,64.09578031490734,7.266842639798875,32.55653244926148,21.739069350512267,587.1294895203248,8.096846149684904,0.0006453197819506,0
15.018482796245074,1.140194896962009,0.9445851370675674,1.499005566556506,0.0619514344965942,0.2639897968192441,0.1623890208591046,7.455917930089988,5.7868684789377935,0.0159110115221185,0
238.4372980730544,4.412223000086717,5.587010912950934,2.170409835782872,0.0810575472943514,1.7315468123118791,1.5936453313648462,10.379895494827403,5.632710413387708,0.0127600951700692,0
30.813783003893285,2.6953839156226183,1.8268113580851548,1.8289519707862856,0.1533681531205147,1.1439723680709546,1.0893185869104065,4.660742391793427,6.177144045269808,-0.0266813112544811,0
10.52622961215438,0.7278253069370247,0.5192685321600837,0.4180254962484852,0.0493730682738181,0.5985304223127617,0.569962638400776,5.537836360362675,4.029259400761705,-0.0225188190894231,0
668.16759639973,16.775557026207885,16.401257816950846,112.17560512201874,7.18381780409013,23.23471539994073,14.200344333951426,53.35329008780915,0.0,0.01616517296813,0
135.81644670010698,1.67220258654968,0.7316714495629127,1.2237034452892603,0.1171622788101098,1.519250862837449,4.929109758070571,46.14666573778256,6.959949184339743,-0.0154704419488917,0
12.373238414478694,0.8281853977336382,1.6863920812289683,0.315962119488438,0.033232922848259,0.6242225767903843,0.4454198245042664,4.906589756687059,6.249874005670352,0.0113185060562949,0
26.05886193343523,15.069749125327224,10.997908435339497,6.809371726283014,0.4589411291003802,1.5273196983125374,1.065531487488221,7.987784809732371,0.0,0.110815056529397,0
1270.6205561824895,41.88738954546357,17.24063779804332,81.27096723135641,6.115420830329244,65.51005023210925,14.88804657375496,1516.1096428882377,9.674712059588693,0.174855838082844,0
13.538846961907485,2.5213401297149782,0.9544319293057858,2.8692860943559286,0.3396394471376324,10.5066853263783,3.5730147760990376,7.038966019485351,8.07772306281359,0.0036645951221872,0
37.194091003972055,3.4991116145444625,8.032927833046005,88.0937313729828,3.621676300243584,22.771151794921888,10.910618944946222,234.62342547751115,0.0,-0.0290191560987721,0
471.2411350035604,43.64827743012538,15.669566083841204,56.96218777039964,4.52328025622304,47.54715350389273,16.364841007041477,255.8920104108633,0.0,-0.0209026468171384,0
1024.9966269374156,70.97430538375473,10.309218806735055,126.8940607768652,4.614973452689805,65.2359525563307,11.439998172673375,999.8439269291536,9.142456527225578,-0.1461648014221117,0
21.75944203904963,25.78393574019587,11.136172057748704,25.322633308821413,1.4447552671235542,9.204014451916846,8.241682249010312,11.216951275443538,6.773050140891357,-0.0081812505674969,0
4.627742789230786,17.385577236738108,12.210982810913428,0.6699687627425605,0.196494462550737,0.0813244454654625,0.1625081745820799,1.909860999918641,4.0164337698212185,-1.7955204644403635,0
36.35697417783523,6.210007278613036,26.522131066919663,1.1869390398868425,0.4956732604720121,0.5267835121354925,0.7083954037083554,11.228875585637804,7.450069505258067,0.1802608477425989,0
41.06745772757222,4.9177894195327365,5.674941214471463,2.1804907510746983,1.6358198280109366,1.8322848948731727,1.0522951806998917,7.360925547771924,5.494791972749401,-0.3781804053801662,0
77.71853642278677,3.62073139932676,4.031753221611969,2.2934341731128867,1.9936750996847568,2.4807124088446333,1.4941604552755363,7.490249267371956,8.653229862107871,-0.218566501017923,0
23.281093704774825,1.7389604629563933,2.2153798441426447,3.7160965064336766,0.9690050563590316,2.8651646072196577,0.6278309921039011,17.79759372221509,8.252649982987709,-0.0076083798597067,0
111.18791823486876,3.407692351241793,0.6317715034129189,17.420662288251883,0.1470821438057012,3.5491092011041783,0.244628661764796,49.111152050070565,7.97506768390029,-0.0071444484080709,0
72.8459824445677,2.403686113453426,0.6934231982440845,6.706593278390447,0.2253202400575116,2.9254069179305566,0.3907471177592533,20.376346277126945,7.003228710221302,-0.0015105988863535,0
662.7943427123688,36.870112555455286,14.838132905057988,52.92035747223258,3.5852445346183384,36.26054652161296,2.0721284491562315,618.5863883681551,9.22314252503543,-0.1226742528968952,0
390.136615375504,30.267832340885228,11.052370550201507,88.42501282101959,3.1238798329301685,38.32933785403253,8.730214766678378,363.56363526991714,0.0,-0.1257463410361728,0
695.3429485955535,23.078055566513957,10.208303537703229,33.865218581249515,3.550414900452276,22.47710120217439,0.7464307672494841,15.918977929556318,7.174234497761451,-0.0378994905431076,0
751.5289829709677,50.90190480823841,19.967762514323383,96.93042311020696,48.687674732882535,41.79379923400285,18.29922769364528,531.3272549567007,9.311683193090309,0.326158202153106,0
645.1468746461715,24.08749819808576,9.237486438718731,45.78880877612604,4.395000277076818,23.10954770929204,10.06357021934916,12.947020480693643,0.0,-0.0286460576662102,0
382.2721105480857,3.1806337680437737,0.9842055058619588,18.874104687569396,0.2840127918596771,3.777290839706341,1.1739730342325054,390.2795224391581,8.919024854468447,0.0017576099552345,0
33.620729626111654,1.0842692134641636,0.6519572889752665,1.7972556304693088,0.0658100260192683,0.2892463304995574,0.3998677639637707,13.863861344562933,4.679837051743316,0.0169905370110026,0
10.248942664893674,1.5947379377131394,0.7672489406849617,2.1630222612811947,0.1216849146987654,0.3521186706494923,0.4271449910640385,5.756758713254799,6.744366989255049,-0.016848772292729,0
29.98991928822196,4.054810909264806,1.3601010341787374,6.619869661148921,0.0781917108805793,2.504886622954959,1.6207709000420207,5.99380212291268,0.0,0.0337706308546945,0
17.260098436828322,1.0845960440290785,0.6782274200051795,0.3095231672521083,0.2336985060838796,0.4052627117484041,0.4218197307534045,25.914155065504524,6.987488015629653,0.0383091817153944,0
295.6452881177469,18.15635321799457,3.951410584463429,55.72728552623784,2.461061859582613,1.5325608259291024,7.878831975271527,451.4971143013352,7.8411931360688225,0.1035814322273256,0
73.30528974417504,1.3199898509105474,0.6384314385721878,1.1235935592038568,0.6762173242761074,2.1579047584385656,0.759630020468499,47.78963700903361,6.825044209083877,-0.0291063280636631,0
28.21914489112111,0.7450270540047763,0.523904342665576,0.8327656499465087,0.5125897262608499,1.2988982763072616,0.4410019801917169,41.475637199135946,3.691990258630808,0.0166667796712376,0
30.06159109349275,1.4020673888186863,0.8532874985280564,1.4387335625113469,0.0500214412753267,0.5378378854132602,0.4482694300389816,11.122347408477696,0.0,-0.017763545983582,0
84.12216501827726,1.3356552232137775,6.268219349179289,6.139246505216732,2.433431603815349,10.654721014305888,6.298930319909219,363.5617566185424,7.797206456698023,0.0136388516239876,0
46.18647312299306,2.5079070131908936,1.5260418351157437,4.114110737253956,1.7944174091742433,4.173401821153933,1.573646321442962,25.01761939071305,0.0,-0.0248035918649505,0
719.7023746165945,33.06153384040647,13.6810693633576,62.22927144321388,3.713401817457344,36.42243634563374,1.8087898556767328,703.9190950058704,8.521036890373558,0.0228240730709456,0
29.093529288477185,4.470128960817807,4.096171801915653,4.035958575983339,0.4857652810433064,2.572570021126121,0.5135222512672434,3.218938551114224,6.793025171488121,-0.0139214187061152,0
104.14990860495766,3.079993945528914,1.0138216012447403,7.584599709369328,0.2955877750809475,4.617723723966338,1.6492815911919685,8.743857768709308,7.304453169791121,-0.0326848424035738,0
26.96514697488812,1.6587611085217917,1.7785170783422035,1.0562562414315568,0.6318241459980162,2.996694741474654,3.7380787921774825,6.356682466958955,5.149376594909888,-0.0201329709741453,0
23.569445982669716,1.2240758380528236,1.5736171711053817,0.9978489648795756,0.6933179424477574,2.1004381095048075,3.383722089889074,6.2647228873305325,7.25621428459303,-0.0569778447780185,0
54.40545891848152,1.6450729435532483,0.4632592168994578,4.636935536942142,0.4040907931551573,0.6404910672280072,0.2648044430219107,19.226753191003844,6.348968404991775,-0.0145187527471115,0
118.9459516074416,3.87686652422001,3.6469570617474063,4.674805172627528,8.603111779587216,2.681975956669502,2.9925307241847188,17.356752549357587,8.61616192711031,0.0737611828363726,0
19.296277430236927,0.6185582233150101,0.3036482794564376,2.2741836966771607,0.1914780263582113,0.9823742675367952,0.308721234395405,8.899103691452531,5.444376390290816,-0.0508162257227662,0
19.53846705213654,0.5935391742100115,0.2283429434167443,2.000320960476722,0.0768339564905198,0.6198398748743228,0.1403412715838514,10.28005149936159,8.481941771582994,0.0073991877484659,0
133.38723463705054,1.5443712342318123,128.79212773922555,1.4262995934602174,0.0532390639431197,2.5141500244358816,0.5902425338230572,52.57837844300611,6.387282166325423,0.0392082479579646,0
153.98744410434608,3.0434434237590047,1.9943687085205937,7.139832175487125,183.65029271916745,7.1540906572646366,0.6221099605613227,65.01918874431665,11.173740174205872,0.0116492872645809,0
11.560476976082336,0.5218776875432476,0.210659888537243,0.3316078013597328,37.94794877582676,0.6565973003896571,0.350458664623342,11.693757591332314,8.803255187652828,-0.0090539351707424,0
45.87935004724449,0.6527927294163226,0.1740314982795424,0.4498777182402125,0.042180636819765,4.119849499074223,0.2158195146487369,6.975241108243727,6.059610653291778,-0.0374096773664825,0
18.375656299154667,0.550118811890433,0.1135797881549983,1.0554698502606226,0.0915360523286204,0.6741008761032765,0.2665295136083676,16.015535243681242,4.156342678828884,0.0008055001271872,0
31.942630904316893,0.5246478337359928,0.0917774511855724,1.1085321021077006,0.0291796917468914,0.685293629793546,0.2701302374250705,14.228502472042711,3.272763717202225,-0.0332599365547656,0
17.751282369841235,41.94533157355421,34.629107042241195,426.6640182434677,11.098663297898538,43.85487347367761,29.718569814909053,14.361246694201498,8.174880911177182,0.6703647362194084,0
14.74411410283658,32.18501098751916,26.08520763008749,45.5001368901026,11.15932510706556,110.07585108979708,36.47182100132315,10.024391462737226,7.744252949852578,0.6182842101705301,0
342.79746570554784,3338.4004731275354,679.0085729008888,7635.862210492407,191.3167320278828,3435.864042369605,697.4982707609119,410.67251463995393,8.815594871436776,-2.0206235289030547,0
11.641029710993768,0.5573890712561742,0.0972903900934575,1.0529120069143585,0.0298427576689237,0.681444532584375,0.2704158105461568,11.10151365790674,5.053689723636657,0.0369633396529994,0
14.096560097628336,0.5361179864363567,0.1141049581300729,1.0376085075351371,0.032155717599655,0.6731393712199517,0.2792658194685797,23.04128756092515,2.022326549426781,-0.0173421623753545,0
14.664507271171471,69.35189324876217,30.558290362608105,585.7327026417877,11.458347813216506,217.04271538235545,39.84175306596865,13.996524451936107,6.444836132699544,0.0293610948101029,0
13.79807169850078,0.550072504788786,0.1115269436017969,0.9875304443176186,0.0332250449558771,0.5318646943920307,0.2700015925280025,9.034868048238891,0.0,0.035194391886927,0
13.237517763041089,0.507175091698174,0.1211062655115922,1.1100976979468735,0.0397978550990264,0.6442372327722471,0.3309382821472491,13.928718526881006,4.722980353808817,0.0319674660547784,0
12.319281173622922,0.6021823006939979,0.1322905671971687,0.91507785058447,0.0304065904086638,0.6362686290199024,0.2722121914282273,10.435870013569726,3.379871285442062,-0.0165053905162516,0
20.88539625037327,0.8735057388736961,0.7126119333191471,1.306387406255781,0.2394599028446351,1.2829384537319626,1.982729874497652,14.771881754760658,4.25637725371424,0.0813898109411428,0
13.265065573625431,0.5548703481143962,0.1154217339502929,1.0605908191057671,0.0347230227212744,0.6537996744118859,0.2689381950934693,9.495944093906804,4.831450720218272,-9.876975077879928e-05,0
7.369585496903647,122.50860902381744,90.08837880450535,503.5145830628596,25.20411741345975,404.7988061201889,126.52394285964,7.536704154499298,5.936406002656433,0.9383200615763015,0
15.565681596130045,341.43044397788333,138.87176102357157,1438.2451392570138,44.0304950065556,656.5458321207589,149.67729480523172,21.506916908784603,9.596824296462112,-0.0568991575689822,0
14.74042642046319,327.60595306840975,155.39506759009262,1075.7636319220585,38.84914704026781,872.2228555880324,172.95245742144326,12.094971654090347,8.984468799924855,-0.4081609241056083,0
32.56057245386152,0.437957811090862,0.0955099577482022,0.9988755025439824,0.0236775558833218,0.5601317151715611,0.2249684436491499,11.033034452939065,4.03422618363942,-0.00662483719211,0
9.443705250963909,12.120831165645864,19.557186661094924,2.43169796676072,4.435996051073002,35.57739189526386,25.640958523818146,8.925584885231332,0.0,-0.9403529612769728,0
13.96187213903598,25.70762026615061,16.151925064430095,192.709636967074,5.041052318474109,76.71851122140437,19.74713114432595,13.29754053673896,6.7818055048281485,-0.2370387201002601,0
14.229808257481636,0.7160937699844585,0.1129852520642755,0.9051170391823236,0.0253043637817265,0.7707297703494251,0.2784712808076292,3.698434488733751,0.0,-0.0174989177609043,0
16.162781738244632,0.5291962306755774,0.1053403708480634,0.9473436657414812,0.0323628278829783,0.7010389531321651,0.2872824407956086,11.433604139284208,4.982485292046463,0.0137272041944364,0
11.799104860212909,60.64280080615516,37.97282630927496,339.1047606320799,8.942706875261875,218.42709467142924,48.00256216573604,7.5379504776433155,0.0,0.3708881425926789,0
14.999867639176026,103.69739996384835,57.04492196777949,624.5686467309639,13.708829024323643,347.55967806620026,73.44440035151594,11.54997416002435,6.947437129538317,1.666133249556336,0
19.97459226262995,189.10637258426024,115.93216416568708,830.8092652000397,42.85739206180745,608.4192320934162,150.46289811177743,10.198386706789886,6.827847241382059,0.9034581531315872,0
8.965068716647368,167.31364949568345,141.40223337188758,1022.2040533905592,36.97460421457982,544.7856278130246,190.8605768167735,14.912702332377286,7.866079236531045,-0.8384429583960891,0
12.25106841980624,0.5236503667749584,0.1165587630735974,1.0114900056362075,0.0512626417339375,0.6243870224665687,0.4488085281299254,11.741053943976798,6.322022891435344,0.017446140642908,0
46.445862105493184,143.87518919937983,98.882363385273,549.1576787756953,30.450453075607392,435.5473175132456,123.96401942972432,123.60787585843192,0.0,-0.4521867982813652,0
17.301563102449894,0.5967893348346833,0.1489650678061046,1.0380385157071752,0.0385622905948434,0.6850342119893097,0.3700795510790102,7.193210986151764,4.499342707948681,0.0009608268014033,0
12.979760157856091,70.53971611432353,49.640641225033285,453.1092564025953,16.183593129436993,203.5299872954394,49.48118958614453,11.179476504813074,8.761265413709966,0.0298582155844399,0
8.820887725207875,0.5485199692483129,0.1184410358480676,0.975167659370352,0.0315709685795359,0.6913580787178129,0.2603981171574323,8.548641482485563,4.755692740920775,0.0023034996476304,0
14.123225433235078,10.325333595587324,7.720827724055936,44.60487617921692,2.7558862279940723,30.912856288319087,10.16449617325626,11.422896306534886,7.803090968667552,0.0723919438012375,0
11.40231149530448,0.4772791832702193,0.108611670292972,0.7940370177857176,0.0272138559764939,0.4703224309448034,0.2290266245553978,13.922595550520327,5.025342514216779,-0.0342540904684708,0
13.136542204868617,0.5429459303932919,0.1282393145548565,0.8711047304756772,0.0312602116336333,0.4017092107854425,0.2207828112064722,6.769569723574191,2.862849476360702,-0.0159731783910565,0
10.663815595030558,4.331710306968811,2.3752571696314466,22.140514645297355,0.8811784638265208,11.892569520858482,3.128027567702921,9.636284926732344,5.229442869269276,-0.0536720647258262,0
14.257571402696287,28.794067867369808,23.083528749536125,157.49381790885138,7.122053913629364,92.66111550329022,29.252120905982533,16.412432043662232,9.289219360847966,-0.0356785066550141,0
10.485766602285135,35.09337195089875,68.35584575161211,61.527239150836365,17.590871073845697,115.23634601686342,90.80103133960851,9.648599784827368,7.746501982670772,0.0487060629768157,0
11.006257564908331,58.73486595341824,37.9398446867171,118.74762876343505,9.410135620395517,181.9082225998901,43.5571176239806,10.83614466337114,8.090328093588926,0.0299297095150302,0
10.025546684290578,29.32877823754752,11.032996560580845,234.32292681263684,5.829818996600026,102.7901357631181,15.039966329125242,9.84222412227362,8.246809332924943,0.0361596982628771,0
9.99232272503912,8.414105643093954,3.6151348606581792,22.4559353075322,1.5096679303997904,9.92411475660966,2.875737315598572,9.576674574031586,7.7392860170223905,-0.0127172775308717,0
9.801678810013131,1.0661311946906549,0.8441263329934326,2.724297017867725,0.2904792570964621,2.007238361883392,1.1282294264819193,10.63839770108202,6.998164125563887,-0.0217593591697868,0
8.21686788053785,0.5352890399974501,0.1249044898487197,0.8726312884446488,0.0286784506301407,0.4796172988708838,0.2394186456237296,9.251454073012212,3.287005592883132,0.0014066758768113,0
10.02925074823034,2.2813259876572123,1.1203785570571398,3.2910167972185334,0.2650962970012626,1.3481267226194515,0.6720832072651289,7.102502436536876,0.0,-0.0016570773097434,0
17.576360665516578,1.1739666519703271,0.3934155491686057,0.8917396752380703,0.0220966712004359,0.7415590629425897,0.3556454874236747,17.97746407808476,6.466473337674513,0.031039172465422,0
46.81181807232112,0.2499155786209677,0.1928267081980157,0.4728393820044877,0.0320956079753275,0.0253924406950219,0.0161158097720881,16.7947968930934,6.149743613092745,0.0016037505584153,0
60.65744322460076,2.2379939517089813,0.6131530011403776,1.9216717558999687,0.3236828058081845,2.3979575039208694,0.7082579988399718,49.74545467116699,7.052170329744473,0.0068928298960069,0
39.19294927394993,3.419349903300959,2.788427373781708,8.07605961065088,1.2166353330274793,3.132991190197465,0.8131903562798941,21.92690261493848,7.172233790731356,0.0430976489054556,0
14.465749499038992,2.8604415639759275,0.9027997164020584,3.137381300299872,0.0899212316811937,11.771334460601242,2.3338518784729927,34.09000318867144,5.9746160435835405,-0.03704435020015,0
2735.7417432940147,613.7578274195885,310.94220812774114,1405.0360003512162,142.9534287475151,708.1199524721118,319.5118304896832,3579.580527749739,9.88275581612703,-0.3225755449346975,0
859895.8162094094,86319.7881807734,34770.839620802435,235660.4094970949,18669.697239408528,107322.68522801933,44205.05209208629,1088196.3601113071,0.0,84.1581168256902,0
99091.77902883948,6437.225318037974,2527.111138340171,14875.581664149517,1622.2747423994956,7116.175145844803,3516.133355434226,68303.46389199207,10.216187516111043,3.3125868390245388,0
328678.1993786292,18535.52378858079,9225.608698823378,51392.096091781736,3316.1685868784552,22257.2227962507,9670.03639864475,168214.72468511638,9.930387436146397,21.128650890428123,0
24922.61765579256,1170.4767311915425,507.8368157485274,4217.158404420124,198.35241637718573,1624.4222315702657,575.8135175472447,30257.83895172264,12.911448578740822,0.2062273681293867,0
22.806183966658534,1.0068424470825663,0.8930137547206898,1.1642646308789917,0.1633158719225138,4.4494709727804365,1.956608721303278,12.5966384880149,0.0,-0.0767643340853736,0
24.02225766450773,1.08029607468779,0.8404373449122434,0.8033732859177058,0.1991505980027346,4.856310202724702,2.2355765668750625,14.814749277206236,0.0,-0.0237916086317402,0
106.76325325736548,2.4018257579386013,0.8446024253608979,1.130660821873911,0.1176941951453626,1.9154711525408084,1.0272848699366055,21.2173889590127,5.978765212321795,0.1363885580382962,0
29.232898860776373,4.525081240188719,1.3587774202856966,2.699745939991646,0.1097616728554776,8.80774896696001,2.7861993926356154,27.055973117773146,4.412012928055574,0.1689559872103431,0
13.627384514074915,4.002989644108727,1.4142098503812772,1.6414473398381864,0.0997294083591308,6.417498766398874,2.2437696936447344,42.7202120194836,5.648462062536,0.0174848991032806,0
9.718601322884624,112.84921184955044,78.14791051722139,733.2125943758814,20.382128531534647,193.1526491557806,54.19047168869608,76.75004334233664,9.385915094084131,0.4186694579064987,0
3834.457529285497,2997.0254933325605,645.7869728339609,6292.267102433136,303.6568582258104,4460.988267110626,1098.462311656878,1403.761959169709,0.0,0.2279869896123434,0
1478.850116996509,207.7320772242374,34.823337885007426,94.1796341534014,6.306670695810699,47.12315210575887,22.33586152719785,534.2669234831575,8.030540008711117,0.0979021759028986,0
6.029932344842278,372.34570569922073,94.0511127112453,1149.0733051626469,29.283619497034287,374.94498480459686,133.85326919938274,18.90577189675016,8.619300408166405,1.7608900186047205,0
7.519346853249929,9.659311800866236,7.736982778285383,106.26640453267343,5.127462504766211,20.93590980820768,8.928436510396029,22.499517290903626,7.567182805429071,0.1196542234204197,0
10.30807356199266,219.95067961100017,44.756549885516,446.5730804926157,10.566868610176591,99.93299858080458,40.6172908325034,21.79895747817036,8.794922464413657,-0.0508717401024256,0
91961.44930889797,15938.35728416972,6335.044572310435,73232.36778098666,2881.630270265506,30513.498502707465,9092.39581434931,82659.0793132656,9.9839528258838,38.0897845885667,0
6.644486118407996,925.5160343934558,422.4581382625177,2541.243070747513,232.1184346233657,1005.6618468438556,359.5335217771994,14.765951791134178,8.893150909695239,3.5550169253781667,0
2.753805058337904,1492.694972699462,2104.879509409966,11370.68869592066,724.799527734051,6754.317730960676,2370.70501898266,8.484415397856777,9.5675784496153,-1.7181916695783992,0
9.023299295081378,158.80795924312244,260.2612699840008,2547.517501489549,86.7315531148051,455.2734183978224,93.61422010091708,22.287487970705595,7.8382800178264,-0.4742600320246291,0
6299.982723001313,1783.9483117593732,339.29543692633683,4862.836860922681,211.10360072052947,3968.3773170110817,1209.4394246905474,6348.213733967696,6.8863096240890185,0.4360182358602185,0
3839.561639216661,312.52618700226463,104.36215498187516,827.649150674877,73.82735802330144,324.3050437569437,90.7652331900008,3705.810140741881,0.0,-0.0328545891800993,0
49.39412419329285,1.087919390267568,0.8838135831338821,1.0046585847391398,0.1832635982206638,1.2376907226963307,0.5715732517810362,19.53442185952125,0.0,0.0539995385230587,0
22.06592091392045,1.3161735348642003,0.6299273462064557,3.3447447025571826,0.202801199599641,0.9753751386590712,0.360096997695202,9.120252768927829,6.362127164388178,-0.0397642790800721,0
33.30363058760995,1.3653958704097326,0.6731903470117663,3.2860795493009527,0.4127361405611737,1.0097952652156514,0.4994450344486658,8.64215353243398,5.873907960538587,-0.0365434806018152,0
12.701487794068832,1.1064062642387693,0.3923187909662482,1.7221318742335163,0.1956613150995386,2.8768593698166858,1.7568434271532618,11.833012479029946,7.012839922493143,0.0150968296657661,0
2634.984733810632,197.03557739332945,109.60234197920528,689.6454783449234,38.1591818335179,309.08462162515485,120.50368234032028,3488.9703224702157,10.13453153231852,-0.1157284355824265,0
177477.6519500452,20554.85422474877,10955.755777759166,66391.10231460593,5034.503035924743,31751.23754685745,13541.185159445937,300356.1688434352,11.772119595401,-9.79660074745895,0
99483.225503242,6168.229559175749,2617.435357711522,17383.837132243494,868.3616686322827,6014.810650506038,2442.738567797553,106949.42782154918,11.737124799266882,-0.7736053990059178,0
11389.08167477526,664.0252498047073,272.11093593691703,2351.328049332673,95.66934686491592,875.2374405493108,305.6578005719163,14717.32858903863,10.040009270003289,0.2910629653466255,0
5197.768565391631,180.90429988205867,41.85710939464753,1743.3511663296822,8.948172419590966,16.304020417171518,8.545245725972894,529.5657709113854,7.796329326260353,-0.4310045153364067,0
200912.86110749704,4621.829404808773,1728.0400142715523,14181.600380887638,472.5330850142408,3644.461807788464,1130.7997061408666,185893.30220456969,9.780863504063962,2.6608614169198104,0
9503.574425260043,162.90602555826578,79.27873304864052,1032.6987473376028,21.337378342635464,67.2453218492998,36.04512762889093,255677.5635880568,8.220977604639454,0.1188219136662932,0
4496.171954023079,105.95127405681694,51.48848021729327,437.7296196071324,8.511495882184471,16.95593741386063,9.33233441807578,27595.35206160399,8.871287274729184,0.0356580362222603,0
253.87128428224327,9.665430010879737,5.911044073938321,10.1309488203895,2.0527924981685293,5.681443577773018,2.7879979158191968,49.86461440926848,7.108285209378312,0.1527930144928085,0
145.29285717990558,2.866462713170743,2.6037449054077197,1.2427549201406365,0.2306170613676601,1.7981315998853429,2.869909068424663,23.650139849343308,0.0,-0.0428440252763558,0
152.7379895963976,2.8351387051643577,3.521645729381426,0.7389641968553701,0.2668148678333813,1.7137458490653044,5.074370921388017,22.733540832659845,3.84979448643182,0.2241117568817412,0
99.34798409612526,3.909797584818069,3.978174243664396,8.80661489187257,3.221553478001405,3.3707214066895625,3.1543558797083926,47.81115079733871,8.409522179433617,0.0171972030162992,0
35.98996459756768,3.2668520004713355,1.138058847462668,7.58846023960065,0.4544302642275278,3.6733777742512266,0.7578397923829489,8.795001597422106,5.69830102299772,0.0183192082217834,0
93.72363463455504,1.9934721332156728,1.138744629752029,1.7352747230660404,0.0360888604335296,1.3262248598372777,0.6200111165293977,6.665380600347289,7.2006637523548624,0.0434868878320405,0
10777.631033072772,302.81124927599063,3.343366707840304,6.706998189257699,0.1051069216870183,1.216179524128623,0.5803179475190979,39.653635095289424,0.0,-0.127650384638738,0
59.90079693069289,4.436411675482698,1.2244759835630046,4.870437801792153,0.0790581806602138,4.097256214725945,1.148404845457115,35.76813025825992,0.0,-0.0315070772088447,0
63.02263128224306,3.3732210738330863,0.8909430002257231,5.081231533410236,0.0576053131322585,3.358152588518513,0.9418357911068088,45.27442124895301,6.542841462137207,-0.0028045122526881,0
278.2429663820536,252.075608929682,47.982935405679314,615.5412534485421,23.572101415958805,131.17583877247802,60.33515638586786,221.23838778687,6.802281182276274,0.2458822121424806,0
61.92192789896831,419.5144627133607,153.36807727926725,791.9287082364976,65.1525106241828,382.7310204002185,142.85991509980326,55.20872415900233,9.088630412875691,0.404489398703222,0
79.29389884310297,14.162773403311734,8.003604133286457,39.09262901483041,15.26020922293034,39.9782595485888,19.837020534315464,1478.4420351014176,0.0,-0.1142609654140124,0
355.4391145671991,2385.494232812687,569.0826079514742,4158.113255955838,184.734548401682,1972.0392482508853,459.90406795251295,399.93216545880136,6.833719604410868,-1.1674259926270087,0
134.636335140457,11.114718474666509,1.391822206817668,20.509116474419816,3.743311528859667,20.290065122517905,4.589320508141689,232.49477133615812,8.830280250522561,0.02115247426635,0
51.52401943400145,1.5525590821248063,0.3975817039113203,3.355229094121816,0.0616614995024572,1.6136115529726818,0.4159085822877648,52.53793591277093,6.86872825276163,-0.0106158616700919,0
155.63968977027784,1.8872638107584832,0.8227531265671052,1.854264918379125,7.535521916698707,1.1327041250662249,0.2749558599952003,4.686434034722389,6.894226714881997,-0.0068594674045263,0
284.30756227060834,4.185238339526246,2.6484247238798044,17.23778654907662,1.7367048017108984,5.17964691418666,2.2542729949497136,139.1037401195032,7.636258239434795,0.0257681106036954,0
124.56674960906756,3.1232910772565377,1.1497215665044536,3.667999824958928,0.053832137537998,1.1614344027260786,0.5979127238791465,3.5654397906286226,5.8691309637399325,0.0283321495244852,0
145.40604098260306,2.5946346056946985,3.7622821898806738,2.42723914382146,0.0658175929734756,1.0928350820454202,0.5683478543621151,3.8388644235237774,6.91965351389613,-0.0281942473440471,0
63.82720758332214,5.859157853275709,14.176892719613653,71.93702679222079,0.288764356073539,4.547384983054754,0.4266829076589653,184.57769077258288,0.0,-0.0038926256349692,0
21.30833997611724,0.295908203342118,0.1919872156451765,9.839968280898356,0.5602468589420463,5.808375083438494,1.675951068909704,277.54307905577963,8.428578084656714,0.0003211351273387,0
27.44872775153848,1.8750303070164829,1.1971724394121148,0.7774049506355354,0.1464002968026964,3.8667505955832815,1.194235894193832,8.913520266906417,7.792497917121903,0.0101313152180499,0
62.67026085249919,5.691225866557468,3.914450991994919,17.216746668052796,1.7818335374353826,4.5816996449126055,1.7870196951011046,14.079033050692734,7.487221050382956,-0.0037417708829504,0
15.15748948762835,11.781508612572257,3.583141474220076,19.04288743785448,0.9248711113032556,7.75916331090659,1.2445091116230145,8.158881730641934,0.0,0.0056119328108596,0
112.58328695775548,0.8789837718222635,0.1542663077838128,1.5376404778273187,0.0420088172792652,0.3256345354123243,0.1625867571759087,107.03719176243388,0.0,0.0061353570363779,0
75.77886531590926,7.483012232602693,2.911568053625968,17.70718185646327,1.7982566486062703,11.313313298633288,2.383701863809083,29.77862347490993,7.6078977294884,0.0596357255949825,0
4.4485595121722135,0.9097985694825346,0.4320920716781845,0.4391662783908336,0.0740673277320257,4.082572493243788,3.15360579287427,4.4385709193268985,5.240954413664892,0.013027717741928,0
9.36006275086726,0.9591956747843136,0.5249315402517792,0.6071422907695455,0.1002952558263799,2.9957944092208875,1.6469720938570906,8.224233772682544,0.0,-0.0117557043803941,0
291.83983522960017,3.0195057148288376,2.0324830748446323,0.5415597490233175,0.0274562838687184,1.3654205247922746,1.2764690037705395,5.213927454204742,5.227950776589894,-0.0008555297098377,0
59.91859033521549,3.925168421703428,0.7692574410934159,4.739267987692285,0.2847187254717194,3.7123264947598735,0.7630169922193576,34.51033028537742,0.0,0.0134776914063695,0
12.853212593144764,0.8303297915091981,0.251635182108378,0.5682312569591145,0.0415725140530359,0.7140606370341247,0.3058122746963117,16.32510562019203,4.733631003976015,0.0044003262361309,0
13128.382486722892,1155.8935642957042,408.1543350723905,2464.785277310495,153.78451231995672,1068.3062929155333,444.307067152536,17482.2382944503,10.463416340488545,0.4826926130311378,0
286815.8949211182,5369.857671427482,2871.857036205854,26623.64962738602,1265.286542548226,6604.665075051518,3065.5672595634865,320941.0992719118,8.138059948082736,-28.16915911303869,0
8.287454183708316,2413.680737145117,1260.785277518078,12371.79626019298,412.3008259004229,2913.502424712076,1345.7314084001066,13.910187659565477,9.306704857888755,-11.727968651463296,0
14.541560527227288,832.7494810875055,686.8480068765226,1443.4642792781824,209.8594006485128,1356.3465271886505,741.7120290088992,15.270879309013855,7.551923697039392,-3.4446358059122963,0
10.820740827618618,1154.2313918882676,471.8697311141381,3066.515419265861,661.1661389442507,828.3934792377437,384.424779334652,19.361942565586293,7.906119218602799,8.36090253180216,0
11.098946168546034,10.894127355274431,12.597457003326902,60.55371782098962,6.40858412860551,29.82436876467468,17.85635906444565,11.455909053981363,6.852083430816845,-0.1216948214946173,0
15.591976347167575,70.49510549378203,68.3608412517313,576.2771001161506,16.25537313496905,171.73805195828203,80.74067181655822,12.455752339785375,6.865590739288362,-0.2749747516495176,0
1812.932588951072,196.4796421583768,70.1073851560973,551.9836489259108,27.96057112244661,247.0092484192568,78.76810610178883,1482.908751725085,7.543763886013037,0.1154787441488702,0
2602.1031441195887,2149.685989267119,302.5220880463856,5327.609312897955,197.43199500053765,2097.443411126505,297.67283685673704,2518.350145056971,8.948330838485631,-3.6357917276901626,0
11.623160816715949,990.5353518768164,471.0660661648812,2779.8750521867573,134.86450609178374,2116.258774928797,618.0754367042812,14.032580440795307,9.804404804215627,-0.929129862760407,0
19.80443878240911,63.766708174912246,22.39491558826785,346.46294225347185,9.495952721705637,33.85977583144549,8.59424349054968,20.15120479444699,9.826818413434566,-0.1274150928126949,0
228.8733088107897,13.170092404749743,4.713794573493376,34.275178330301706,2.749031601647512,18.5393936825472,5.489973465262327,356.18814153909966,0.0,0.0704631089980997,0
19574.86537962991,625.7555929891666,426.7933381993,5211.029223779421,163.07142035174417,1438.7548691393326,531.7678913729886,44483.871164766526,7.575293296092129,-1.5129659666240198,0
9.555870094421564,13.57343849559084,14.359119121453933,134.74091397543847,4.652578485384707,29.11635337559764,17.505029317900785,19.219190266669,8.134584791633294,-0.0403181027377617,0
4214.261850519679,666.8565745885352,558.4607804550296,4615.970566695348,173.15030257549927,1257.882000946773,664.7203776384566,9301.83057368645,8.306140674556852,-5.455855670895027,0
1900.941176772165,171.42064230733473,75.48390653493709,523.2544705558421,27.31258742054144,247.6883680237912,83.86751703730486,2751.0622732730244,10.745077133142722,-0.0650793675166777,0
13.172039283812316,0.4424016312115311,0.1287926013798157,0.4978159675008205,10.024533515259348,0.330157577687246,0.1115194612514363,22.352611800168106,5.429810929848884,-0.0042271914366775,0
17.12880109849759,1.055055204240213,0.7106185428119103,1.8212139591197696,0.2605236479397428,16.745554809840566,0.814845324611491,5.869821777247632,8.144247553683577,0.0198330738079215,0
18.030077933498973,5.4309724670273205,2.144890616774657,10.148752044615213,3.719679012690596,8.933545735115844,1.4481781484431533,9.930638665661926,7.72687337780132,-0.0147526005768051,0
37.686297061335175,0.8003182122757535,0.174965057960252,3.0252758075569885,0.2411522853581821,0.4976115399548829,0.3808525415925794,14.706081635831266,4.982308090302143,0.0827960247877898,0
90.52560262163136,1.023175296052194,0.4454313528381875,3.70668679706241,1.6833828091359293,0.6984978378155619,0.7305954327194342,41.961090718544696,7.935674171548865,-0.0089758114583633,0
23.71703705852014,0.6117131283946886,0.5030035149227743,3.858192842463005,14.747781578742128,3.946579656713874,1.2484894005110272,83.98975750198521,6.865276768337844,-0.0112470387244569,0
53.648127443893095,2.5806110651053857,0.9049275257428846,1.5554291047207724,0.2023220097625464,3.4904767135652577,0.8496550621098069,46.20552053466496,7.960580355864039,0.0151479030512657,0
27.71169836659638,4.086634165260199,1.909399071660272,1.5181281792411785,0.2033773969779071,4.285586155445915,2.175138043077756,21.474436472355126,0.0,0.0072864805401717,0
14.87403164020568,0.8865559485992855,0.2760873107536957,1.0210514234478067,0.2080958589291902,484.77137627586313,1.256865708426169,30.687918211653965,5.950600662070547,0.0416193410583776,0
144.7188774220106,4.9945888780917205,4.405010396911743,8.048386278114487,1.4420044357333772,11.573663491166492,2.88907631347598,9.214945064562636,6.467930803660405,0.0081663803690155,0
27.232815426714872,4.93348004207389,2.273716980758315,12.504200663242733,0.6975968615305501,12.541503784956651,1.919548511098044,15.752746973913482,0.0,0.0076759391977934,0
59.123058962272815,4.816158297821851,2.5502864907941345,12.435392641327072,0.7235291025526647,10.774194373873144,1.7693013957079788,21.242251617425307,7.468132744472808,-0.0107979188817164,0
1728.6025191914816,9.471218360124505,1.5742982381023098,3.5310913992477264,0.2969659485094262,6.343885937395857,2.050569025096688,60.268778997542285,5.34139186251113,0.0524522738655022,0
1056.893033975772,12.089570193673136,1.6633674375250775,7.290252545676547,0.6174836834318682,6.022586945402978,1.9331378242879045,70.34951434774413,9.352499355762651,-0.1296502127181584,0
403.92554145417466,3.688327625470981,1.4984954572879825,6.591997854746138,1.1035604666461392,2.1654083043894072,1.4490837977736368,11.4922909417246,5.379806201750206,-0.1570084093600847,0
416.6567633397957,5.226811127287723,1.7442651616840568,9.207738366220736,1.1210125758560947,2.75525240908174,1.5615845901705274,8.61196412191136,8.459626216146075,-0.0831753403541556,0
45.72180943801575,2.913427271020453,1.80357119515254,6.725194112833169,0.4935215928978178,3.4546844488584427,0.9828995605311576,24.48325650940768,6.6883278145104255,0.0411874223987432,0
48.02603165250442,0.5606593414424955,0.4779793383698408,1.1514769952224808,0.2082615496865972,1.0605632676265944,0.1870462733794025,84.95899748257928,3.867918661215637,0.1175562893825838,0
51.13614199221354,0.4740015670666247,0.2706044183129933,0.9125450022584928,0.0757752405898166,0.8609374737061131,0.1820256252390014,101.35123747658442,7.220811534237999,-0.0281204462382504,0
251.82659928572,2.685871638871937,0.9769386528779526,7.06769620049769,0.2035339074544754,0.9977872780838444,0.1919011409612436,133.8941597260872,6.498057675362303,0.0416176201719733,0
55.35513509666604,2.222383943459892,1.1419882259133205,0.4777334968860074,0.0509044672669069,1.6143770603199,0.8738470383250916,7.20038111677341,5.240621444244538,0.0677776448404705,0
33.571198000775595,1.4679569915959392,0.7661618023307781,0.5246207153528694,0.0441284853647726,1.6302084810122954,0.7978528195400921,8.879288114650628,6.600216657874497,-0.0110294192935926,0
99.78322969551014,6.024944635016309,2.152427840965646,16.20050386680337,1.0108930381836885,10.224139322655091,2.220709572470921,13.883494826141977,0.0,0.0363459407888007,0
621.5503452960354,18.990670563955423,5.433447367142731,54.90068161680896,2.718479252966681,21.62384584449936,4.620887139315656,637.3416972455713,8.859867722561681,-0.0244878554943744,0
10.88701328989788,1.5548446789168608,0.5039423276084328,2.7691354126587484,0.251214554726548,1.253107548640739,0.1402648606713597,19.340455994869508,6.665219612032797,-0.0015375336815777,0
13.069852281141506,1.5673262639321226,0.4800480464271167,4.618343963447617,0.1396717801288382,1.2052037952654848,0.1472990265791763,15.657244025764973,7.023043957909826,-0.0013160627658184,0
174.85445949835747,3.2224211316226987,1.4611758789735765,5.101719921421965,0.8414295024074248,3.1200685086860687,0.8296719763076231,14.027320107072091,4.616085213625015,0.0491486328175484,0
40.339748236724326,1.0856474655321031,0.8649363898033801,1.2037480876417652,0.1426368486111794,1.71450584244158,0.5223735034151583,37.73012515695636,6.9913708372808125,-0.0020508148825725,0
101.09537647605984,2.05041531586144,7.317120831275247,57.31726188583947,1.5701807216870554,16.072500068909058,7.244389708857597,579.3969639819775,8.025339749985491,-0.1460991848080527,0
145.7009249474853,11.224826300673213,8.932129247059438,12.9669359286364,3.6381146693866366,10.795987720247352,5.379160751749797,61.42809239313303,7.93523807024112,-0.1315729139944338,0
91.46369483269484,9.513900879153503,7.308666957724912,10.124919348857588,3.143016747588101,9.62575311143818,4.316266496523789,43.871532222767065,7.590081085896487,-0.149522613176511,0
858.7288904987927,3.4268002220686653,0.8900073539142279,6.25223203165388,0.2671584417868133,0.8854378600239421,0.188119726834647,19.529354271608387,4.617970694256702,-0.2257462815188641,0
122.81590985742136,1.515079045583695,0.6079221196358587,3.0216671175666474,0.2491659439348918,0.8003659208160911,0.149180262085291,5.8898545735478685,3.8743127224596097,0.0543654709655728,0
156.40607331899244,2.1485640979835003,0.8045958527025104,3.960177053675665,0.4555407605781136,1.0119255395417248,0.2986128745015997,5.1914934802338255,7.962834124601176,0.0233938759660417,0
66.67463565862728,2.4882423559468982,0.9797032184517444,1.570648067550376,0.1206199856724763,3.473287149249348,2.613401905419339,21.880441531147035,5.314586063461505,0.0371108195666992,0
84.23934876696319,2.3694456787486287,4.050344280672552,0.7535128410600551,0.4416062862887,1.1817461524953976,1.2486467943333752,25.6129224413545,6.748195671708574,0.1113094812078503,0
1220.0809637973489,100.97457347505846,0.5471030699915616,3.0114946216038496,0.176774791947861,1.2874139777629536,0.2977587516867078,26.21400037428611,7.322624580875325,-0.0157347137043376,0
19.879226411288915,1.2688763562111036,0.4311829989896298,1.120551111581659,0.1140188557621028,1.886964575686592,0.6877583804543529,20.73786982542464,7.123968335711048,-0.0066597639257823,0
589.6955353115658,71.9684628022657,7.545028471740459,44.68982354376372,4.070197506415036,29.13172452549876,7.191705588167912,645.2156758875327,6.3894282224374725,-0.0080886300222208,0
255.2693022420765,3.8669526207389415,1.9839627100070731,7.584271261228326,0.191999587857189,0.8680149858404776,1.8614595422338704,19.447660850346487,0.0,0.015682724721992,0
84.11020291433188,10.790789357973075,4.115265952373,13.98444061355366,0.2410197887024281,4.059509423971221,2.067849615998317,83.9369716630762,3.827578589421405,-0.0635556056314221,0
15.532276872572217,5.171452144675175,1.2221445515669391,5.383653960582343,0.1108400842421294,1.8652928629426704,1.0856879549584428,26.81321541671664,0.0,0.0215515465707206,0
100779.1848203462,18438.373314126013,3336.855790492706,21326.576870156383,1753.0729967236305,5860.345822036688,5908.450710881772,36292.70113710757,9.809685117710586,-3.02831153680932,0
118.80314313733528,1488.334141604868,802.5385524587042,10153.575438925482,167.82758552846528,3178.28455808937,481.77603279491495,32.36720560926841,9.9762785740702,-2.06559464973969,0
1521.0253009808291,495.8353799396628,24.824024903524148,213.3150930513811,60.41010935066882,315.83296950932845,194.64831320809415,2262.329231892207,9.015182785294726,0.6223503732631016,0
74.05063752320838,1907.841497624388,772.6114779662178,5621.209819857941,299.6205935841466,809.9129418125442,609.4493192983381,54.8622332238496,10.193582064532034,2.8217236468992364,0
79.41216539664829,1248.4073234327084,655.7290223388144,4537.771710406971,310.2135965673677,1720.2711160095191,706.0155177238939,53.02696260448037,9.54584472165326,1.69064587524979,0
133.15208022021142,4178.531507285162,2110.3564221639517,17775.823432955982,495.2208896388938,3944.395609006855,1467.975771736085,62.74984136459605,10.397383504036693,-1.756872388562419,0
3709.4237640730535,235.44594829939845,31.911722753170228,261.1072219261701,35.27257439317168,25.43700692294853,112.99624358978312,408.8200092722583,10.979493937056583,-0.1224549282438644,0
401643.2730427905,20999.07912335198,2510.51537160074,19623.506326578976,2842.337090725481,1789.6489152596175,10008.26754463591,28610.48286915754,8.69210357500211,3.6089127565474906,0
1123.0877281914309,139.86300117696726,20.01624376880069,220.9236704393525,18.32967818929197,13.326496272150646,53.59285818952321,110.94776298786005,10.52960131862744,0.2584795651545613,0
6586.024642233995,412.2627097467416,45.52311142521933,349.4099227852418,53.59534021405479,46.49269925093906,172.9869259163258,1515.2601349643674,10.089225576931318,-0.2325263962905597,0
2163.4444578580483,377.3162331558452,49.57285367934282,420.118202642981,76.48932860210662,37.74913820512185,296.7242851308445,754.4388166065003,9.015044823250973,-0.6854413237469505,0
778.9657059982036,35.032785579135144,3.1253494153463657,32.70212567678859,4.363711068170688,3.075603267395949,17.167318911353508,72.62695262686354,0.0,-0.0013799702572481,0
431.58614265633577,16.164682705106713,2.0099046907309126,17.294609349070587,1.9377437806223263,1.142996914690831,5.546834321746818,38.32362503496662,9.913560336937453,-0.0350836767384886,0
26.400804916781286,0.5392266056912558,0.3724644937970064,0.6072960908096376,0.0170417132214769,0.6968616185796509,0.1474951683268548,51.97210546215982,6.574114289892808,-0.0001010000255912,0
746.8884077475276,30.70037256975512,10.710084145700316,56.76134879421991,3.224157112110678,30.963110414935358,10.642585391327742,754.9935826366666,9.866058434772311,0.0088790556075688,0
0.9506869234699704,0.3303074638122153,0.4119573092504377,0.2024232411114458,0.0830647343504031,0.4340236077178834,0.3723615059918777,1.2526591561818543,0.0,-0.2029312404455474,0
11.058026320679188,0.5018522508826865,0.4112525702600445,0.3582456861700205,0.0646912598543904,0.6177839909905792,0.2919127700429895,3.618303043532877,0.0,0.0778696890715318,0
44.6401993665891,0.6308875735633308,0.3048070426429268,0.5972198956140907,0.0147230405054962,0.3936164760479989,0.2037336954525042,3.412996378500779,3.5439416458446367,0.0222281867312627,0
3.3906090689803063,0.5095717418566843,0.1587213447594452,0.4644967444399049,0.0031533351712867,0.560378635692879,0.1215084091201679,4.708179225877403,0.0,-0.0103891133669988,0
4.335126353811817,0.6626948378712518,0.2718255116655157,0.4455308029222442,0.005264662983481,0.3798894672493994,0.1115623364905385,4.981099597019316,2.458162137046933,-0.0132122316434566,0
4.222520701518002,579.6737899416831,342.5163202719957,3693.6500257871694,124.4638529959512,716.2493086236093,212.7983962938123,5.31285409114553,9.391666159785183,-0.4744385599638181,0
182345.53883233,23709.806223946915,5378.606283908101,111484.9737488034,3198.3796780017988,21571.46986504641,7820.209974524608,203134.4275990461,8.563235074320747,10.55343591598235,0
27684.098866391967,11064.877596275555,5019.267677536873,58498.656398087645,993.6051990500116,16221.545452165356,2835.037571142271,17860.310130371327,8.817132669163511,-16.939645446957602,0
4.439419572837235,0.7867287280893416,0.2895938552040512,0.6817100354029043,0.0033210107327231,0.4609028877653384,0.1316841058648403,5.95661244083229,6.659700269392966,-0.0059383910364889,0
31.17927431900057,2.144623164948744,3.5468669196019165,0.4059416171631001,0.6928346415697191,0.5080626138924523,0.3656589713650309,11.339465856445596,6.611642334334774,0.5492101702850876,0
15.806527832925706,0.8370008536378033,1.0813320467047882,0.2588010590114886,0.1279840702869724,0.3835893032754976,0.2815376942547612,3.524870064813284,0.0,-0.0924506717579152,0
2351.945007446872,78.19705729912764,5.6562167822597145,405.2803040724386,24.06949528436205,64.48970932746704,27.77912704729084,286.347707454047,8.569870911932604,-0.3580825716581961,0
22.874585981374786,1.6258670459358124,1.6710013022972772,2.6178541645740268,0.3020041824689158,1.3956499192363023,0.2898755978451655,6.336915084315067,0.0,0.0310623025719057,0
3.0502277119143906,1.4994632907821277,2.0390039911991944,0.6735582224154567,0.4313377383744044,1.9790040104014324,1.683005134167275,7.0115235136595615,6.3322275611900345,0.0245521261374677,0
18.71648618750512,0.0523822548551791,0.0218034495886714,0.9339358252752454,0.030292593093431,0.1692941200400422,0.009431499005211,14.621344350598838,6.171143733033412,0.0005427478991693,0
12.245719261519683,0.0383945508298083,0.0174376714863451,0.3292338049345638,0.0127876789050339,0.040347847986448,0.0068951488297126,13.128606172038154,7.0659551123894655,-0.0019783583135448,0
855.9569866444876,55.37853620006343,311.93491186587937,7.17236916008934,2.9330689107843906,6.078302967348202,9.342786968825427,515.88222821375,9.590842014516356,-0.0488946659075926,0
652.5936915954455,34.960523051069195,13.0860395450948,7.377661869920107,1.5605645770620138,35.63637110724417,6.660042219627208,542.1684838939352,9.411592470527284,-0.0083638492947382,0
767.1267314000527,28.454161377429735,13.38591057221518,2.48413835200154,2.9203932716252075,28.87165606654089,9.747670571050213,147.02172714262983,0.0,0.0668898038940904,0
17.712180546905127,2.4741967693581666,2.4842791072102344,0.4037724713084634,0.0957822198770495,2.0517406818388237,1.1863861496417607,31.664163217925445,0.0,-0.0772008966291332,0
405.4270769038793,30.05684759182721,11.449672851327946,3.861093403356801,4.042997016742515,40.85391392073456,11.680442334239215,470.1444522855258,9.087343234632874,0.1587439506083128,0
548.0322168144961,79.17928989475972,4.496804526842554,29.492577459930175,2.0140381784704635,19.330193091639345,1.5128671506002644,37.22190380322206,7.745421205179781,0.033426438275379,0
125.95103517588748,7.431123846552255,4.0747726944108935,8.796360680299793,0.6295935937937025,6.063787905206588,0.625274050735192,16.023454332697906,0.0,0.025088041082163,0
17.210638794105268,1.0930685248631071,0.5156472674945206,2.925289384155517,0.1792133523625509,1.9127293529153453,0.2292309084484224,8.696383650414804,0.0,0.0011203260320665,0
60.17934754882132,0.9184753133742952,0.2531115065809035,2.6082225843529288,0.959194212193302,0.2344471951113152,0.2295614252521305,26.59939646115009,0.0,0.0112037665091874,0
25.51515573852298,4.509292123115618,5.972785753892897,1.0929592925800962,1.3736087229376608,0.3303775065437534,0.1613878687979449,2.3137356852804936,6.917778862688242,-0.065779043576049,0
17.3659832001934,1.6613055225643008,0.6767321553904111,3.122374735055993,0.2555473662811969,1.694316457149084,0.3863903049856472,5.745291497340889,7.535172594823643,-0.0197039695514115,0
52.771670716416,2.450232654096616,0.90628080489241,5.812867478309588,0.2687578321300635,2.539142950458264,0.6331003755577971,7.946701243225554,5.737304557896769,-0.0306518636429862,0
39.91434109230472,2.781994569736385,0.7082573485353244,7.783019075725446,0.4047314148419511,2.89445632484491,0.5768566897722586,9.478884175299791,8.106858983142798,-0.0432602123691419,0
31.578631828220185,3.489989622036137,0.7631163290755708,10.62492578344189,0.2747753595459589,2.789085854642165,0.2759704536253744,10.671641460426162,6.391385816958981,-0.1077455894116874,0
66.6084013355036,4.202295021696323,2.025479694029328,12.638251679386642,0.4044180092467985,2.7307512621077383,0.4724603861208896,16.907511654553403,5.694497425415896,0.0574207109521152,0
19.231222563489087,3.1504130070186527,3.231293590004193,2.6378090288197904,14.532237559191923,3.963413870712304,3.5951196294279737,8.355286731584453,6.258299431675196,0.1784761069289285,0
20.07880230050068,2.9066741141939683,2.964213837434224,2.796480555923381,16.02993053241778,4.440378427243836,3.834906153307917,8.29285390966072,0.0,-0.3393819204623612,0
1524.9712487721756,7.225325132603654,2.16014910174044,23.08870797644258,0.6723341396517887,5.39003135971679,1.2913815937526143,482.0108202498905,7.28513136404838,-0.0650778758749877,0
51.59911338811072,1.614855099160388,0.5594155916464961,5.553486826005425,0.2222162842741977,1.865817166420948,0.2783466079746657,5.073865192506986,7.893606357265928,0.0107994279652755,0
90.56045681386624,4.439243966902715,3.591322608049821,18.08093967569845,8.599039733971406,4.587785138957477,2.6754760841288423,55.93292457400717,9.624093310169744,0.0333729988541518,0
273.739613250133,7.772086674487634,5.099754814153724,18.15012289086569,222.64616670479705,12.754150965382324,11.59844479512834,204.3613748492959,7.743473498804034,-0.1867377566261765,0
328.157387058587,3.925166443707357,0.7994733815150106,24.32731278215505,0.1995777520556508,2.426326359058635,0.2854565513253606,25.26222483118386,7.301120847750172,0.0080382141524127,0
161.1721290834651,6.123515312285655,1.9304689618171695,28.532365188172488,0.8382815097549521,3.0185788081177307,0.7857783297262628,13.979094933457114,7.627616432551628,-0.0136373167819849,0
56.518965332334346,2.776429613898024,1.053123052946888,10.661274749107095,0.518191330229171,3.4956725884747053,0.8130621204281082,12.476752589659664,8.303199710190075,-0.0319919823509292,0
0.0372482909491953,0.0094088143913199,0.0071428845829111,0.0086514519783884,0.0079709080062515,0.0084726173310126,0.0052262765082822,0.0372051205126515,0.0,0.0047289022940898,0
0.0432250887870798,0.0095963585080517,0.006977423008327,0.0092101486363332,2.6036600412226862,0.0093949096781678,0.0054846412755495,0.0376070045155004,8.967407802469372,-0.0108267020835022,0
0.0259452356295218,0.0106094063085711,0.0067126353173684,0.0084337085505056,0.009163814602057,0.0097084156305148,0.005203904121116,0.0253593400081934,3.1024899676267244,0.0069152285742899,0
0.0262884607582613,0.0122852834704559,0.0081738355108002,0.0093905698659896,0.009568250006729,0.012131389438386,0.0066213943365457,0.0225746224515534,5.052370176220943,0.0018511438394861,0
0.1091784584057342,0.0427279227627078,0.009809020324481,0.1235287954485022,0.8354041325114713,0.0366665654784567,0.0118798859291143,0.1059382760070306,0.0,-0.0176882682360205,0
0.0809701992680208,0.0415267257274351,0.0098978833620677,0.1156682764281172,0.0135941406991083,0.0372620619693218,0.0121193458021775,0.0647675482416257,3.659982826236426,0.0215678089567754,0
0.0983232627509115,0.0404731126365249,0.0094077368975924,0.1164743884012787,0.013515527727174,0.037727594525221,0.0119393503137566,0.0768975700666412,4.011429035631397,-0.0039014341734842,0
0.0668428390761199,0.0371222782297853,0.0088272018702568,0.1058435625974182,0.0121932756658441,0.0344703659198491,0.011004613004363,0.0456611822541518,7.14436792249046,0.0052640564112704,0
0.1812572120245157,0.0171790619489705,0.0061198121515187,0.0481914960886762,0.0107506687163878,0.0199893478875332,0.0066809593490911,0.1417499556171836,0.0,-0.0026265200191142,0
113.84918798517374,8.345865137685182,3.2576852696202407,17.075235763711444,3.909654898036052,7.569236380237327,1.893280337719216,8.04668119591561,8.964493863752377,0.0159143781447821,0
261.16137694281485,4.734520413070914,3.4696536828699998,9.871132288610337,5.102980390935629,3.902941479075044,2.9701989353765885,30.12693834622633,6.047972682162856,-0.002106620069525,0
38.18149265104008,1.1149092762058015,0.6266164342441525,3.493354919963062,2.4353808254863263,0.7080722369803809,0.4788833393779149,43.642752587553865,6.998176136967793,-0.0609449679035636,0
25.84802952839828,0.9565163601200986,0.3055014136348927,4.722827756386317,0.1328927112998227,1.2663383822061856,26.53275988836972,25.84815894943961,5.701092813582023,0.0600364888481983,0
213.9235038069605,2.1029874813284684,0.4906776042114359,11.457604808387195,0.2455085595155108,2.835934595454917,0.2577169450392678,66.02370813297154,5.945688289303429,-0.0088332113063187,0
29.135160210279818,1.4075364518686506,0.9491756849116642,3.008407524153944,4.266284252196453,2.3597981378342427,1.0351597311406278,7.581272904101911,8.17151846956512,-0.0693445578746498,0
109.93473237138242,3.970754426410651,5.530697194709912,4.906459721025657,16.10582663939026,5.465110677660677,3.1696653001598087,45.30131953394618,8.399695434320206,-0.3129255254126457,0
146.1259365239899,1.4702966371580883,0.4619751123066851,4.872921269301696,0.055730635725579,0.5414385257549688,0.0792369007005734,31.7709822727281,5.75086872261682,0.0197246256229666,0
34.577564702418705,0.3317882574410919,0.1297199277388326,1.0022831813829012,0.1263727813559952,0.2851283769666201,0.5796085565359178,9.020823801079876,4.511436364393013,0.0037168940139267,0
31.90327502592529,0.2961634475805667,0.0986868930431643,0.9397103529677864,0.1259621746749938,0.207461523062055,0.0618159763145636,11.497666524099715,7.060069871004568,0.0035989569502625,0
11.409495820599249,6.1799356576873405,2.290831779026377,10.728032911052962,1.2381065576840242,12.349608223154805,2.6365267471165867,2.0477280138956413,7.83660809670315,-0.0115230178135563,0
16.07991860061315,0.3665723823388778,0.2384850053509846,1.2680166988991826,1.3641082691112767,0.234616298104588,0.2778669954798939,4.3950037175364285,8.834706453158644,0.0383209641590425,0
27.70073918282268,0.9026153772194028,0.3357180130698265,6.4821796515610615,0.4949404880925303,1.203381422522668,0.2049061669887149,15.206157811523626,0.0,0.0265600528128723,0
93.57301150983032,4.980544772604713,5.112090625005067,6.8534412285459725,4.29201518464472,3.876168905221789,4.428046884285648,48.33489069221277,8.233598545798953,-0.0072593171875297,0
15.523587297325737,1.2680677446380793,0.7723790592557428,1.78212984555137,0.2751933627551441,1.189880000519007,0.6945200105599613,24.90411933076733,6.937945573708593,-0.0044877431012842,0
17.58068418429877,0.5122729133399869,0.1329991879031679,1.001837419639436,0.0123240396153174,0.5034006875457386,0.1492660393605435,20.468699443806862,5.676019178635966,0.0058594371578873,0
35.847315373862635,2.280252302595532,1.1597896203104217,1.2035023915535603,0.182661572393267,0.8679118294184843,0.46491777602405,21.73300182027378,7.240419067491268,0.0496486800945786,0
26.29962629934517,1.0204522501012483,0.4911278500779737,1.185295097097658,0.0251759688485138,0.7596084287364412,0.2819907393986445,17.401308836433106,5.899676651788254,0.0409944356200034,0
